Pump_ID,Temperature,Vibration,Pressure,Flow_Rate,RPM,Operational_Hours,Maintenance_Flag,Failure_Flag
2,104.04,2.495,191.84,9.671,1986,0.0,0,0
2,100.65,2.641,200.48,9.465,2011,20.2,0,0
2,101.22,2.794,209.5,9.929,2036,40.4,0,0
2,101.75,2.951,218.92,10.415,2061,60.7,0,0
2,102.22,2.924,209.07,10.926,2086,80.9,0,0
2,102.59,3.077,218.48,11.461,2061,101.1,0,0
2,102.86,2.935,208.65,10.899,2036,121.3,0,0
2,103.01,2.792,199.26,10.365,2011,141.5,0,0
2,106.57,2.65,190.29,9.858,1986,161.8,0,0
2,106.48,2.509,181.73,9.374,2011,182.0,0,0
2,106.26,2.371,173.55,8.915,1986,202.2,0,0
2,105.94,2.238,165.74,8.478,1961,222.4,0,0
2,105.51,2.323,173.2,8.063,1936,242.7,0,0
2,104.99,2.41,180.99,7.668,1911,262.9,0,0
2,104.42,2.272,189.14,8.044,1936,283.1,0,0
2,99.79,2.36,180.63,7.649,1961,303.3,0,0
2,99.19,2.23,188.76,8.024,1986,323.5,0,0
2,98.6,2.111,180.26,8.417,2011,343.8,0,0
2,98.04,2.004,187.13,8.005,1986,364.0,0,0
2,97.55,1.907,195.56,8.397,1985,384.2,0,0
2,97.13,2.003,186.76,7.986,2010,404.4,0,0
2,96.8,2.109,178.35,8.377,1985,424.6,0,0
2,96.59,2.022,186.38,8.787,2010,444.9,0,0
2,96.49,2.137,177.99,8.357,1985,465.1,0,0
2,96.52,2.261,186.0,8.766,1960,485.3,0,0
2,96.66,2.174,194.37,8.337,1935,505.5,0,0
2,96.92,2.091,203.12,8.745,1910,525.8,0,0
2,97.28,2.211,193.98,9.174,1885,546.0,0,0
2,97.73,2.121,202.71,9.623,1910,566.2,0,0
2,98.26,2.031,211.83,10.095,1935,586.4,0,0
2,98.83,2.137,221.36,10.59,1960,606.6,0,0
2,99.43,2.037,231.32,10.071,1935,626.9,0,0
2,100.03,2.133,241.73,10.564,1922,647.1,0,0
2,100.61,2.023,230.85,10.047,1947,667.3,0,0
2,101.14,2.004,220.46,10.539,1972,687.5,0,0
2,101.6,1.893,210.54,10.022,1997,707.7,0,0
2,97.88,1.786,211.74,10.513,2022,728.0,0,0
2,98.14,1.769,211.74,10.513,2022,748.2,0,0
2,98.29,1.751,211.74,10.513,2022,768.4,0,0
2,98.33,1.734,211.74,10.513,2022,788.6,0,0
2,98.26,1.719,211.74,10.513,2022,808.9,0,0
2,98.07,1.707,211.74,10.513,2022,829.1,0,0
2,97.77,1.698,211.74,10.513,2022,849.3,0,0
2,93.3,1.613,221.27,9.998,1997,869.5,0,0
2,92.85,1.535,231.22,9.508,1972,889.7,0,0
2,92.35,1.613,241.63,9.974,1997,910.0,0,0
2,91.81,1.699,252.5,10.463,1972,930.2,0,0
2,91.25,1.629,241.14,10.976,1997,950.4,0,0
2,90.71,1.565,251.99,11.514,1972,970.6,0,0
2,90.19,1.656,240.65,10.949,1947,990.8,0,0
2,87.94,1.753,229.82,11.303,1922,1011.1,0,0
2,87.55,1.855,240.16,11.857,1897,1031.3,0,0
2,87.26,1.782,250.97,12.438,1872,1051.5,0,0
2,87.05,1.881,239.68,11.829,1897,1071.7,0,0
2,86.96,1.983,228.89,12.408,1922,1092.0,0,0
2,86.97,2.085,239.19,11.8,1947,1112.2,0,0
2,87.09,2.187,228.43,11.222,1922,1132.4,0,0
2,87.32,2.08,218.15,10.672,1897,1152.6,0,0
2,91.55,2.171,208.33,10.149,1872,1172.8,0,0
2,88.04,2.262,217.71,9.652,1897,1193.1,0,0
2,84.56,2.163,227.5,10.125,1922,1213.3,0,0
2,85.05,2.246,237.74,9.629,1947,1233.5,0,0
2,85.57,2.331,248.44,9.157,1922,1253.7,0,0
2,86.08,2.418,237.26,8.708,1897,1273.9,0,0
2,86.58,2.28,226.58,8.282,1872,1294.2,0,0
2,87.04,2.152,236.78,7.962,1897,1314.4,0,0
2,87.45,2.24,226.13,8.352,1922,1334.6,0,0
2,87.78,2.259,215.95,8.761,1897,1354.8,0,0
2,88.02,2.254,215.95,8.761,1897,1375.1,0,0
2,88.17,2.255,215.95,8.761,1897,1395.3,0,0
2,88.21,2.262,215.95,8.761,1897,1415.5,0,0
2,88.15,2.274,215.95,8.761,1897,1435.7,0,0
2,87.98,2.291,215.95,8.761,1897,1455.9,0,0
2,87.72,2.312,215.95,8.761,1897,1476.2,0,0
2,87.38,2.334,215.95,8.761,1897,1496.4,0,0
2,86.97,2.358,215.95,8.761,1897,1516.6,0,0
2,82.46,2.495,206.23,8.419,1872,1536.8,0,0
2,81.98,2.396,196.95,8.006,1847,1557.0,0,0
2,81.48,2.53,188.09,8.398,1872,1577.3,0,0
2,80.99,2.665,179.62,8.81,1897,1597.5,0,0
2,80.53,2.545,187.71,9.242,1922,1617.7,0,0
2,83.05,2.425,179.26,8.789,1897,1637.9,0,0
2,78.78,2.304,187.33,9.219,1872,1658.2,0,0
2,74.61,2.185,191.82,9.671,1847,1678.4,0,0
2,78.32,2.217,183.19,9.197,1872,1698.6,0,0
2,82.11,2.305,191.43,9.648,1897,1718.8,0,0
2,82.11,2.284,191.43,9.648,1897,1739.0,0,0
2,82.22,2.262,191.43,9.648,1897,1759.3,0,0
2,82.43,2.239,191.43,9.648,1897,1779.5,0,0
2,82.72,2.218,191.43,9.648,1897,1799.7,0,0
2,83.1,2.199,191.43,9.648,1897,1819.9,0,0
2,87.48,2.29,182.82,9.175,1922,1840.1,0,0
2,87.99,2.17,174.59,8.726,1947,1860.4,0,0
2,88.52,2.27,182.45,8.298,1922,1880.6,0,0
2,89.05,2.163,174.24,7.891,1897,1900.8,0,0
2,89.57,2.274,166.4,7.505,1872,1921.0,0,0
2,90.05,2.397,158.91,7.137,1897,1941.3,0,0
2,90.48,2.299,166.06,7.487,1872,1961.5,0,0
2,90.82,2.432,173.53,7.854,1897,1981.7,0,0
2,95.19,2.574,181.34,8.238,1872,2001.9,0,0
2,91.24,2.667,189.5,8.642,1897,2022.1,0,0
2,95.41,2.563,198.03,8.219,1872,2042.4,0,0
2,91.24,2.461,199.88,7.816,1847,2062.6,0,0
2,91.08,2.598,208.87,8.199,1822,2082.8,0,0
2,90.81,2.485,218.27,8.601,1847,2103.0,0,0
2,90.46,2.612,208.45,9.022,1872,2123.2,0,0
2,90.04,2.647,217.83,9.464,1897,2143.5,0,0
2,93.6,2.768,208.03,9.0,1872,2163.7,0,0
2,93.06,2.888,217.39,8.559,1847,2183.9,0,0
2,92.49,2.916,227.17,8.14,1822,2204.1,0,0
2,91.94,2.754,237.39,8.539,1847,2224.4,0,0
2,91.41,2.859,248.08,8.12,1840,2244.6,0,0
2,90.94,2.695,236.91,8.518,1815,2264.8,0,0
2,90.53,2.796,247.57,8.101,1840,2285.0,0,0
2,90.21,2.903,236.43,8.406,1865,2305.2,0,0
2,86.1,2.741,225.79,7.994,1890,2325.5,0,0
2,89.87,2.593,215.63,8.386,1915,2345.7,0,0
2,93.75,2.707,225.34,8.797,1940,2365.9,0,0
2,93.86,2.573,215.2,8.366,1965,2386.1,0,0
2,94.09,2.699,222.8,8.776,1990,2406.3,0,0
2,94.42,2.579,212.77,9.163,1965,2426.6,0,0
2,94.85,2.47,222.35,9.612,1965,2446.8,0,0
2,91.39,2.37,212.34,9.141,1990,2467.0,0,0
2,95.89,2.507,202.79,9.589,2015,2487.2,0,0
2,92.47,2.654,193.66,9.119,2040,2507.5,0,0
2,89.02,2.809,202.38,8.672,2015,2527.7,0,0
2,93.58,2.7,193.27,8.247,1990,2547.9,0,0
2,98.15,2.853,201.97,7.843,1965,2568.1,0,0
2,98.61,3.011,211.06,8.228,1940,2588.3,0,0
2,99.0,3.17,201.56,8.631,1965,2608.6,0,0
2,99.29,3.33,192.49,9.054,1940,2628.8,0,0
2,99.47,3.17,183.83,9.497,1965,2649.0,0,0
2,99.53,3.315,175.55,9.032,1940,2669.2,0,0
2,99.48,3.141,183.45,9.474,1915,2689.4,0,0
2,99.31,2.97,175.2,9.01,1940,2709.7,0,0
2,89.13,2.16,183.08,8.569,1965,2729.9,1,0
2,98.66,3.057,183.08,8.569,1965,2750.1,0,0
2,98.2,3.027,183.08,8.569,1965,2770.3,0,0
2,97.68,2.997,183.08,8.569,1965,2790.6,0,0
2,97.12,2.969,183.08,8.569,1965,2810.8,0,0
2,96.53,2.946,183.08,8.569,1965,2831.0,0,0
2,95.95,2.928,183.08,8.569,1965,2851.2,0,0
2,91.45,2.777,174.84,8.989,1940,2871.4,0,0
2,94.9,2.641,182.71,9.15,1915,2891.7,0,0
2,94.47,2.518,174.49,9.598,1940,2911.9,0,0
2,94.12,2.65,166.64,9.128,1915,2932.1,0,0
2,93.88,2.794,159.14,8.681,1904,2952.3,0,0
2,93.76,2.952,166.3,9.106,1879,2972.5,0,0
2,93.75,3.075,173.78,8.66,1904,2992.8,0,0
2,93.85,3.255,181.6,8.236,1929,3013.0,0,0
2,90.18,3.13,189.78,8.639,1904,3033.2,0,0
2,90.49,3.159,189.78,8.639,1904,3053.4,0,0
2,90.89,3.185,189.78,8.639,1904,3073.7,0,0
2,91.36,3.206,189.78,8.639,1904,3093.9,0,0
2,91.88,3.22,189.78,8.639,1904,3114.1,0,0
2,92.43,3.227,189.78,8.639,1904,3134.3,0,0
2,88.98,3.204,198.32,9.062,1929,3154.5,0,0
2,89.5,3.042,189.39,9.506,1904,3174.8,0,0
2,89.99,3.172,197.91,9.972,1879,3195.0,0,0
2,90.42,3.301,189.01,9.484,1854,3215.2,0,0
2,90.78,3.116,197.51,9.019,1879,3235.4,0,0
2,91.05,3.234,188.63,9.461,1854,3255.6,0,0
2,91.22,3.355,197.11,9.924,1829,3275.9,0,0
2,91.29,3.482,205.98,10.411,1804,3296.1,0,0
2,91.25,3.349,215.25,9.901,1829,3316.3,0,0
2,86.99,3.164,205.57,9.415,1804,3336.5,0,0
2,82.66,2.995,214.51,9.437,1779,3356.8,0,0
2,86.43,2.842,204.86,9.461,1804,3377.0,0,0
2,90.1,2.703,195.64,9.925,1829,3397.2,0,0
2,93.67,2.838,186.83,10.411,1854,3417.4,0,0
2,93.13,2.988,180.69,9.901,1829,3437.6,0,0
2,92.58,2.866,188.82,10.386,1854,3457.9,0,0
2,92.02,3.029,197.32,10.895,1879,3478.1,0,0
2,91.49,2.911,188.44,10.361,1904,3498.3,0,0
2,91.0,3.082,196.92,9.853,1929,3518.5,0,0
2,90.58,2.963,188.06,9.37,1954,3538.7,0,0
2,90.25,2.847,179.6,8.911,1979,3559.0,0,0
2,93.9,2.732,187.68,9.348,1975,3579.2,0,0
2,93.76,2.856,179.23,8.89,1950,3599.4,0,0
2,93.74,2.73,187.3,9.326,1975,3619.6,0,0
2,93.84,2.603,178.87,8.869,2000,3639.9,0,0
2,94.05,2.726,174.2,8.434,2025,3660.1,0,0
2,98.28,2.588,166.36,8.021,2000,3680.3,0,0
2,94.78,2.45,158.87,7.628,1975,3700.5,0,0
2,95.27,2.316,151.72,7.254,2000,3720.7,0,0
2,95.81,2.406,144.9,7.609,2025,3741.0,0,0
2,96.38,2.268,151.42,7.982,2050,3761.2,0,0
2,96.97,2.353,144.6,8.373,2075,3781.4,0,0
2,97.54,2.218,151.11,7.963,2083,3801.6,0,0
2,98.07,2.093,144.52,7.573,2058,3821.8,0,0
2,102.63,2.177,151.03,7.202,2033,3842.1,0,0
2,107.14,2.27,157.82,7.555,2008,3862.3,0,0
2,103.36,2.154,164.92,7.925,1983,3882.5,0,0
2,103.57,2.05,157.5,8.313,1958,3902.7,0,0
2,103.65,2.153,164.59,8.721,1983,3923.0,0,0
2,103.61,2.06,157.18,8.293,2008,3943.2,0,0
2,103.46,2.111,164.26,8.7,1983,3963.4,0,0
2,104.84,2.232,171.65,9.126,2008,3983.6,0,0
2,100.37,2.361,179.37,9.573,1983,4003.8,0,0
2,95.84,2.271,187.44,9.104,2008,4024.1,0,0
2,95.34,2.293,187.44,9.104,2008,4044.3,0,0
2,94.8,2.314,187.44,9.104,2008,4064.5,0,0
2,94.23,2.332,187.44,9.104,2008,4084.7,0,0
2,93.66,2.346,187.44,9.104,2008,4104.9,0,0
2,93.12,2.355,187.44,9.104,2008,4125.2,0,0
2,92.62,2.358,187.44,9.104,2008,4145.4,0,0
2,92.19,2.356,187.44,9.104,2008,4165.6,0,0
2,95.74,2.461,179.01,8.698,2033,4185.8,0,0
2,95.48,2.564,170.95,8.272,2008,4206.1,0,0
2,95.33,2.667,178.65,8.217,1983,4226.3,0,0
2,95.3,2.77,186.69,8.62,1958,4246.5,0,0
2,95.4,2.612,195.09,9.042,1983,4266.7,0,0
2,95.6,2.71,203.87,8.599,2008,4286.9,0,0
2,95.92,2.555,213.04,8.178,1983,4307.2,0,0
2,96.33,2.411,203.45,8.579,2008,4327.4,0,0
2,96.82,2.509,194.3,8.158,1983,4347.6,0,0
2,97.36,2.376,185.55,7.759,1958,4367.8,0,0
2,97.95,2.37,185.55,7.759,1958,4388.0,0,0
2,98.54,2.37,185.55,7.759,1958,4408.3,0,0
2,99.13,2.376,185.55,7.759,1958,4428.5,0,0
2,99.67,2.388,185.55,7.759,1958,4448.7,0,0
2,100.16,2.405,185.55,7.759,1958,4468.9,0,0
2,100.57,2.426,185.55,7.759,1958,4489.2,0,0
2,105.0,2.568,193.9,8.139,1933,4509.4,0,0
2,105.21,2.594,193.9,8.139,1933,4529.6,0,0
2,105.31,2.619,193.9,8.139,1933,4549.8,0,0
2,105.28,2.643,193.9,8.139,1933,4570.0,0,0
2,105.13,2.662,193.9,8.139,1933,4590.3,0,0
2,100.76,2.757,202.63,8.538,1908,4610.5,0,0
2,104.48,2.899,211.75,8.956,1883,4630.7,0,0
2,108.08,3.041,202.22,8.517,1858,4650.9,0,0
2,103.48,3.183,211.32,8.934,1883,4671.1,0,0
2,102.89,3.019,220.83,9.372,1908,4691.4,0,0
2,102.27,3.145,223.3,9.831,1883,4711.6,0,0
2,101.65,3.015,233.35,10.313,1871,4731.8,0,0
2,101.06,2.844,222.84,9.808,1846,4752.0,0,0
2,104.45,2.681,212.82,10.288,1821,4772.3,0,0
2,107.87,2.781,222.39,10.793,1802,4792.5,0,0
2,107.46,2.755,222.39,10.793,1802,4812.7,0,0
2,107.16,2.731,222.39,10.793,1802,4832.9,0,0
2,106.98,2.713,222.39,10.793,1802,4853.1,0,0
2,106.94,2.7,222.39,10.793,1802,4873.4,0,0
2,103.15,2.564,212.39,10.264,1827,4893.6,0,0
2,103.37,2.688,221.94,9.761,1852,4913.8,0,0
2,103.7,2.567,231.93,10.239,1877,4934.0,0,0
2,104.14,2.705,221.49,9.737,1902,4954.2,0,0
2,104.66,2.594,211.53,9.26,1927,4974.5,0,0
2,105.25,2.743,221.05,9.714,1902,4994.7,0,0
2,105.88,2.903,211.1,9.238,1927,5014.9,0,0
2,106.52,3.073,220.6,9.691,1952,5035.1,0,0
2,107.15,2.954,210.67,9.216,1977,5055.4,0,0
2,107.75,3.118,201.19,8.764,2002,5075.6,0,0
2,108.28,2.99,204.2,8.335,2027,5095.8,0,0
2,108.73,2.862,213.39,7.926,2002,5116.0,0,0
2,109.08,2.733,222.99,7.538,1977,5136.2,0,0
2,109.32,2.866,212.96,7.169,2002,5156.5,0,0
2,109.43,2.861,212.96,7.169,2002,5176.7,0,0
2,109.41,2.85,212.96,7.169,2002,5196.9,0,0
2,109.26,2.832,212.96,7.169,2002,5217.1,0,0
2,108.99,2.81,212.96,7.169,2002,5237.3,0,0
2,108.6,2.784,212.96,7.169,2002,5257.6,0,0
2,104.05,2.624,222.54,7.52,1981,5277.8,0,0
2,103.52,2.598,222.54,7.52,1981,5298.0,0,0
2,102.93,2.573,222.54,7.52,1981,5318.2,0,0
2,102.32,2.552,222.54,7.52,1981,5338.5,0,0
2,101.7,2.535,222.54,7.52,1981,5358.7,0,0
2,101.1,2.524,222.54,7.52,1981,5378.9,0,0
2,100.56,2.519,222.54,7.52,1981,5399.1,0,0
2,100.08,2.521,222.54,7.52,1981,5419.3,0,0
2,99.68,2.53,222.54,7.52,1981,5439.6,0,0
2,89.46,1.781,222.54,7.52,1981,5459.8,1,0
2,99.23,2.563,222.54,7.52,1981,5480.0,0,0
2,99.18,2.587,222.54,7.52,1981,5500.2,0,0
2,99.26,2.613,222.54,7.52,1981,5520.4,0,0
2,99.46,2.639,222.54,7.52,1981,5540.7,0,0
2,99.77,2.665,222.54,7.52,1981,5560.9,0,0
2,100.18,2.687,222.54,7.52,1981,5581.1,0,0
2,104.62,2.836,212.53,7.151,2006,5601.3,0,0
2,105.2,2.851,212.53,7.151,2006,5621.6,0,0
2,105.83,2.859,212.53,7.151,2006,5641.8,0,0
2,106.47,2.86,212.53,7.151,2006,5662.0,0,0
2,107.11,2.854,212.53,7.151,2006,5682.2,0,0
2,107.71,2.841,212.53,7.151,2006,5702.4,0,0
2,108.25,2.823,212.53,7.151,2006,5722.7,0,0
2,104.61,2.665,202.96,6.801,2031,5742.9,0,0
2,100.85,2.514,212.1,7.134,2006,5763.1,0,0
2,105.19,2.608,202.55,7.484,2031,5783.3,0,0
2,101.18,2.458,211.67,7.851,2056,5803.5,0,0
2,97.05,2.318,221.19,8.235,2081,5823.8,0,0
2,92.82,2.41,231.15,7.832,2106,5844.0,0,0
2,96.7,2.51,220.74,7.448,2081,5864.2,0,0
2,96.36,2.62,210.81,7.083,2056,5884.4,0,0
2,95.94,2.741,201.32,6.736,2031,5904.7,0,0
2,95.46,2.613,192.26,7.066,2006,5924.9,0,0
2,94.92,2.748,183.61,6.72,2031,5945.1,0,0
2,94.35,2.632,175.35,7.049,2056,5965.3,0,0
2,93.78,2.78,183.24,7.394,2081,5985.5,0,0
2,97.19,2.941,191.49,7.757,2056,6005.8,0,0
2,92.72,3.113,200.1,8.137,2031,6026.0,0,0
2,88.36,2.993,209.11,7.738,2006,6046.2,0,0
2,88.01,2.877,218.52,8.117,2031,6066.4,0,0
2,87.75,3.04,208.68,7.72,2006,6086.6,0,0
2,87.59,3.208,199.29,8.098,1981,6106.9,0,0
2,87.54,3.068,208.26,8.495,2006,6127.1,0,0
2,87.6,2.928,198.89,8.078,1981,6147.3,0,0
2,87.77,3.069,189.94,7.683,1956,6167.5,0,0
2,91.94,3.208,198.49,8.059,1931,6187.8,0,0
2,92.32,3.04,207.42,8.454,1956,6208.0,0,0
2,92.77,2.874,216.75,8.868,1981,6228.2,0,0
2,93.28,2.987,207.0,9.303,2006,6248.4,0,0
2,93.84,3.101,216.31,9.758,1981,6268.6,0,0
2,94.41,3.218,206.58,9.28,1956,6288.9,0,0
2,94.97,3.135,197.28,8.826,1931,6309.1,0,0
2,91.45,2.957,206.16,9.258,1956,6329.3,0,0
2,91.91,2.793,196.88,9.712,1981,6349.5,0,0
2,92.31,2.643,188.02,9.236,2006,6369.7,0,0
2,92.62,2.517,196.49,8.783,1981,6390.0,0,0
2,92.83,2.634,187.64,9.214,1956,6410.2,0,0
2,96.4,2.512,196.09,8.762,1931,6430.4,0,0
2,96.4,2.643,204.91,8.66,1906,6450.6,0,0
2,96.29,2.532,195.69,9.084,1931,6470.9,0,0
2,96.06,2.43,204.5,9.53,1956,6491.1,0,0
2,95.74,2.335,213.7,9.997,1981,6511.3,0,0
2,95.33,2.286,222.55,9.507,1956,6531.5,0,0
2,94.85,2.42,232.56,9.973,1931,6551.7,0,0
2,94.31,2.325,222.09,9.484,1906,6572.0,0,0
2,93.75,2.232,212.1,9.019,1881,6592.2,0,0
2,93.19,2.354,202.56,9.461,1906,6612.4,0,0
2,92.64,2.478,211.67,9.925,1881,6632.6,0,0
2,92.13,2.364,220.63,9.438,1856,6652.8,0,0
2,91.68,2.477,210.71,8.976,1881,6673.1,0,0
2,91.31,2.351,220.19,8.536,1906,6693.3,0,0
2,91.03,2.227,210.28,8.954,1881,6713.5,0,0
2,94.74,2.318,200.82,8.516,1856,6733.7,0,0
2,98.56,2.408,209.85,8.933,1831,6754.0,0,0
2,98.62,2.5,219.3,9.371,1856,6774.2,0,0
2,98.8,2.368,209.43,9.83,1831,6794.4,0,0
2,99.1,2.457,218.85,10.311,1806,6814.6,0,0
2,99.49,2.318,209.0,10.817,1781,6834.8,0,0
2,99.98,2.411,218.41,10.287,1806,6855.1,0,0
2,100.53,2.282,228.24,10.791,1831,6875.3,0,0
2,102.04,2.384,217.97,10.262,1856,6895.5,0,0
2,106.66,2.267,208.16,9.759,1831,6915.7,0,0
2,107.3,2.272,208.16,9.759,1831,6935.9,0,0
2,107.91,2.282,208.16,9.759,1831,6956.2,0,0
2,108.46,2.297,208.16,9.759,1831,6976.4,0,0
2,108.93,2.316,208.16,9.759,1831,6996.6,0,0
2,109.31,2.338,208.16,9.759,1831,7016.8,0,0
2,109.57,2.362,208.16,9.759,1831,7037.1,0,0
2,109.7,2.385,208.16,9.759,1831,7057.3,0,0
2,105.59,2.523,217.53,9.281,1806,7077.5,0,0
2,109.59,2.421,227.31,9.736,1831,7097.7,0,0
2,109.34,2.319,217.09,9.259,1856,7117.9,0,0
2,108.98,2.441,207.32,9.712,1831,7138.2,0,0
2,108.52,2.562,216.65,10.188,1856,7158.4,0,0
2,107.98,2.683,226.39,9.689,1831,7178.6,0,0
2,103.34,2.547,236.58,9.214,1806,7198.8,0,0
2,102.73,2.655,247.23,9.666,1831,7219.0,0,0
2,102.11,2.762,236.1,10.139,1856,7239.3,0,0
2,101.51,2.87,225.48,9.642,1831,7259.5,0,0
2,100.95,2.978,215.33,9.17,1856,7279.7,0,0
2,104.37,3.09,225.02,8.721,1831,7299.9,0,0
2,100.04,2.913,214.9,8.293,1806,7320.2,0,0
2,103.62,2.748,223.41,8.7,1831,7340.4,0,0
2,103.41,2.597,213.35,9.126,1806,7360.6,0,0
2,103.33,2.707,203.75,9.573,1831,7380.8,0,0
2,103.39,2.829,212.92,10.042,1856,7401.0,0,0
2,103.57,2.963,222.5,9.55,1831,7421.3,0,0
2,103.87,2.827,212.49,9.082,1806,7441.5,0,0
2,108.19,2.977,202.93,9.527,1831,7461.7,0,0
2,112.65,2.854,193.8,9.06,1856,7481.9,0,0
2,113.26,2.74,202.52,8.766,1881,7502.1,0,0
2,113.93,2.899,193.4,8.336,1856,7522.4,0,0
2,114.62,2.788,184.7,8.744,1831,7542.6,0,0
2,115.31,2.951,186.65,8.316,1806,7562.8,0,0
2,115.97,3.121,179.83,8.723,1781,7583.0,0,0
2,116.56,3.296,171.74,9.151,1806,7603.3,0,0
2,117.08,3.475,179.47,9.599,1781,7623.5,0,0
2,117.49,3.404,187.55,9.129,1806,7643.7,0,0
2,121.89,3.573,179.11,9.325,1831,7663.9,0,0
2,122.06,3.569,179.11,9.325,1831,7684.1,0,0
2,122.07,3.557,179.11,9.325,1831,7704.4,0,0
2,121.95,3.537,179.11,9.325,1831,7724.6,0,0
2,121.68,3.51,179.11,9.325,1831,7744.8,0,0
2,121.29,3.479,179.11,9.325,1831,7765.0,0,0
2,124.86,3.611,187.17,8.868,1806,7785.2,0,0
2,124.24,3.446,195.59,8.434,1781,7805.5,0,0
2,123.55,3.576,204.39,8.847,1756,7825.7,0,0
2,122.83,3.375,195.19,8.413,1731,7845.9,0,0
2,122.08,3.512,203.98,8.007,1756,7866.1,0,0
2,125.32,3.661,194.8,8.399,1781,7886.4,0,0
2,128.56,3.827,203.56,7.988,1806,7906.6,0,0
2,130.12,4.011,194.4,7.596,1831,7926.8,0,0
2,125.68,3.828,203.15,7.968,1856,7947.0,0,0
2,125.28,3.848,203.15,7.968,1856,7967.2,0,0
2,125.02,3.875,203.15,7.968,1856,7987.5,0,0
2,124.91,3.909,203.15,7.968,1856,8007.7,0,0
2,124.97,3.947,203.15,7.968,1856,8027.9,0,0
2,125.17,3.987,203.15,7.968,1856,8048.1,0,0
2,121.63,3.833,212.29,7.578,1831,8068.3,0,0
2,125.41,3.682,221.18,7.207,1856,8088.6,0,0
2,129.93,3.888,215.88,7.56,1854,8108.8,0,0
2,134.59,3.722,206.17,7.93,1879,8129.0,0,0
2,135.38,3.735,206.17,7.93,1879,8149.2,0,0
2,136.21,3.739,206.17,7.93,1879,8169.5,0,0
2,123.32,2.614,206.17,7.93,1879,8189.7,1,0
2,137.81,3.72,206.17,7.93,1879,8209.9,0,0
2,138.52,3.698,206.17,7.93,1879,8230.1,0,0
2,139.14,3.67,206.17,7.93,1879,8250.3,0,0
2,139.64,3.636,206.17,7.93,1879,8270.6,0,0
2,140.0,3.601,206.17,7.93,1879,8290.8,0,0
2,140.2,3.565,206.17,7.93,1879,8311.0,0,0
2,136.11,3.361,215.44,8.319,1904,8331.2,0,0
2,135.98,3.172,205.75,8.726,1879,8351.4,0,0
2,135.7,2.999,202.07,8.299,1854,8371.7,0,0
2,135.27,3.128,192.98,8.705,1879,8391.9,0,0
2,134.71,2.972,184.3,9.132,1904,8412.1,0,0
2,134.05,2.83,192.59,8.959,1929,8432.3,0,0
2,133.31,2.702,183.92,8.52,1904,8452.6,0,0
2,132.53,2.847,178.19,8.103,1879,8472.8,0,0
2,127.74,2.73,170.17,8.5,1871,8493.0,0,0
2,123.02,2.623,177.83,8.916,1896,8513.2,0,0
2,122.33,2.776,169.82,9.353,1921,8533.4,0,0
2,121.71,2.669,177.47,9.811,1946,8553.7,0,0
2,121.2,2.566,185.45,9.331,1921,8573.9,0,0
2,120.8,2.713,193.8,8.873,1896,8594.1,0,0
2,120.54,2.601,202.52,9.308,1921,8614.3,0,0
2,120.43,2.741,211.63,9.764,1896,8634.5,0,0
2,120.47,2.617,221.15,10.243,1921,8654.8,0,0
2,116.77,2.494,211.2,10.745,1946,8675.0,0,0
2,113.2,2.37,201.7,10.5,1921,8695.2,0,0
2,109.71,2.247,210.77,9.986,1896,8715.4,0,0
2,110.23,2.34,220.26,10.475,1871,8735.7,0,0
2,110.82,2.21,210.35,9.962,1881,8755.9,0,0
2,111.47,2.085,219.81,9.474,1906,8776.1,0,0
2,112.15,2.163,209.92,9.009,1931,8796.3,0,0
2,112.82,2.039,200.48,9.451,1906,8816.5,0,0
2,109.42,2.116,191.45,8.988,1881,8836.8,0,0
2,114.07,1.998,182.84,8.547,1856,8857.0,0,0
2,114.58,1.89,191.07,8.966,1881,8877.2,0,0
2,115.0,1.972,182.47,8.527,1856,8897.4,0,0
2,115.3,1.873,174.26,8.109,1831,8917.6,0,0
2,115.48,1.785,166.42,8.506,1806,8937.9,0,0
2,115.51,1.705,173.9,8.923,1781,8958.1,0,0
2,115.41,1.632,181.73,9.36,1756,8978.3,0,0
2,115.18,1.724,173.55,8.902,1731,8998.5,0,0
2,114.83,1.656,167.4,8.466,1706,9018.8,0,0
2,118.44,1.753,159.87,8.88,1731,9039.0,0,0
2,117.87,1.77,159.87,8.88,1731,9059.2,0,0
2,117.22,1.788,159.87,8.88,1731,9079.4,0,0
2,116.53,1.803,159.87,8.88,1731,9099.6,0,0
2,115.83,1.816,159.87,8.88,1731,9119.9,0,0
2,115.14,1.825,159.87,8.88,1731,9140.1,0,0
2,114.49,1.83,159.87,8.88,1731,9160.3,0,0
2,113.91,1.831,159.87,8.88,1731,9180.5,0,0
2,113.42,1.827,159.87,8.88,1731,9200.7,0,0
2,109.15,1.906,167.06,9.316,1706,9221.0,0,0
2,108.9,1.985,159.54,8.859,1681,9241.2,0,0
2,108.79,2.063,166.72,9.293,1656,9261.4,0,0
2,108.82,1.946,159.22,8.838,1681,9281.6,0,0
2,108.98,1.834,152.05,9.271,1706,9301.9,0,0
2,109.27,1.903,149.69,9.725,1731,9322.1,0,0
2,109.68,1.976,156.43,9.249,1756,9342.3,0,0
2,106.26,2.054,163.46,9.009,1731,9362.5,0,0
2,110.78,2.139,156.11,8.568,1742,9382.7,0,0
2,107.45,2.232,163.13,8.988,1767,9403.0,0,0
2,108.1,2.229,163.13,8.988,1767,9423.2,0,0
2,108.75,2.231,163.13,8.988,1767,9443.4,0,0
2,109.38,2.239,163.13,8.988,1767,9463.6,0,0
2,109.96,2.253,163.13,8.988,1767,9483.8,0,0
2,110.46,2.271,163.13,8.988,1767,9504.1,0,0
2,110.87,2.292,163.13,8.988,1767,9524.3,0,0
2,111.17,2.315,163.13,8.988,1767,9544.5,0,0
2,115.47,2.226,170.47,8.547,1792,9564.7,0,0
2,119.63,2.332,162.8,8.966,1767,9585.0,0,0
2,115.43,2.465,170.13,8.527,1742,9605.2,0,0
2,115.2,2.482,170.13,8.527,1742,9625.4,0,0
2,114.86,2.493,170.13,8.527,1742,9645.6,0,0
2,114.4,2.5,170.13,8.527,1742,9665.8,0,0
2,113.85,2.5,170.13,8.527,1742,9686.1,0,0
2,113.23,2.494,170.13,8.527,1742,9706.3,0,0
2,112.57,2.482,170.13,8.527,1742,9726.5,0,0
2,107.9,2.584,162.47,8.109,1717,9746.7,0,0
2,107.25,2.685,169.78,7.712,1742,9766.9,0,0
2,106.65,2.787,162.14,7.334,1767,9787.2,0,0
2,106.1,2.892,169.44,7.693,1792,9807.4,0,0
2,105.64,3.001,177.07,8.07,1767,9827.6,0,0
2,105.28,3.116,169.1,7.675,1792,9847.8,0,0
2,105.03,3.205,176.71,7.299,1817,9868.1,0,0
2,104.92,3.033,184.66,6.941,1792,9888.3,0,0
2,108.81,2.877,176.35,6.601,1817,9908.5,0,0
2,105.08,2.735,181.84,6.277,1842,9928.7,0,0
2,101.45,2.871,190.03,6.585,1817,9948.9,0,0
2,97.92,2.751,191.71,6.749,1792,9969.2,0,0
2,102.29,2.635,183.08,7.08,1817,9989.4,0,0
2,102.84,2.529,191.32,7.427,1792,10009.6,0,0
2,103.43,2.675,182.71,7.063,1817,10029.8,0,0
2,104.06,2.573,190.93,6.717,1842,10050.0,0,0
2,104.69,2.723,182.34,6.388,1867,10070.3,0,0
2,105.29,2.881,174.14,6.356,1842,10090.5,0,0
2,105.85,2.996,181.97,6.668,1817,10110.7,0,0
2,106.35,2.871,173.78,6.341,1842,10130.9,0,0
2,110.85,2.745,172.04,6.652,1867,10151.2,0,0
2,111.16,2.751,172.04,6.652,1867,10171.4,0,0
2,111.34,2.75,172.04,6.652,1867,10191.6,0,0
2,111.4,2.743,172.04,6.652,1867,10211.8,0,0
2,111.32,2.729,172.04,6.652,1867,10232.0,0,0
2,111.11,2.71,172.04,6.652,1867,10252.3,0,0
2,110.79,2.687,172.04,6.652,1867,10272.5,0,0
2,110.35,2.661,172.04,6.652,1867,10292.7,0,0
2,113.89,2.761,164.3,6.978,1892,10312.9,0,0
2,113.28,2.602,171.69,6.636,1917,10333.1,0,0
2,112.62,2.703,172.76,6.961,1892,10353.4,0,0
2,111.94,2.553,164.99,6.62,1867,10373.6,0,0
2,111.27,2.661,166.0,6.296,1842,10393.8,0,0
2,110.63,2.779,158.53,5.987,1867,10414.0,0,0
2,113.99,2.91,165.66,6.28,1842,10434.2,0,0
2,113.48,2.776,173.11,6.588,1817,10454.5,0,0
2,113.09,2.654,165.32,6.782,1842,10474.7,0,0
2,112.82,2.8,172.76,7.114,1817,10494.9,0,0
2,112.68,2.687,164.99,6.77,1792,10515.1,0,0
2,112.69,2.583,172.41,7.102,1817,10535.4,0,0
2,112.84,2.484,180.17,6.754,1842,10555.6,0,0
2,113.12,2.629,172.06,6.423,1817,10575.8,0,0
2,113.52,2.653,172.06,6.423,1817,10596.0,0,0
2,114.04,2.675,172.06,6.423,1817,10616.2,0,0
2,114.64,2.691,172.06,6.423,1817,10636.5,0,0
2,115.3,2.702,172.06,6.423,1817,10656.7,0,0
2,115.99,2.707,172.06,6.423,1817,10676.9,0,0
2,116.7,2.705,172.06,6.423,1817,10697.1,0,0
2,117.38,2.697,172.06,6.423,1817,10717.3,0,0
2,118.01,2.683,172.06,6.423,1817,10737.6,0,0
2,122.64,2.791,164.32,6.109,1842,10757.8,0,0
2,127.22,2.634,156.93,6.408,1817,10778.0,0,0
2,123.47,2.483,163.99,6.722,1792,10798.2,0,0
2,123.68,2.459,163.99,6.722,1792,10818.5,0,0
2,123.76,2.434,163.99,6.722,1792,10838.7,0,0
2,123.68,2.413,163.99,6.722,1792,10858.9,0,0
2,123.46,2.395,163.99,6.722,1792,10879.1,0,0
2,123.11,2.382,163.99,6.722,1792,10899.3,0,0
2,106.7,1.583,171.37,7.051,1817,10919.6,1,0
2,118.0,2.26,171.37,7.051,1817,10939.8,0,0
2,117.37,2.265,171.37,7.051,1817,10960.0,0,0
2,116.68,2.276,171.37,7.051,1817,10980.2,0,0
2,115.98,2.291,171.37,7.051,1817,11000.4,0,0
2,115.29,2.311,171.37,7.051,1817,11020.7,0,0
2,114.63,2.333,171.37,7.051,1817,11040.9,0,0
2,117.95,2.392,163.66,7.397,1842,11061.1,0,0
2,117.43,2.532,171.02,7.759,1867,11081.3,0,0
2,117.01,2.677,178.72,7.58,1842,11101.6,0,0
2,116.72,2.828,186.76,7.951,1867,11121.8,0,0
2,116.57,2.981,178.36,7.561,1842,11142.0,0,0
2,112.68,2.849,186.38,7.191,1817,11162.2,0,0
2,116.71,2.99,177.99,6.839,1842,11182.4,0,0
2,120.88,3.13,169.98,6.504,1817,11202.7,0,0
2,125.22,2.97,167.44,6.822,1792,11222.9,0,0
2,121.85,2.898,174.98,7.156,1817,11243.1,0,0
2,122.48,2.876,174.98,7.156,1817,11263.3,0,0
2,123.19,2.85,174.98,7.156,1817,11283.5,0,0
2,123.93,2.823,174.98,7.156,1817,11303.8,0,0
2,124.68,2.794,174.98,7.156,1817,11324.0,0,0
2,125.41,2.9,182.85,7.507,1792,11344.2,0,0
2,126.09,3.013,174.62,7.779,1817,11364.4,0,0
2,126.69,3.135,182.48,8.16,1792,11384.7,0,0
2,127.18,2.969,190.69,7.76,1767,11404.9,0,0
2,127.56,3.104,182.11,7.854,1742,11425.1,0,0
2,123.67,2.955,173.91,7.469,1717,11445.3,0,0
2,119.64,2.82,166.09,7.835,1692,11465.5,0,0
2,119.57,2.97,158.61,8.219,1717,11485.8,0,0
2,119.37,2.848,151.48,7.977,1742,11506.0,0,0
2,119.04,3.011,158.29,8.368,1767,11526.2,0,0
2,118.59,2.894,165.42,8.778,1792,11546.4,0,0
2,118.04,2.783,157.97,8.348,1817,11566.6,0,0
2,117.41,2.676,165.08,7.939,1792,11586.9,0,0
2,116.73,2.57,172.51,8.328,1817,11607.1,0,0
2,116.03,2.714,180.27,7.919,1842,11627.3,0,0
2,119.31,2.598,188.39,7.531,1867,11647.5,0,0
2,122.57,2.732,196.86,7.9,1842,11667.8,0,0
2,121.92,2.735,196.86,7.9,1842,11688.0,0,0
2,121.37,2.732,196.86,7.9,1842,11708.2,0,0
2,120.93,2.721,196.86,7.9,1842,11728.4,0,0
2,120.62,2.705,196.86,7.9,1842,11748.6,0,0
2,120.45,2.685,196.86,7.9,1842,11768.9,0,0
2,120.44,2.66,196.86,7.9,1842,11789.1,0,0
2,124.46,2.761,205.72,8.288,1817,11809.3,0,0
2,124.75,2.864,196.46,8.436,1792,11829.5,0,0
2,125.18,2.701,198.32,8.849,1767,11849.7,0,0
2,125.73,2.549,207.24,9.283,1792,11870.0,0,0
2,126.38,2.41,216.57,9.738,1817,11890.2,0,0
2,127.1,2.514,226.31,10.215,1842,11910.4,0,0
2,127.87,2.388,216.13,9.714,1817,11930.6,0,0
2,128.64,2.274,225.86,9.238,1792,11950.9,0,0
2,129.4,2.39,215.69,8.786,1767,11971.1,0,0
2,134.16,2.288,225.4,9.216,1792,11991.3,0,0
2,130.73,2.415,235.54,9.668,1817,12011.5,0,0
2,131.25,2.554,224.94,10.142,1842,12031.7,0,0
2,131.64,2.703,214.82,9.645,1817,12052.0,0,0
2,131.9,2.599,205.15,9.172,1792,12072.2,0,0
2,131.99,2.75,214.38,9.621,1817,12092.4,0,0
2,131.94,2.641,204.74,9.15,1842,12112.6,0,0
2,131.73,2.533,195.52,9.598,1867,12132.8,0,0
2,131.37,2.424,204.32,10.069,1892,12153.1,0,0
2,130.88,2.549,195.13,9.575,1917,12173.3,0,0
2,130.28,2.55,195.13,9.575,1917,12193.5,0,0
2,129.59,2.546,195.13,9.575,1917,12213.7,0,0
2,128.85,2.536,195.13,9.575,1917,12234.0,0,0
2,128.08,2.52,195.13,9.575,1917,12254.2,0,0
2,127.31,2.5,195.13,9.575,1917,12274.4,0,0
2,126.57,2.477,195.13,9.575,1917,12294.6,0,0
2,121.97,2.335,203.91,9.339,1892,12314.8,0,0
2,117.5,2.201,213.08,8.882,1917,12335.1,0,0
2,113.16,2.075,222.67,9.317,1942,12355.3,0,0
2,112.86,2.157,212.65,8.86,1960,12375.5,0,0
2,112.7,2.04,203.08,8.426,1985,12395.7,0,0
2,112.67,2.128,193.95,8.013,1960,12415.9,0,0
2,112.79,2.226,202.67,7.621,1955,12436.2,0,0
2,113.05,2.121,193.55,7.247,1963,12456.4,0,0
2,113.43,2.23,202.26,7.602,1988,12476.6,0,0
2,117.84,2.35,208.1,7.975,2013,12496.8,0,0
2,118.45,2.482,198.73,7.584,1988,12517.1,0,0
2,119.12,2.625,189.79,7.956,1963,12537.3,0,0
2,119.83,2.524,185.73,7.566,1938,12557.5,0,0
2,120.56,2.427,194.09,7.937,1963,12577.7,0,0
2,121.27,2.333,202.83,8.325,1988,12597.9,0,0
2,121.94,2.24,193.7,7.918,1963,12618.2,0,0
2,122.53,2.364,184.98,8.305,1938,12638.4,0,0
2,118.93,2.49,176.66,7.899,1963,12658.6,0,0
2,115.19,2.617,168.71,8.286,1973,12678.8,0,0
2,113.81,2.492,176.3,7.88,1948,12699.0,0,0
2,109.78,2.606,184.23,8.266,1973,12719.3,0,0
2,109.75,2.719,192.52,7.861,1948,12739.5,0,0
2,109.58,2.832,183.86,7.475,1973,12759.7,0,0
2,109.29,2.901,192.13,7.109,1948,12779.9,0,0
2,108.89,3.012,183.49,6.761,1964,12800.2,0,0
2,108.4,3.125,191.75,7.092,1939,12820.4,0,0
2,103.79,3.242,200.37,7.44,1914,12840.6,0,0
2,99.17,3.058,209.39,7.804,1939,12860.8,0,0
2,98.91,2.888,199.97,7.422,1964,12881.0,0,0
2,102.29,3.007,190.97,7.785,1989,12901.3,0,0
2,101.69,2.851,199.56,8.167,1964,12921.5,0,0
2,101.15,2.71,190.58,7.767,1939,12941.7,0,0
2,100.68,2.843,193.45,7.386,1914,12961.9,0,0
2,100.3,2.717,184.74,7.748,1889,12982.1,0,0
2,100.02,2.864,176.43,8.128,1864,13002.4,0,0
2,95.99,2.748,168.49,8.526,1839,13022.6,0,0
2,95.96,2.774,168.49,8.526,1839,13042.8,0,0
2,96.05,2.802,168.49,8.526,1839,13063.0,0,0
2,96.26,2.83,168.49,8.526,1839,13083.3,0,0
2,96.58,2.857,168.49,8.526,1839,13103.5,0,0
2,96.99,2.881,168.49,8.526,1839,13123.7,0,0
2,101.42,3.04,160.91,8.108,1864,13143.9,0,0
2,101.99,3.054,160.91,8.108,1864,13164.1,0,0
2,102.6,3.062,160.91,8.108,1864,13184.4,0,0
2,103.23,3.062,160.91,8.108,1864,13204.6,0,0
2,103.84,3.054,160.91,8.108,1864,13224.8,0,0
2,104.41,3.04,160.91,8.108,1864,13245.0,0,0
2,100.85,3.165,155.29,8.506,1839,13265.2,0,0
2,105.36,2.988,162.28,8.089,1814,13285.5,0,0
2,105.69,3.102,154.97,8.485,1812,13305.7,0,0
2,105.91,2.928,148.0,8.069,1837,13325.9,0,0
2,106.0,2.76,154.66,7.674,1812,13346.1,0,0
2,105.98,2.865,161.62,7.298,1787,13366.4,0,0
2,105.82,2.706,168.89,7.655,1762,13386.6,0,0
2,106.02,2.561,176.49,8.031,1787,13406.8,0,0
2,105.64,2.674,168.55,7.637,1812,13427.0,0,0
2,105.17,2.543,176.14,8.011,1837,13447.2,0,0
2,104.62,2.424,184.06,8.404,1812,13467.5,0,0
2,104.03,2.551,192.34,7.992,1837,13487.7,0,0
2,107.41,2.69,198.03,7.63,1862,13507.9,0,0
2,110.74,2.582,206.94,7.256,1887,13528.1,0,0
2,114.04,2.731,216.25,7.612,1912,13548.3,0,0
2,113.43,2.626,206.52,7.985,1887,13568.6,0,0
2,112.89,2.78,197.23,7.593,1862,13588.8,0,0
2,112.46,2.671,206.1,7.965,1837,13609.0,0,0
2,112.15,2.823,196.83,7.575,1812,13629.2,0,0
2,100.77,2.084,205.69,7.946,1787,13649.5,1,0
2,111.92,2.991,205.69,7.946,1787,13669.7,0,0
2,112.01,2.997,205.69,7.946,1787,13689.9,0,0
2,112.25,2.996,205.69,7.946,1787,13710.1,0,0
2,112.61,2.988,205.69,7.946,1787,13730.3,0,0
2,113.08,2.973,205.69,7.946,1787,13750.6,0,0
2,113.65,2.952,205.69,7.946,1787,13770.8,0,0
2,118.25,3.068,214.94,8.336,1812,13791.0,0,0
2,122.94,3.184,205.27,7.927,1787,13811.2,0,0
2,123.69,3.09,196.03,7.539,1762,13831.4,0,0
2,124.42,2.912,187.21,7.169,1737,13851.7,0,0
2,125.11,2.747,195.64,7.521,1712,13871.9,0,0
2,125.73,2.753,204.44,7.889,1687,13892.1,0,0
2,122.17,2.606,195.24,7.503,1712,13912.3,0,0
2,121.15,2.472,186.45,7.87,1737,13932.6,0,0
2,125.53,2.589,194.85,8.256,1721,13952.8,0,0
2,121.54,2.469,186.08,7.851,1696,13973.0,0,0
2,121.52,2.599,177.7,7.467,1671,13993.2,0,0
2,121.35,2.491,169.71,7.833,1646,14013.4,0,0
2,121.05,2.632,162.07,7.449,1671,14033.7,0,0
2,120.63,2.785,169.36,7.084,1696,14053.9,0,0
2,120.09,2.948,176.98,6.737,1671,14074.1,0,0
2,119.48,3.12,177.39,7.067,1646,14094.3,0,0
2,114.77,3.3,185.37,6.721,1621,14114.5,0,0
2,114.09,3.327,185.37,6.721,1621,14134.8,0,0
2,113.4,3.348,185.37,6.721,1621,14155.0,0,0
2,112.74,3.361,185.37,6.721,1621,14175.2,0,0
2,112.12,3.367,185.37,6.721,1621,14195.4,0,0
2,107.67,3.527,177.03,7.05,1646,14215.7,0,0
2,111.15,3.685,169.06,6.704,1621,14235.9,0,0
2,110.83,3.665,169.06,6.704,1621,14256.1,0,0
2,110.64,3.639,169.06,6.704,1621,14276.3,0,0
2,110.59,3.607,169.06,6.704,1621,14296.5,0,0
2,110.67,3.572,169.06,6.704,1621,14316.8,0,0
2,110.89,3.536,169.06,6.704,1621,14337.0,0,0
2,111.24,3.502,169.06,6.704,1621,14357.2,0,0
2,111.7,3.471,169.06,6.704,1621,14377.4,0,0
2,112.26,3.445,169.06,6.704,1621,14397.6,0,0
2,112.88,3.426,169.06,6.704,1621,14417.9,0,0
2,113.56,3.416,169.06,6.704,1621,14438.1,0,0
2,114.25,3.415,169.06,6.704,1621,14458.3,0,0
2,114.93,3.422,169.06,6.704,1621,14478.5,0,0
2,115.57,3.438,169.06,6.704,1621,14498.8,0,0
2,116.15,3.462,169.06,6.704,1621,14519.0,0,0
2,116.64,3.492,169.06,6.704,1621,14539.2,0,0
2,112.92,3.356,176.67,7.033,1646,14559.4,0,0
2,117.29,3.227,168.72,6.688,1621,14579.6,0,0
2,113.29,3.402,161.13,7.016,1646,14599.9,0,0
2,113.28,3.269,168.38,6.672,1621,14620.1,0,0
2,113.14,3.136,175.95,6.345,1596,14640.3,0,0
2,112.87,3.061,168.04,6.034,1621,14660.5,0,0
2,112.48,2.925,160.47,6.33,1646,14680.7,0,0
2,111.99,2.789,167.69,6.07,1621,14701.0,0,0
2,111.42,2.92,175.24,6.367,1646,14721.2,0,0
2,110.79,3.049,183.13,6.679,1671,14741.4,0,0
2,110.13,2.887,191.37,7.006,1646,14761.6,0,0
2,113.45,3.003,182.76,7.35,1621,14781.9,0,0
2,116.74,3.119,174.53,6.99,1596,14802.1,0,0
2,112.17,2.94,166.68,6.647,1621,14822.3,0,0
2,111.62,3.051,174.18,6.973,1646,14842.5,0,0
2,111.18,2.965,182.02,7.314,1671,14862.7,0,0
2,110.85,3.08,190.21,6.956,1646,14883.0,0,0
2,110.65,2.911,196.06,6.684,1671,14903.2,0,0
2,110.59,3.035,187.23,6.356,1646,14923.4,0,0
2,114.54,3.173,184.67,6.668,1671,14943.6,0,0
2,114.76,3.02,192.98,6.341,1646,14963.8,0,0
2,115.11,3.173,184.3,6.03,1644,14984.1,0,0
2,115.58,3.036,192.59,5.735,1619,15004.3,0,0
2,116.15,2.911,201.26,6.016,1594,15024.5,0,0
2,112.84,3.078,210.32,6.311,1619,15044.7,0,0
2,117.49,2.958,219.78,6.62,1644,15065.0,0,0
2,118.2,2.845,229.67,6.944,1669,15085.2,0,0
2,118.91,3.011,219.33,6.604,1644,15105.4,0,0
2,119.58,2.892,209.46,6.28,1669,15125.6,0,0
2,120.18,2.985,200.04,6.332,1644,15145.8,0,0
2,120.7,3.146,191.04,6.642,1619,15166.1,0,0
2,121.11,3.308,182.44,6.627,1644,15186.3,0,0
2,121.39,3.153,190.65,6.952,1669,15206.5,0,0
2,125.65,3.3,182.07,7.292,1644,15226.7,0,0
2,129.7,3.445,173.88,7.649,1669,15246.9,0,0
2,129.55,3.589,166.05,7.275,1694,15267.2,0,0
2,129.25,3.733,173.53,6.918,1719,15287.4,0,0
2,128.81,3.521,181.33,7.257,1744,15307.6,0,0
2,128.26,3.654,189.49,6.902,1769,15327.8,0,0
2,127.61,3.791,198.02,7.24,1794,15348.1,0,0
2,126.9,3.935,189.11,7.594,1769,15368.3,0,0
2,126.15,3.714,197.62,7.222,1744,15388.5,0,0
2,125.38,3.512,188.73,6.868,1719,15408.7,0,0
2,128.6,3.663,180.24,7.205,1744,15428.9,0,0
2,123.96,3.479,172.12,6.852,1769,15449.2,0,0
2,119.44,3.313,179.87,6.516,1794,15469.4,0,0
2,122.86,3.163,187.96,6.836,1769,15489.6,0,0
2,126.37,3.333,189.82,7.17,1744,15509.8,0,0
2,122.25,3.249,198.36,7.522,1719,15530.0,0,0
2,122.71,3.121,207.29,7.153,1744,15550.3,0,0
2,121.64,3.001,208.42,7.504,1769,15570.5,0,0
2,117.97,2.886,199.04,7.871,1794,15590.7,0,0
2,122.22,2.774,190.08,8.257,1769,15610.9,0,0
2,122.71,2.798,190.08,8.257,1769,15631.2,0,0
2,123.31,2.819,190.08,8.257,1769,15651.4,0,0
2,123.99,2.834,190.08,8.257,1769,15671.6,0,0
2,124.72,2.843,190.08,8.257,1769,15691.8,0,0
2,121.47,2.981,193.08,8.662,1744,15712.0,0,0
2,122.2,2.976,193.08,8.662,1744,15732.3,0,0
2,122.89,2.964,193.08,8.662,1744,15752.5,0,0
2,123.52,2.946,193.08,8.662,1744,15772.7,0,0
2,124.06,2.923,193.08,8.662,1744,15792.9,0,0
2,124.49,2.896,193.08,8.662,1744,15813.1,0,0
2,128.9,3.005,201.76,9.086,1719,15833.4,0,0
2,129.06,3.118,192.68,9.531,1694,15853.6,0,0
2,129.07,2.94,201.36,9.998,1719,15873.8,0,0
2,128.93,2.775,192.29,10.488,1744,15894.0,0,0
2,128.64,2.889,183.64,9.974,1719,15914.3,0,0
2,128.21,2.739,191.91,9.486,1694,15934.5,0,0
2,127.67,2.865,183.27,9.037,1719,15954.7,0,0
2,131.09,2.729,175.02,8.594,1744,15974.9,0,0
2,130.36,2.607,182.9,9.015,1769,15995.1,0,0
2,129.59,2.747,191.13,9.457,1744,16015.4,0,0
2,128.8,2.901,199.73,8.993,1719,16035.6,0,0
2,128.04,2.787,190.74,8.553,1744,16055.8,0,0
2,127.33,2.95,182.16,8.133,1719,16076.0,0,0
2,126.71,3.123,173.96,7.735,1694,16096.2,0,0
2,122.28,3.002,181.79,8.114,1719,16116.5,0,0
2,121.9,3.028,181.79,8.114,1719,16136.7,0,0
2,121.66,3.049,181.79,8.114,1719,16156.9,0,0
2,121.57,3.064,181.79,8.114,1719,16177.1,0,0
2,121.63,3.073,181.79,8.114,1719,16197.4,0,0
2,121.84,3.074,181.79,8.114,1719,16217.6,0,0
2,122.19,3.068,181.79,8.114,1719,16237.8,0,0
2,122.67,3.054,181.79,8.114,1719,16258.0,0,0
2,123.26,3.035,181.79,8.114,1719,16278.2,0,0
2,119.98,3.155,173.61,7.716,1694,16298.5,0,0
2,116.71,2.975,181.42,8.094,1719,16318.7,0,0
2,117.42,2.946,181.42,8.094,1719,16338.9,0,0
2,118.12,2.916,181.42,8.094,1719,16359.1,0,0
2,106.92,2.022,181.42,8.094,1719,16379.3,1,0
2,119.41,2.866,181.42,8.094,1719,16399.6,0,0
2,119.93,2.848,181.42,8.094,1719,16419.8,0,0
2,120.36,2.836,181.42,8.094,1719,16440.0,0,0
2,120.65,2.832,181.42,8.094,1719,16460.2,0,0
2,120.82,2.835,181.42,8.094,1719,16480.5,0,0
2,120.84,2.845,181.42,8.094,1719,16500.7,0,0
2,120.71,3.0,173.26,8.491,1744,16520.9,0,0
2,120.45,3.168,181.05,8.075,1719,16541.1,0,0
2,120.06,3.044,181.79,8.471,1694,16561.3,0,0
2,119.56,3.222,189.97,8.886,1669,16581.6,0,0
2,118.97,3.099,198.52,9.321,1645,16601.8,0,0
2,118.31,2.978,189.58,8.864,1670,16622.0,0,0
2,117.61,2.859,181.05,8.43,1695,16642.2,0,0
2,116.9,2.74,172.91,8.417,1720,16662.4,0,0
2,116.21,2.621,180.69,8.005,1695,16682.7,0,0
2,115.56,2.68,172.56,7.613,1670,16702.9,0,0
2,114.99,2.809,180.32,7.986,1645,16723.1,0,0
2,110.6,2.821,188.44,8.377,1670,16743.3,0,0
2,110.25,2.942,196.91,8.787,1695,16763.6,0,0
2,110.02,2.782,188.05,9.218,1720,16783.8,0,0
2,109.93,2.816,179.59,9.201,1695,16804.0,0,0
2,109.97,2.656,187.67,8.75,1670,16824.2,0,0
2,110.15,2.755,179.23,8.322,1645,16844.4,0,0
2,106.57,2.597,187.29,8.729,1670,16864.7,0,0
2,106.98,2.573,187.29,8.729,1670,16884.9,0,0
2,107.49,2.553,187.29,8.729,1670,16905.1,0,0
2,108.07,2.537,187.29,8.729,1670,16925.3,0,0
2,108.7,2.528,187.29,8.729,1670,16945.5,0,0
2,109.36,2.525,187.29,8.729,1670,16965.8,0,0
2,110.02,2.529,187.29,8.729,1670,16986.0,0,0
2,110.65,2.539,187.29,8.729,1670,17006.2,0,0
2,107.16,2.432,195.72,8.302,1667,17026.4,0,0
2,103.55,2.334,186.91,7.895,1692,17046.7,0,0
2,103.92,2.439,178.5,7.508,1667,17066.9,0,0
2,104.19,2.345,186.54,7.876,1692,17087.1,0,0
2,104.33,2.482,194.93,7.49,1717,17107.3,0,0
2,104.36,2.385,194.07,7.123,1692,17127.5,0,0
2,104.26,2.52,202.8,7.472,1717,17147.8,0,0
2,104.05,2.415,211.93,7.106,1692,17168.0,0,0
2,103.72,2.415,202.39,6.758,1667,17188.2,0,0
2,103.29,2.304,193.29,6.427,1642,17208.4,0,0
2,106.84,2.413,201.98,6.741,1667,17228.6,0,0
2,106.26,2.522,192.89,6.411,1692,17248.9,0,0
2,105.63,2.63,184.21,6.097,1717,17269.1,0,0
2,104.99,2.487,175.92,5.798,1742,17289.3,0,0
2,104.37,2.347,183.84,6.082,1717,17309.5,0,0
2,103.78,2.436,192.11,5.784,1692,17329.8,0,0
2,103.26,2.296,200.76,5.501,1717,17350.0,0,0
2,102.82,2.383,191.72,5.231,1742,17370.2,0,0
2,102.49,2.474,200.35,5.488,1767,17390.4,0,0
2,102.27,2.455,200.35,5.488,1767,17410.6,0,0
2,102.17,2.441,200.35,5.488,1767,17430.9,0,0
2,102.2,2.433,200.35,5.488,1767,17451.1,0,0
2,102.36,2.431,200.35,5.488,1767,17471.3,0,0
2,106.54,2.319,198.85,5.757,1742,17491.5,0,0
2,110.86,2.441,200.53,6.039,1717,17511.7,0,0
2,107.45,2.339,191.51,6.335,1742,17532.0,0,0
2,111.98,2.245,182.89,6.024,1717,17552.2,0,0
2,108.66,2.158,174.66,5.729,1692,17572.4,0,0
2,110.84,2.284,182.52,5.448,1667,17592.6,0,0
2,115.53,2.418,190.74,5.715,1692,17612.9,0,0
2,116.2,2.557,199.32,5.995,1717,17633.1,0,0
2,116.81,2.454,190.35,6.289,1742,17653.3,0,0
2,117.34,2.588,181.78,5.981,1767,17673.5,0,0
2,117.77,2.474,173.6,5.688,1742,17693.7,0,0
2,118.08,2.359,181.42,5.966,1717,17714.0,0,0
2,118.25,2.471,173.25,5.674,1692,17734.2,0,0
2,118.29,2.345,181.05,5.396,1717,17754.4,0,0
2,118.19,2.445,189.2,5.661,1742,17774.6,0,0
2,113.85,2.544,197.71,5.938,1767,17794.8,0,0
2,109.4,2.643,206.61,6.229,1792,17815.1,0,0
2,113.04,2.743,215.9,6.534,1767,17835.3,0,0
2,108.43,2.585,225.62,6.854,1742,17855.5,0,0
2,103.8,2.437,217.45,7.19,1767,17875.7,0,0
2,99.18,2.354,207.67,6.838,1792,17896.0,0,0
2,98.58,2.336,207.67,6.838,1792,17916.2,0,0
2,97.99,2.324,207.67,6.838,1792,17936.4,0,0
2,97.44,2.317,207.67,6.838,1792,17956.6,0,0
2,96.95,2.316,207.67,6.838,1792,17976.8,0,0
2,96.53,2.321,207.67,6.838,1792,17997.1,0,0
2,96.21,2.332,207.67,6.838,1792,18017.3,0,0
2,95.99,2.348,207.67,6.838,1792,18037.5,0,0
2,92.01,2.482,217.01,6.503,1817,18057.7,0,0
2,88.15,2.626,207.25,6.184,1842,18077.9,0,0
2,84.4,2.525,197.92,5.881,1817,18098.2,0,0
2,84.62,2.428,206.83,6.169,1792,18118.4,0,0
2,84.94,2.568,197.52,5.867,1767,18138.6,0,0
2,85.33,2.712,188.63,6.154,1792,18158.8,0,0
2,85.79,2.859,180.14,6.456,1817,18179.1,0,0
2,86.28,3.007,188.25,6.772,1842,18199.3,0,0
2,86.81,2.982,179.78,6.44,1817,18219.5,0,0
2,87.33,3.122,171.69,6.125,1842,18239.7,0,0
2,87.84,3.133,179.41,6.425,1825,18259.9,0,0
2,92.37,2.966,187.49,6.74,1850,18280.2,0,0
2,92.79,2.944,187.49,6.74,1850,18300.4,0,0
2,93.14,2.918,187.49,6.74,1850,18320.6,0,0
2,93.39,2.89,187.49,6.74,1850,18340.8,0,0
2,93.54,2.861,187.49,6.74,1850,18361.0,0,0
2,97.7,2.697,179.05,6.41,1825,18381.3,0,0
2,101.74,2.545,187.11,6.724,1850,18401.5,0,0
2,101.54,2.648,178.69,6.394,1875,18421.7,0,0
2,101.24,2.508,170.65,6.708,1850,18441.9,0,0
2,100.84,2.382,162.97,7.036,1875,18462.2,0,0
2,100.35,2.267,170.3,6.955,1850,18482.4,0,0
2,99.81,2.164,177.96,7.296,1825,18502.6,0,0
2,99.22,2.07,169.96,7.654,1850,18522.8,0,0
2,94.63,2.185,177.6,8.029,1825,18543.0,0,0
2,90.9,2.099,185.6,8.422,1800,18563.3,0,0
2,90.57,2.221,193.95,8.009,1825,18583.5,0,0
2,93.46,2.351,185.22,7.617,1800,18603.7,0,0
2,93.05,2.488,190.73,7.244,1825,18623.9,0,0
2,92.73,2.39,182.15,6.889,1800,18644.1,0,0
2,92.52,2.524,190.34,7.226,1825,18664.4,0,0
2,92.41,2.526,181.78,7.58,1850,18684.6,0,0
2,92.42,2.413,189.96,7.952,1875,18704.8,0,0
2,92.55,2.46,198.51,7.562,1900,18725.0,0,0
2,92.79,2.574,189.57,7.933,1875,18745.3,0,0
2,97.04,2.688,198.1,8.321,1850,18765.5,0,0
2,93.56,2.544,207.02,8.729,1875,18785.7,0,0
2,94.05,2.645,197.7,8.302,1900,18805.9,0,0
2,94.6,2.747,206.6,8.708,1875,18826.1,0,0
2,95.17,2.851,215.9,9.135,1868,18846.4,0,0
2,95.75,2.884,206.18,8.687,1893,18866.6,0,0
2,96.3,2.719,201.52,8.262,1868,18886.8,0,0
2,96.81,2.566,192.45,8.667,1884,18907.0,0,0
2,97.26,2.671,201.11,9.091,1909,18927.2,0,0
2,97.63,2.786,192.06,8.646,1934,18947.5,0,0
2,102.02,2.913,183.42,9.069,1909,18967.7,0,0
2,102.19,3.054,191.67,9.514,1884,18987.9,0,0
2,102.24,2.916,200.3,9.98,1859,19008.1,0,0
2,102.17,3.072,209.03,9.491,1884,19028.4,0,0
2,101.98,2.946,218.44,9.956,1859,19048.6,0,0
2,101.68,3.115,224.05,10.444,1884,19068.8,0,0
2,101.28,3.297,213.97,10.956,1859,19089.0,0,0
2,90.72,2.443,223.6,11.492,1834,19109.2,1,0
2,100.26,3.525,223.6,11.492,1834,19129.5,0,0
2,99.68,3.556,223.6,11.492,1834,19149.7,0,0
2,99.08,3.582,223.6,11.492,1834,19169.9,0,0
2,98.48,3.601,223.6,11.492,1834,19190.1,0,0
2,97.92,3.612,223.6,11.492,1834,19210.3,0,0
2,97.42,3.615,223.6,11.492,1834,19230.6,0,0
2,100.89,3.782,213.53,10.929,1809,19250.8,0,0
2,100.54,3.947,223.14,10.394,1834,19271.0,0,0
2,100.3,3.735,233.18,10.903,1859,19291.2,0,0
2,100.18,3.602,222.69,11.437,1834,19311.5,0,0
2,100.18,3.397,212.67,10.877,1859,19331.7,0,0
2,100.31,3.525,203.1,10.344,1884,19351.9,0,0
2,100.56,3.323,193.96,9.837,1909,19372.1,0,0
2,100.92,3.449,202.69,9.355,1884,19392.3,0,0
2,101.38,3.256,193.57,9.813,1859,19412.6,0,0
2,105.86,3.39,184.86,9.333,1834,19432.8,0,0
2,106.47,3.526,193.18,8.875,1809,19453.0,0,0
2,107.11,3.35,201.87,9.31,1834,19473.2,0,0
2,107.76,3.192,194.79,8.854,1809,19493.4,0,0
2,108.39,3.049,191.54,8.42,1784,19513.7,0,0
2,108.97,3.213,182.92,8.008,1759,19533.9,0,0
2,109.48,3.082,174.69,7.935,1784,19554.1,0,0
2,108.35,2.961,166.82,8.324,1759,19574.3,0,0
2,112.77,2.995,168.35,7.916,1734,19594.6,0,0
2,117.08,2.88,175.93,8.304,1759,19614.8,0,0
2,117.15,3.047,183.85,7.897,1734,19635.0,0,0
2,117.08,3.221,192.12,7.51,1759,19655.2,0,0
2,116.88,3.399,183.48,7.878,1734,19675.4,0,0
2,116.54,3.581,175.22,8.264,1759,19695.7,0,0
2,116.09,3.418,179.88,8.669,1784,19715.9,0,0
2,115.55,3.42,179.88,8.669,1784,19736.1,0,0
2,114.93,3.413,179.88,8.669,1784,19756.3,0,0
2,114.27,3.398,179.88,8.669,1784,19776.5,0,0
2,113.58,3.376,179.88,8.669,1784,19796.8,0,0
2,112.9,3.349,179.88,8.669,1784,19817.0,0,0
2,112.25,3.317,179.88,8.669,1784,19837.2,0,0
2,107.74,3.127,187.97,8.268,1809,19857.4,0,0
2,111.16,2.947,196.43,8.674,1784,19877.7,0,0
2,110.77,2.779,187.59,8.249,1759,19897.9,0,0
2,110.49,2.889,196.03,8.653,1734,19918.1,0,0
2,110.35,2.733,187.21,8.229,1759,19938.3,0,0
2,110.34,2.591,178.79,7.826,1784,19958.5,0,0
2,106.59,2.495,186.83,7.442,1759,19978.8,0,0
2,106.85,2.617,178.43,7.077,1784,19999.0,0,0
2,107.22,2.753,170.4,6.812,1759,20019.2,0,0
2,107.7,2.902,172.53,7.146,1784,20039.4,0,0
2,108.26,2.785,180.29,7.496,1759,20059.6,0,0
2,108.88,2.946,172.18,7.864,1734,20079.9,0,0
2,105.55,3.118,179.93,7.478,1734,20100.1,0,0
2,106.19,2.998,188.03,7.845,1759,20120.3,0,0
2,106.81,2.882,187.82,7.46,1734,20140.5,0,0
2,107.39,3.045,196.27,7.826,1709,20160.8,0,0
2,107.9,3.213,189.26,7.442,1734,20181.0,0,0
2,112.42,3.384,180.74,7.09,1759,20201.2,0,0
2,112.75,3.229,188.88,6.743,1784,20221.4,0,0
2,112.96,3.384,180.38,7.073,1809,20241.6,0,0
2,113.03,3.538,172.26,6.727,1784,20261.9,0,0
2,112.97,3.353,164.51,7.056,1759,20282.1,0,0
2,112.78,3.17,171.91,7.402,1734,20302.3,0,0
2,112.47,3.295,179.65,7.765,1759,20322.5,0,0
2,112.05,3.107,171.56,7.384,1784,20342.7,0,0
2,115.59,2.928,179.28,7.023,1809,20363.0,0,0
2,114.98,2.899,179.28,7.023,1809,20383.2,0,0
2,114.32,2.873,179.28,7.023,1809,20403.4,0,0
2,113.63,2.85,179.28,7.023,1809,20423.6,0,0
2,112.95,2.833,179.28,7.023,1809,20443.9,0,0
2,138.94,3.689,159.28,5.023,1809,20464.1,0,1
2,111.7,2.819,179.28,7.023,1809,20484.3,0,0
2,111.2,2.823,179.28,7.023,1809,20504.5,0,0
2,110.79,2.834,179.28,7.023,1809,20524.7,0,0
2,106.62,2.715,187.35,6.836,1805,20545.0,0,0
2,106.47,2.869,195.78,6.501,1780,20565.2,0,0
2,106.46,3.035,204.59,6.82,1755,20585.4,0,0
2,106.58,2.918,195.39,6.486,1780,20605.6,0,0
2,106.83,2.806,186.59,6.168,1755,20625.8,0,0
2,107.19,2.697,194.99,6.47,1780,20646.1,0,0
2,107.66,2.849,186.22,6.787,1755,20666.3,0,0
2,104.27,3.006,194.59,6.648,1780,20686.5,0,0
2,108.84,2.874,185.84,6.323,1805,20706.7,0,0
2,109.49,2.742,194.2,6.632,1830,20727.0,0,0
2,110.16,2.873,202.94,6.957,1805,20747.2,0,0
2,110.8,2.727,193.81,6.616,1830,20767.4,0,0
2,111.41,2.583,202.53,6.941,1805,20787.6,0,0
2,111.94,2.442,193.42,6.601,1830,20807.8,0,0
2,112.39,2.538,202.12,6.924,1855,20828.1,0,0
2,116.84,2.634,193.02,6.585,1830,20848.3,0,0
2,112.94,2.733,201.71,6.907,1805,20868.5,0,0
2,113.03,2.706,201.71,6.907,1805,20888.7,0,0
2,112.98,2.682,201.71,6.907,1805,20908.9,0,0
2,112.8,2.661,201.71,6.907,1805,20929.2,0,0
2,112.5,2.646,201.71,6.907,1805,20949.4,0,0
2,112.08,2.637,201.71,6.907,1805,20969.6,0,0
2,111.57,2.635,201.71,6.907,1805,20989.8,0,0
2,115.03,2.766,208.93,6.569,1830,21010.0,0,0
2,114.36,2.778,208.93,6.569,1830,21030.3,0,0
2,113.68,2.797,208.93,6.569,1830,21050.5,0,0
2,112.99,2.82,208.93,6.569,1830,21070.7,0,0
2,112.34,2.847,208.93,6.569,1830,21090.9,0,0
2,111.74,2.876,208.93,6.569,1830,21111.2,0,0
2,111.23,3.044,199.53,6.247,1855,21131.4,0,0
2,110.82,3.22,190.55,6.553,1830,21151.6,0,0
2,110.52,3.09,198.26,6.874,1855,21171.8,0,0
2,110.36,2.96,207.18,6.537,1830,21192.0,0,0
2,110.33,2.829,197.86,6.217,1855,21212.3,0,0
2,110.45,2.97,206.76,6.522,1880,21232.5,0,0
2,110.7,3.111,197.46,6.841,1905,21252.7,0,0
2,107.16,2.953,206.34,6.587,1901,21272.9,0,0
2,107.63,2.937,206.34,6.587,1901,21293.1,0,0
2,108.18,2.916,206.34,6.587,1901,21313.4,0,0
2,108.79,2.89,206.34,6.587,1901,21333.6,0,0
2,109.44,2.863,206.34,6.587,1901,21353.8,0,0
2,110.11,2.834,206.34,6.587,1901,21374.0,0,0
2,110.76,2.806,206.34,6.587,1901,21394.3,0,0
2,111.37,2.781,206.34,6.587,1901,21414.5,0,0
2,115.99,2.893,197.06,6.264,1876,21434.7,0,0
2,114.89,3.016,188.19,6.571,1851,21454.9,0,0
2,111.14,3.151,196.66,6.249,1826,21475.1,0,0
2,115.48,3.301,187.81,6.555,1851,21495.4,0,0
2,111.45,3.467,196.26,6.877,1876,21515.6,0,0
2,111.41,3.65,205.09,7.213,1901,21535.8,0,0
2,111.25,3.499,214.32,7.567,1876,21556.0,0,0
2,110.95,3.359,223.96,7.938,1851,21576.2,0,0
2,110.55,3.229,234.04,8.327,1826,21596.5,0,0
2,110.05,3.418,223.51,8.735,1851,21616.7,0,0
2,109.48,3.286,213.45,8.307,1876,21636.9,0,0
2,112.87,3.476,203.85,8.714,1901,21657.1,0,0
2,116.2,3.335,194.67,8.287,1882,21677.4,0,0
2,111.52,3.193,185.91,7.881,1907,21697.6,0,0
2,110.87,3.206,185.91,7.881,1907,21717.8,0,0
2,110.28,3.21,185.91,7.881,1907,21738.0,0,0
2,109.77,3.207,185.91,7.881,1907,21758.2,0,0
2,109.35,3.196,185.91,7.881,1907,21778.5,0,0
2,109.05,3.026,177.55,7.495,1882,21798.7,0,0
2,108.88,2.859,185.54,7.862,1857,21818.9,0,0
2,97.96,1.888,186.83,8.247,1882,21839.1,1,0
2,108.95,2.671,186.83,8.247,1882,21859.3,0,0
2,109.19,2.645,186.83,8.247,1882,21879.6,0,0
2,109.54,2.619,186.83,8.247,1882,21899.8,0,0
2,110.01,2.596,186.83,8.247,1882,21920.0,0,0
2,110.57,2.578,186.83,8.247,1882,21940.2,0,0
2,111.19,2.565,186.83,8.247,1882,21960.5,0,0
2,115.85,2.435,178.43,7.843,1907,21980.7,0,0
2,120.56,2.318,170.4,7.922,1882,22000.9,0,0
2,125.31,2.212,178.07,8.31,1857,22021.1,0,0
2,121.94,2.117,186.08,8.717,1882,22041.3,0,0
2,118.47,2.03,194.45,9.144,1857,22061.6,0,0
2,114.86,1.992,185.7,8.696,1832,22081.8,0,0
2,119.33,2.108,177.34,8.27,1857,22102.0,0,0
2,115.46,2.232,175.22,7.912,1882,22122.2,0,0
2,119.69,2.362,183.1,8.3,1907,22142.4,0,0
2,119.66,2.498,191.34,7.893,1882,22162.7,0,0
2,119.49,2.637,182.73,7.506,1907,22182.9,0,0
2,119.18,2.525,190.96,7.874,1882,22203.1,0,0
2,118.76,2.412,182.36,8.26,1907,22223.3,0,0
2,118.23,2.531,174.16,7.855,1882,22243.6,0,0
2,117.62,2.649,181.99,8.24,1857,22263.8,0,0
2,120.97,2.765,190.18,8.644,1832,22284.0,0,0
2,124.25,2.617,181.63,9.067,1857,22304.2,0,0
2,119.52,2.722,173.45,9.512,1832,22324.4,0,0
2,118.83,2.827,181.26,9.046,1857,22344.7,0,0
2,118.19,2.933,189.41,8.602,1882,22364.9,0,0
2,117.63,3.043,197.94,8.435,1876,22385.1,0,0
2,117.17,3.159,189.03,8.022,1901,22405.3,0,0
2,116.85,3.282,180.52,8.415,1876,22425.5,0,0
2,116.65,3.103,188.65,8.827,1851,22445.8,0,0
2,116.61,2.94,197.14,9.13,1826,22466.0,0,0
2,112.82,2.792,206.01,8.683,1851,22486.2,0,0
2,113.06,2.927,215.28,8.258,1826,22506.4,0,0
2,113.42,2.795,205.59,8.662,1851,22526.7,0,0
2,113.9,2.945,214.84,9.087,1826,22546.9,0,0
2,114.47,2.824,224.51,9.532,1851,22567.1,0,0
2,115.11,2.713,214.41,9.065,1876,22587.3,0,0
2,115.79,2.608,204.76,8.621,1851,22607.5,0,0
2,116.5,2.761,195.55,8.198,1826,22627.8,0,0
2,121.22,2.654,186.75,7.797,1851,22648.0,0,0
2,121.9,2.549,195.15,7.415,1876,22668.2,0,0
2,122.5,2.444,186.37,7.051,1901,22688.4,0,0
2,123.02,2.34,194.21,6.706,1876,22708.6,0,0
2,123.41,2.353,194.48,7.034,1884,22728.9,0,0
2,119.57,2.241,203.23,7.379,1909,22749.1,0,0
2,115.57,2.345,212.38,7.741,1934,22769.3,0,0
2,119.67,2.223,202.82,8.12,1909,22789.5,0,0
2,123.62,2.104,208.92,8.518,1934,22809.8,0,0
2,127.42,1.987,199.52,8.1,1909,22830.0,0,0
2,124.43,1.874,190.54,7.703,1884,22850.2,0,0
2,119.81,1.767,181.96,8.081,1909,22870.4,0,0
2,115.14,1.833,173.77,8.477,1884,22890.6,0,0
2,114.49,1.903,165.95,8.061,1909,22910.9,0,0
2,113.81,1.977,173.42,7.666,1934,22931.1,0,0
2,113.12,2.059,165.62,8.042,1909,22951.3,0,0
2,112.46,1.951,173.07,7.648,1884,22971.5,0,0
2,115.78,1.927,165.28,7.273,1859,22991.7,0,0
2,115.23,2.021,172.72,7.63,1834,23012.0,0,0
2,114.78,1.93,180.49,8.004,1859,23032.2,0,0
2,114.45,1.848,172.37,8.396,1834,23052.4,0,0
2,114.25,1.951,170.01,8.807,1809,23072.6,0,0
2,110.31,1.875,177.66,8.376,1784,23092.9,0,0
2,110.4,1.893,177.66,8.376,1784,23113.1,0,0
2,110.61,1.912,177.66,8.376,1784,23133.3,0,0
2,110.96,1.931,177.66,8.376,1784,23153.5,0,0
2,111.42,1.947,177.66,8.376,1784,23173.7,0,0
2,111.97,1.961,177.66,8.376,1784,23194.0,0,0
2,112.6,1.971,177.66,8.376,1784,23214.2,0,0
2,113.27,1.977,177.66,8.376,1784,23234.4,0,0
2,113.95,2.072,185.66,8.786,1809,23254.6,0,0
2,114.63,1.969,177.3,8.355,1784,23274.8,0,0
2,115.28,2.054,185.28,8.765,1809,23295.1,0,0
2,115.85,1.943,193.62,9.194,1834,23315.3,0,0
2,116.35,2.02,184.91,8.744,1859,23335.5,0,0
2,116.73,2.097,176.59,8.315,1834,23355.7,0,0
2,119.13,2.176,168.64,8.069,1809,23376.0,0,0
2,123.38,2.186,161.05,8.464,1834,23396.2,0,0
2,127.49,2.062,168.3,8.049,1809,23416.4,0,0
2,127.33,2.143,160.73,8.444,1834,23436.6,0,0
2,127.03,2.232,167.96,8.857,1809,23456.8,0,0
2,126.59,2.116,175.52,8.783,1834,23477.1,0,0
2,126.04,2.214,183.41,8.353,1809,23497.3,0,0
2,125.4,2.323,191.67,8.762,1834,23517.5,0,0
2,124.69,2.325,200.29,9.191,1809,23537.7,0,0
2,123.95,2.226,191.28,9.642,1834,23557.9,0,0
2,123.2,2.136,182.67,10.114,1809,23578.2,0,0
2,118.52,2.26,174.45,10.196,1834,23598.4,0,0
2,113.94,2.392,182.3,9.697,1859,23618.6,0,0
2,109.47,2.3,190.51,10.172,1834,23638.8,0,0
2,109.03,2.322,190.51,10.172,1834,23659.1,0,0
2,108.71,2.341,190.51,10.172,1834,23679.3,0,0
2,108.51,2.357,190.51,10.172,1834,23699.5,0,0
2,108.45,2.369,190.51,10.172,1834,23719.7,0,0
2,108.52,2.374,190.51,10.172,1834,23739.9,0,0
2,104.84,2.261,181.93,9.673,1809,23760.2,0,0
2,105.16,2.363,190.12,10.147,1834,23780.4,0,0
2,105.59,2.465,194.24,10.645,1859,23800.6,0,0
2,106.1,2.566,202.98,10.962,1884,23820.8,0,0
2,106.69,2.423,212.12,10.607,1909,23841.0,0,0
2,107.33,2.515,221.66,11.126,1884,23861.3,0,0
2,107.98,2.371,211.69,10.581,1859,23881.5,0,0
2,108.62,2.46,221.21,11.1,1834,23901.7,0,0
2,113.29,2.32,211.26,10.556,1859,23921.9,0,0
2,113.86,2.412,201.75,10.038,1834,23942.2,0,0
2,114.35,2.513,192.67,9.547,1809,23962.4,0,0
2,114.74,2.624,184.0,10.014,1834,23982.6,0,0
2,115.0,2.746,175.72,9.524,1809,24002.8,0,0
2,115.14,2.618,167.82,9.057,1784,24023.0,0,0
2,115.14,2.503,175.29,8.613,1759,24043.3,0,0
2,115.0,2.596,183.17,8.191,1784,24063.5,0,0
2,114.74,2.491,191.42,8.593,1759,24083.7,0,0
2,110.26,2.394,200.03,9.014,1784,24103.9,0,0
2,109.79,2.418,200.03,9.014,1784,24124.1,0,0
2,109.24,2.442,200.03,9.014,1784,24144.4,0,0
2,108.62,2.466,200.03,9.014,1784,24164.6,0,0
2,107.98,2.486,200.03,9.014,1784,24184.8,0,0
2,107.33,2.502,200.03,9.014,1784,24205.0,0,0
2,106.69,2.513,200.03,9.014,1784,24225.3,0,0
2,105.38,2.639,191.03,8.572,1759,24245.5,0,0
2,108.78,2.765,199.63,8.992,1734,24265.7,0,0
2,112.24,2.89,190.64,8.551,1709,24285.9,0,0
2,108.01,2.738,199.22,8.132,1684,24306.1,0,0
2,107.8,2.719,199.22,8.132,1684,24326.4,0,0
2,107.73,2.696,199.22,8.132,1684,24346.6,0,0
2,107.79,2.67,199.22,8.132,1684,24366.8,0,0
2,107.99,2.643,199.22,8.132,1684,24387.0,0,0
2,108.31,2.617,199.22,8.132,1684,24407.2,0,0
2,104.83,2.469,190.26,7.734,1659,24427.5,0,0
2,109.27,2.332,198.82,7.355,1684,24447.7,0,0
2,105.92,2.208,207.76,6.994,1659,24467.9,0,0
2,106.54,2.306,198.42,6.652,1634,24488.1,0,0
2,107.19,2.415,189.49,6.326,1659,24508.4,0,0
2,107.83,2.535,180.96,6.636,1634,24528.6,0,0
2,108.44,2.424,189.1,6.311,1659,24548.8,0,0
2,98.1,1.626,180.59,6.001,1684,24569.0,1,0
2,109.47,2.342,180.59,6.001,1684,24589.2,0,0
2,109.85,2.364,180.59,6.001,1684,24609.5,0,0
2,110.11,2.388,180.59,6.001,1684,24629.7,0,0
2,110.25,2.412,180.59,6.001,1684,24649.9,0,0
2,110.26,2.435,180.59,6.001,1684,24670.1,0,0
2,110.14,2.454,180.59,6.001,1684,24690.3,0,0
2,114.0,2.351,172.47,6.295,1709,24710.6,0,0
2,113.63,2.474,166.39,5.987,1734,24730.8,0,0
2,113.15,2.597,173.87,6.28,1759,24751.0,0,0
2,112.58,2.471,181.7,5.973,1734,24771.2,0,0
2,111.96,2.345,189.88,6.265,1709,24791.5,0,0
2,111.29,2.445,198.42,6.572,1684,24811.7,0,0
2,110.62,2.544,207.35,6.894,1665,24831.9,0,0
2,109.97,2.643,216.68,7.232,1640,24852.1,0,0
2,105.42,2.743,206.93,7.586,1665,24872.3,0,0
2,104.9,2.585,197.62,7.215,1690,24892.6,0,0
2,104.47,2.511,188.72,7.568,1715,24912.8,0,0
2,104.14,2.609,181.17,7.197,1723,24933.0,0,0
2,103.93,2.465,173.02,6.845,1698,24953.2,0,0
2,103.85,2.569,165.24,6.509,1723,24973.4,0,0
2,103.9,2.684,172.67,6.828,1748,24993.7,0,0
2,104.08,2.78,164.9,6.494,1723,25013.9,0,0
2,104.38,2.92,157.48,6.176,1698,25034.1,0,0
2,108.71,2.793,164.57,6.478,1673,25054.3,0,0
2,109.23,2.947,171.97,6.161,1648,25074.6,0,0
2,109.83,3.115,179.71,6.463,1673,25094.8,0,0
2,110.47,2.994,187.8,6.779,1698,25115.0,0,0
2,111.15,3.17,179.35,6.447,1723,25135.2,0,0
2,111.81,3.355,187.42,6.131,1743,25155.4,0,0
2,112.45,3.223,178.98,6.432,1718,25175.7,0,0
2,113.03,3.092,187.04,6.747,1693,25195.9,0,0
2,113.53,2.961,195.46,7.077,1718,25216.1,0,0
2,109.83,2.83,186.66,7.424,1743,25236.3,0,0
2,105.99,2.698,178.26,7.06,1718,25256.5,0,0
2,102.01,2.566,186.28,6.714,1743,25276.8,0,0
2,102.03,2.654,194.66,7.043,1718,25297.0,0,0
2,101.92,2.703,185.9,7.389,1693,25317.2,0,0
2,101.7,2.812,177.54,7.751,1718,25337.4,0,0
2,101.38,2.921,185.53,8.13,1743,25357.7,0,0
2,100.95,3.031,193.88,8.529,1768,25377.9,0,0
2,100.46,2.856,185.15,8.111,1743,25398.1,0,0
2,99.9,2.693,192.02,7.713,1730,25418.3,0,0
2,99.31,2.798,183.38,7.335,1755,25438.5,0,0
2,94.73,2.911,175.13,7.695,1730,25458.8,0,0
2,94.16,2.896,175.13,7.695,1730,25479.0,0,0
2,93.64,2.888,175.13,7.695,1730,25499.2,0,0
2,93.17,2.888,175.13,7.695,1730,25519.4,0,0
2,92.78,2.896,175.13,7.695,1730,25539.6,0,0
2,92.48,2.91,175.13,7.695,1730,25559.9,0,0
2,96.18,2.879,183.01,8.072,1755,25580.1,0,0
2,99.97,2.765,191.24,8.467,1780,25600.3,0,0
2,103.89,2.658,182.64,8.882,1805,25620.5,0,0
2,107.95,2.814,190.86,9.318,1830,25640.8,0,0
2,108.26,2.841,190.86,9.318,1830,25661.0,0,0
2,108.68,2.867,190.86,9.318,1830,25681.2,0,0
2,109.19,2.889,190.86,9.318,1830,25701.4,0,0
2,109.78,2.905,190.86,9.318,1830,25721.6,0,0
2,110.43,2.915,190.86,9.318,1830,25741.9,0,0
2,111.1,2.918,190.86,9.318,1830,25762.1,0,0
2,111.77,2.915,190.86,9.318,1830,25782.3,0,0
2,112.41,2.904,190.86,9.318,1830,25802.5,0,0
2,112.99,2.887,190.86,9.318,1830,25822.7,0,0
2,113.5,2.865,190.86,9.318,1830,25843.0,0,0
2,113.9,2.839,190.86,9.318,1830,25863.2,0,0
2,114.2,2.811,190.86,9.318,1830,25883.4,0,0
2,114.36,2.783,190.86,9.318,1830,25903.6,0,0
2,118.51,2.624,182.27,8.861,1855,25923.9,0,0
2,114.28,2.476,190.47,8.807,1880,25944.1,0,0
2,114.05,2.341,199.04,9.238,1905,25964.3,0,0
2,113.69,2.218,208.0,8.786,1930,25984.5,0,0
2,113.22,2.107,198.64,9.216,1955,26004.7,0,0
2,112.67,2.006,207.58,8.765,1930,26025.0,0,0
2,112.05,2.109,198.24,8.335,1905,26045.2,0,0
2,111.39,2.222,207.16,7.927,1880,26065.4,0,0
2,110.72,2.346,216.48,8.315,1905,26085.6,0,0
2,114.02,2.48,206.74,8.723,1880,26105.8,0,0
2,117.32,2.625,197.43,9.15,1905,26126.1,0,0
2,120.65,2.779,188.55,9.598,1880,26146.3,0,0
2,120.14,2.85,197.03,9.128,1905,26166.5,0,0
2,119.75,2.737,188.17,8.681,1930,26186.7,0,0
2,119.49,2.889,196.64,9.106,1905,26207.0,0,0
2,119.38,3.044,205.48,9.552,1880,26227.2,0,0
2,119.41,2.907,196.24,9.084,1899,26247.4,0,0
2,119.6,3.049,187.41,8.639,1874,26267.6,0,0
2,119.93,2.939,195.84,8.216,1849,26287.8,0,0
2,116.47,2.787,187.03,8.422,1824,26308.1,0,0
2,117.01,2.77,187.03,8.422,1824,26328.3,0,0
2,117.64,2.748,187.03,8.422,1824,26348.5,0,0
2,118.33,2.723,187.03,8.422,1824,26368.7,0,0
2,119.05,2.696,187.03,8.422,1824,26388.9,0,0
2,115.74,2.541,195.44,8.834,1849,26409.2,0,0
2,116.41,2.517,195.44,8.834,1849,26429.4,0,0
2,117.02,2.496,195.44,8.834,1849,26449.6,0,0
2,117.55,2.479,195.44,8.834,1849,26469.8,0,0
2,117.98,2.468,195.44,8.834,1849,26490.1,0,0
2,114.18,2.582,186.65,8.402,1824,26510.3,0,0
2,114.35,2.459,195.05,8.813,1849,26530.5,0,0
2,114.39,2.349,186.27,8.381,1874,26550.7,0,0
2,114.3,2.249,177.89,7.971,1899,26570.9,0,0
2,114.07,2.157,169.88,7.58,1874,26591.2,0,0
2,109.62,2.073,177.53,7.209,1899,26611.4,0,0
2,113.26,1.993,169.54,7.562,1924,26631.6,0,0
2,112.71,2.109,177.17,7.932,1899,26651.8,0,0
2,112.09,2.232,185.14,8.321,1890,26672.0,0,0
2,111.44,2.359,193.47,8.729,1915,26692.3,0,0
2,110.76,2.49,202.18,9.157,1890,26712.5,0,0
2,106.3,2.623,211.28,9.605,1915,26732.7,0,0
2,105.7,2.504,201.77,10.076,1940,26752.9,0,0
2,105.17,2.385,192.69,9.582,1965,26773.2,0,0
2,104.71,2.494,201.36,10.052,1940,26793.4,0,0
2,104.36,2.364,192.3,9.559,1935,26813.6,0,0
2,104.13,2.349,192.3,9.559,1935,26833.8,0,0
2,104.02,2.33,192.3,9.559,1935,26854.0,0,0
2,104.04,2.308,192.3,9.559,1935,26874.3,0,0
2,104.19,2.285,192.3,9.559,1935,26894.5,0,0
2,104.47,2.263,192.3,9.559,1935,26914.7,0,0
2,104.86,2.241,192.3,9.559,1935,26934.9,0,0
2,101.42,2.33,200.95,9.091,1910,26955.1,0,0
2,101.96,2.204,210.0,9.536,1935,26975.4,0,0
2,102.55,2.09,200.55,9.408,1910,26995.6,0,0
2,103.17,2.187,191.52,9.869,1935,27015.8,0,0
2,103.79,2.294,200.14,9.901,1960,27036.0,0,0
2,104.39,2.413,209.15,10.386,1985,27056.3,0,0
2,104.95,2.311,199.73,10.895,1966,27076.5,0,0
2,105.43,2.441,193.25,10.361,1941,27096.7,0,0
2,109.92,2.345,201.94,10.869,1916,27116.9,0,0
2,106.11,2.482,211.03,10.336,1941,27137.1,0,0
2,106.28,2.628,220.53,10.843,1966,27157.4,0,0
2,106.32,2.78,210.6,11.374,1991,27177.6,0,0
2,106.24,2.669,217.45,10.816,1966,27197.8,0,0
2,106.04,2.816,209.14,10.286,1941,27218.0,0,0
2,105.72,2.966,199.72,10.791,1966,27238.2,0,0
2,109.38,2.83,190.74,11.319,1941,27258.5,0,0
2,112.92,2.695,182.15,11.874,1966,27278.7,0,0
2,104.71,1.791,173.96,11.292,1941,27298.9,1,0
2,115.67,2.547,173.96,11.292,1941,27319.1,0,0
2,114.97,2.53,173.96,11.292,1941,27339.4,0,0
2,114.28,2.509,173.96,11.292,1941,27359.6,0,0
2,113.63,2.485,173.96,11.292,1941,27379.8,0,0
2,113.05,2.461,173.96,11.292,1941,27400.0,0,0
2,112.56,2.436,173.96,11.292,1941,27420.2,0,0
2,108.28,2.53,181.78,11.845,1966,27440.5,0,0
2,104.14,2.389,173.6,11.265,1941,27460.7,0,0
2,104.02,2.375,173.6,11.265,1941,27480.9,0,0
2,104.04,2.366,173.6,11.265,1941,27501.1,0,0
2,104.18,2.363,173.6,11.265,1941,27521.3,0,0
2,104.45,2.366,173.6,11.265,1941,27541.6,0,0
2,104.83,2.376,173.6,11.265,1941,27561.8,0,0
2,105.31,2.391,173.6,11.265,1941,27582.0,0,0
2,105.86,2.41,173.6,11.265,1941,27602.2,0,0
2,106.48,2.433,173.6,11.265,1941,27622.5,0,0
2,111.12,2.575,181.42,10.713,1916,27642.7,0,0
2,111.79,2.476,189.58,11.238,1941,27662.9,0,0
2,112.44,2.62,181.05,10.687,1916,27683.1,0,0
2,113.04,2.515,189.2,11.211,1891,27703.3,0,0
2,113.56,2.652,197.71,11.76,1866,27723.6,0,0
2,109.9,2.536,206.61,11.184,1891,27743.8,0,0
2,110.2,2.542,206.61,11.184,1891,27764.0,0,0
2,110.39,2.541,206.61,11.184,1891,27784.2,0,0
2,110.44,2.534,206.61,11.184,1891,27804.4,0,0
2,110.37,2.522,206.61,11.184,1891,27824.7,0,0
2,110.17,2.504,206.61,11.184,1891,27844.9,0,0
2,109.85,2.483,206.61,11.184,1891,27865.1,0,0
2,113.5,2.577,215.9,11.095,1866,27885.3,0,0
2,112.96,2.674,206.19,10.552,1891,27905.6,0,0
2,112.35,2.775,215.47,11.069,1916,27925.8,0,0
2,111.7,2.617,205.77,10.526,1891,27946.0,0,0
2,111.03,2.49,196.51,11.042,1916,27966.2,0,0
2,110.36,2.595,205.35,10.501,1891,27986.4,0,0
2,109.73,2.655,214.6,11.016,1916,28006.7,0,0
2,109.16,2.526,204.94,10.476,1919,28026.9,0,0
2,112.59,2.409,214.16,9.963,1944,28047.1,0,0
2,116.09,2.535,223.8,10.451,1919,28067.3,0,0
2,115.81,2.675,213.73,9.939,1894,28087.5,0,0
2,115.67,2.567,223.34,10.426,1869,28107.8,0,0
2,115.67,2.716,213.29,9.915,1844,28128.0,0,0
2,115.82,2.612,203.7,10.401,1869,28148.2,0,0
2,112.21,2.575,194.53,9.891,1894,28168.4,0,0
2,112.62,2.723,185.78,9.406,1919,28188.7,0,0
2,113.12,2.613,177.42,9.278,1944,28208.9,0,0
2,113.72,2.756,185.4,8.823,1919,28229.1,0,0
2,114.37,2.635,177.06,8.391,1894,28249.3,0,0
2,115.06,2.513,171.67,7.98,1919,28269.5,0,0
2,115.76,2.632,179.4,8.371,1944,28289.8,0,0
2,112.39,2.498,187.47,8.781,1969,28310.0,0,0
2,117.06,2.604,179.03,9.211,1994,28330.2,0,0
2,117.61,2.585,179.03,9.211,1994,28350.4,0,0
2,118.07,2.563,179.03,9.211,1994,28370.6,0,0
2,118.4,2.538,179.03,9.211,1994,28390.9,0,0
2,118.61,2.512,179.03,9.211,1994,28411.1,0,0
2,118.69,2.488,179.03,9.211,1994,28431.3,0,0
2,118.62,2.466,179.03,9.211,1994,28451.5,0,0
2,114.3,2.33,187.09,9.663,2019,28471.8,0,0
2,113.97,2.429,195.51,9.189,1994,28492.0,0,0
2,113.53,2.305,186.71,8.739,1969,28512.2,0,0
2,113.0,2.193,195.11,9.167,1994,28532.4,0,0
2,112.4,2.257,186.33,8.718,1969,28552.6,0,0
2,111.75,2.158,194.72,9.145,1994,28572.9,0,0
2,111.08,2.069,203.48,8.697,1969,28593.1,0,0
2,110.41,2.187,194.32,8.271,1944,28613.3,0,0
2,109.78,2.314,203.07,8.11,1919,28633.5,0,0
2,113.13,2.408,193.93,7.713,1944,28653.7,0,0
2,108.71,2.549,202.66,7.335,1969,28674.0,0,0
2,112.22,2.449,193.54,7.694,1994,28694.2,0,0
2,108.05,2.349,202.25,8.071,1986,28714.4,0,0
2,106.89,2.458,210.2,8.467,1961,28734.6,0,0
2,103.84,2.349,219.65,8.881,1936,28754.9,0,0
2,103.96,2.352,219.65,8.881,1936,28775.1,0,0
2,104.21,2.35,219.65,8.881,1936,28795.3,0,0
2,104.58,2.342,219.65,8.881,1936,28815.5,0,0
2,105.04,2.329,219.65,8.881,1936,28835.7,0,0
2,109.54,2.422,229.54,8.446,1911,28856.0,0,0
2,106.19,2.286,224.28,8.032,1936,28876.2,0,0
2,102.84,2.372,231.13,7.847,1911,28896.4,0,0
2,103.46,2.461,220.73,7.463,1886,28916.6,0,0
2,104.07,2.554,230.66,7.828,1911,28936.8,0,0
2,104.63,2.41,220.28,8.212,1886,28957.1,0,0
2,105.13,2.278,230.19,8.614,1911,28977.3,0,0
2,105.55,2.375,229.14,8.192,1886,28997.5,0,0
2,105.86,2.255,218.83,8.133,1861,29017.7,0,0
2,106.05,2.23,208.98,7.734,1836,29038.0,0,0
2,106.13,2.343,218.38,8.113,1861,29058.2,0,0
2,106.07,2.468,208.56,8.511,1886,29078.4,0,0
2,105.89,2.376,199.17,8.094,1861,29098.6,0,0
2,105.6,2.512,190.21,7.697,1836,29118.8,0,0
2,109.29,2.414,198.77,8.075,1811,29139.1,0,0
2,108.78,2.322,207.71,7.679,1786,29159.3,0,0
2,108.2,2.232,217.06,8.055,1811,29179.5,0,0
2,107.58,2.36,207.29,8.45,1836,29199.7,0,0
2,106.93,2.264,197.96,8.036,1811,29219.9,0,0
2,106.29,2.386,189.06,8.43,1836,29240.2,0,0
2,105.68,2.28,197.56,8.843,1811,29260.4,0,0
2,105.12,2.173,188.67,8.409,1836,29280.6,0,0
2,103.92,2.066,180.18,7.997,1811,29300.8,0,0
2,99.65,1.959,188.29,8.389,1836,29321.1,0,0
2,99.39,1.948,188.29,8.389,1836,29341.3,0,0
2,99.25,1.933,188.29,8.389,1836,29361.5,0,0
2,99.24,1.915,188.29,8.389,1836,29381.7,0,0
2,99.35,1.896,188.29,8.389,1836,29401.9,0,0
2,99.58,1.877,188.29,8.389,1836,29422.2,0,0
2,103.83,1.949,180.85,7.978,1811,29442.4,0,0
2,104.28,1.839,188.99,8.369,1836,29462.6,0,0
2,104.82,1.914,180.48,7.959,1861,29482.8,0,0
2,105.42,1.814,188.6,7.569,1836,29503.0,0,0
2,106.05,1.896,197.09,7.94,1845,29523.3,0,0
2,106.7,1.806,205.96,7.551,1870,29543.5,0,0
2,107.32,1.898,214.77,7.921,1856,29563.7,0,0
2,107.91,1.817,205.1,8.078,1881,29583.9,0,0
2,104.35,1.918,214.33,8.474,1906,29604.2,0,0
2,108.86,2.028,204.69,8.889,1931,29624.4,0,0
2,109.19,1.95,213.9,9.325,1906,29644.6,0,0
2,109.4,2.064,204.27,8.868,1931,29664.8,0,0
2,109.49,2.184,197.73,8.433,1906,29685.0,0,0
2,109.44,2.098,206.63,8.847,1931,29705.3,0,0
2,113.38,2.012,197.33,8.413,1956,29725.5,0,0
2,117.17,2.12,206.21,8.825,1981,29745.7,0,0
2,120.83,2.024,215.49,9.258,1956,29765.9,0,0
2,118.06,1.928,225.18,8.807,1931,29786.1,0,0
2,113.39,1.833,215.05,8.375,1956,29806.4,0,0
2,111.42,1.738,212.18,8.785,1931,29826.6,0,0
2,114.75,1.644,202.63,8.547,1906,29846.8,0,0
2,114.06,1.553,193.51,8.966,1881,29867.0,0,0
2,113.4,1.613,202.22,9.405,1906,29887.3,0,0
2,112.8,1.52,206.63,9.866,1881,29907.5,0,0
2,112.27,1.577,215.93,9.383,1906,29927.7,0,0
2,107.96,1.637,225.64,8.923,1881,29947.9,0,0
2,111.56,1.701,215.49,9.36,1906,29968.1,0,0
2,107.51,1.771,225.19,9.819,1931,29988.4,0,0
2,107.49,1.763,225.19,9.819,1931,30008.6,0,0
2,96.84,1.232,225.19,9.819,1931,30028.8,1,0
2,107.84,1.761,225.19,9.819,1931,30049.0,0,0
2,108.2,1.767,225.19,9.819,1931,30069.2,0,0
2,108.67,1.777,225.19,9.819,1931,30089.5,0,0
2,109.22,1.791,225.19,9.819,1931,30109.7,0,0
2,109.84,1.807,225.19,9.819,1931,30129.9,0,0
2,110.5,1.825,225.19,9.819,1931,30150.1,0,0
2,107.16,1.755,235.32,10.3,1906,30170.4,0,0
2,103.76,1.687,224.73,10.413,1931,30190.6,0,0
2,104.33,1.62,234.84,9.903,1956,30210.8,0,0
2,104.83,1.553,224.28,10.388,1981,30231.0,0,0
2,105.26,1.636,234.37,9.879,2006,30251.2,0,0
2,105.58,1.719,223.82,9.395,1981,30271.5,0,0
2,109.91,1.802,213.75,8.935,1956,30291.7,0,0
2,110.01,1.885,223.37,9.373,1931,30311.9,0,0
2,109.97,1.967,233.42,8.913,1906,30332.1,0,0
2,109.81,1.984,222.92,9.35,1881,30352.3,0,0
2,109.52,1.874,232.95,9.808,1906,30372.6,0,0
2,109.12,1.767,222.46,9.939,1881,30392.8,0,0
2,108.63,1.694,232.48,9.452,1856,30413.0,0,0
2,108.06,1.596,242.94,9.915,1881,30433.2,0,0
2,103.42,1.657,232.0,9.429,1856,30453.5,0,0
2,102.8,1.723,242.44,9.891,1881,30473.7,0,0
2,102.18,1.794,231.53,10.376,1906,30493.9,0,0
2,101.59,1.873,221.12,10.884,1931,30514.1,0,0
2,101.04,1.78,211.17,11.417,1956,30534.3,0,0
2,100.57,1.867,220.67,10.858,1931,30554.6,0,0
2,96.29,1.964,230.6,11.39,1906,30574.8,0,0
2,99.91,2.071,224.95,10.832,1881,30595.0,0,0
2,103.64,2.187,214.82,10.301,1856,30615.2,0,0
2,103.61,2.101,224.49,9.796,1881,30635.4,0,0
2,103.7,2.224,214.39,9.316,1906,30655.7,0,0
2,103.93,2.355,224.04,8.86,1881,30675.9,0,0
2,104.27,2.491,213.96,8.426,1856,30696.1,0,0
2,104.71,2.392,223.58,8.838,1881,30716.3,0,0
2,105.24,2.292,213.52,8.405,1906,30736.6,0,0
2,105.83,2.414,203.91,8.817,1881,30756.8,0,0
2,102.48,2.536,213.09,8.385,1906,30777.0,0,0
2,99.09,2.414,222.68,8.796,1881,30797.2,0,0
2,99.68,2.524,212.66,8.365,1856,30817.4,0,0
2,100.23,2.392,203.09,8.775,1831,30837.7,0,0
2,100.72,2.49,212.15,9.205,1856,30857.9,0,0
2,101.14,2.588,221.7,8.754,1881,30878.1,0,0
2,101.46,2.687,211.72,9.183,1906,30898.3,0,0
2,101.67,2.787,202.2,8.733,1931,30918.5,0,0
2,101.77,2.627,211.29,8.305,1906,30938.8,0,0
2,101.74,2.728,220.8,7.898,1881,30959.0,0,0
2,97.48,2.836,230.74,8.285,1906,30979.2,0,0
2,97.23,2.684,241.12,8.691,1931,30999.4,0,0
2,96.89,2.546,230.27,9.117,1906,31019.7,0,0
2,96.46,2.476,219.91,9.564,1881,31039.9,0,0
2,95.96,2.598,228.8,9.095,1879,31060.1,0,0
2,95.41,2.648,218.5,8.649,1854,31080.3,0,0
2,94.84,2.537,228.34,9.073,1829,31100.5,0,0
2,94.27,2.435,218.06,8.629,1854,31120.8,0,0
2,89.77,2.576,208.25,8.206,1879,31141.0,0,0
2,89.28,2.726,198.88,8.608,1904,31161.2,0,0
2,88.86,2.622,207.83,8.773,1929,31181.4,0,0
2,88.52,2.519,209.66,8.343,1904,31201.6,0,0
2,88.27,2.662,213.21,7.934,1929,31221.9,0,0
2,88.12,2.808,203.62,7.545,1904,31242.1,0,0
2,91.96,2.685,194.45,7.176,1929,31262.3,0,0
2,95.92,2.82,185.7,6.824,1904,31282.5,0,0
2,92.23,2.684,193.48,7.158,1916,31302.8,0,0
2,96.43,2.548,188.61,7.509,1891,31323.0,0,0
2,96.84,2.657,197.1,7.141,1866,31343.2,0,0
2,97.32,2.512,188.23,7.479,1841,31363.4,0,0
2,97.87,2.371,196.7,7.845,1866,31383.6,0,0
2,98.45,2.236,204.99,7.461,1891,31403.9,0,0
2,99.05,2.32,212.04,7.826,1916,31424.1,0,0
2,99.64,2.407,202.5,8.21,1891,31444.3,0,0
2,100.19,2.5,211.61,8.612,1866,31464.5,0,0
2,100.69,2.6,202.09,9.034,1891,31484.7,0,0
2,101.11,2.461,192.99,8.591,1916,31505.0,0,0
2,101.44,2.57,201.68,8.17,1941,31525.2,0,0
2,101.66,2.691,210.75,8.571,1916,31545.4,0,0
2,101.76,2.826,201.27,8.151,1891,31565.6,0,0
2,97.63,2.702,210.33,8.55,1866,31585.8,0,0
2,101.61,2.85,200.86,8.969,1891,31606.1,0,0
2,101.36,2.874,200.86,8.969,1891,31626.3,0,0
2,101.01,2.901,200.86,8.969,1891,31646.5,0,0
2,100.56,2.93,200.86,8.969,1891,31666.7,0,0
2,100.05,2.96,200.86,8.969,1891,31687.0,0,0
2,99.48,2.987,200.86,8.969,1891,31707.2,0,0
2,98.89,3.011,200.86,8.969,1891,31727.4,0,0
2,98.29,3.03,200.86,8.969,1891,31747.6,0,0
2,97.71,3.043,200.86,8.969,1891,31767.8,0,0
2,97.18,3.194,209.9,9.409,1916,31788.1,0,0
2,96.72,3.039,200.45,9.87,1891,31808.3,0,0
2,96.34,2.885,191.43,9.386,1866,31828.5,0,0
2,96.06,2.813,200.05,8.926,1891,31848.7,0,0
2,99.77,2.927,191.05,9.263,1866,31868.9,0,0
2,99.72,2.762,199.64,9.717,1891,31889.2,0,0
2,99.8,2.818,208.63,10.193,1916,31909.4,0,0
2,100.0,2.655,218.01,9.694,1896,31929.6,0,0
2,100.31,2.503,208.2,9.219,1871,31949.8,0,0
2,100.72,2.6,198.83,8.767,1846,31970.1,0,0
2,101.22,2.457,207.78,9.196,1868,31990.3,0,0
2,101.79,2.561,198.43,9.647,1893,32010.5,0,0
2,98.41,2.431,207.36,10.12,1918,32030.7,0,0
2,103.01,2.546,198.03,9.624,1943,32050.9,0,0
2,103.63,2.552,198.03,9.624,1943,32071.2,0,0
2,104.21,2.564,198.03,9.624,1943,32091.4,0,0
2,104.73,2.581,198.03,9.624,1943,32111.6,0,0
2,105.18,2.603,198.03,9.624,1943,32131.8,0,0
2,105.52,2.628,198.03,9.624,1943,32152.0,0,0
2,105.76,2.655,198.03,9.624,1943,32172.3,0,0
2,105.88,2.681,198.03,9.624,1943,32192.5,0,0
2,105.87,2.706,198.03,9.624,1943,32212.7,0,0
2,102.97,2.858,189.12,9.275,1968,32232.9,0,0
2,98.62,3.013,197.63,9.73,1943,32253.2,0,0
2,102.37,2.879,188.74,9.253,1968,32273.4,0,0
2,101.93,2.745,191.66,8.8,1943,32293.6,0,0
2,101.41,2.611,183.04,8.368,1968,32313.8,0,0
2,100.84,2.559,174.8,8.506,1993,32334.0,0,0
2,100.24,2.423,166.93,8.089,1968,32354.3,0,0
2,99.63,2.52,174.44,7.904,1993,32374.5,0,0
2,99.05,2.44,182.29,7.516,2018,32394.7,0,0
2,98.5,2.532,190.5,7.885,1993,32414.9,0,0
2,94.11,2.627,181.93,7.498,1968,32435.1,0,0
2,93.74,2.727,190.11,7.131,1993,32455.4,0,0
2,93.46,2.573,198.67,6.782,1968,32475.6,0,0
2,93.29,2.677,189.73,6.449,1943,32495.8,0,0
2,93.23,2.536,185.93,6.765,1918,32516.0,0,0
2,93.29,2.408,187.94,6.434,1943,32536.3,0,0
2,93.47,2.292,196.39,6.749,1968,32556.5,0,0
2,93.75,2.408,205.23,7.08,1993,32576.7,0,0
2,94.13,2.536,196.0,6.733,1968,32596.9,0,0
2,98.53,2.432,204.82,7.063,1943,32617.1,0,0
2,99.08,2.335,214.03,7.409,1968,32637.4,0,0
2,99.67,2.245,223.66,7.772,1974,32657.6,0,0
2,100.27,2.159,213.6,7.391,1949,32677.8,0,0
2,100.87,2.075,203.99,7.029,1924,32698.0,0,0
2,101.44,2.195,213.17,7.373,1899,32718.2,0,0
2,97.88,2.105,203.57,7.012,1924,32738.5,0,0
2,88.47,1.553,194.41,7.356,1899,32758.7,1,0
2,98.63,2.226,194.41,7.356,1899,32778.9,0,0
2,98.86,2.229,194.41,7.356,1899,32799.1,0,0
2,98.98,2.226,194.41,7.356,1899,32819.4,0,0
2,98.98,2.218,194.41,7.356,1899,32839.6,0,0
2,98.87,2.205,194.41,7.356,1899,32859.8,0,0
2,98.64,2.188,194.41,7.356,1899,32880.0,0,0
2,102.4,2.064,185.67,6.995,1924,32900.2,0,0
2,101.96,2.142,194.02,7.338,1949,32920.5,0,0
2,101.45,2.019,202.75,6.978,1924,32940.7,0,0
2,100.88,2.095,211.87,7.32,1949,32960.9,0,0
2,100.28,2.114,202.34,6.962,1924,32981.1,0,0
2,99.68,1.998,193.24,6.62,1899,33001.3,0,0
2,99.09,1.893,184.54,6.296,1924,33021.6,0,0
2,94.6,1.798,176.24,6.504,1949,33041.8,0,0
2,93.68,1.885,168.3,6.822,1974,33062.0,0,0
2,97.2,1.981,160.73,6.488,1949,33082.2,0,0
2,96.91,1.896,167.96,6.806,1974,33102.5,0,0
2,96.72,1.819,160.41,6.472,1949,33122.7,0,0
2,96.65,1.747,167.62,6.79,1974,33142.9,0,0
2,96.71,1.849,175.17,7.122,1970,33163.1,0,0
2,96.88,1.957,183.05,6.773,1995,33183.3,0,0
2,97.17,1.881,174.81,7.105,1970,33203.6,0,0
2,97.56,1.989,182.68,7.453,1995,33223.8,0,0
2,101.97,2.1,190.9,7.088,1970,33244.0,0,0
2,102.53,2.01,199.49,7.435,1945,33264.2,0,0
2,103.13,2.113,190.51,7.071,1920,33284.4,0,0
2,103.76,2.216,199.09,7.418,1945,33304.7,0,0
2,104.38,2.319,208.04,7.781,1920,33324.9,0,0
2,104.97,2.198,217.41,8.162,1895,33345.1,0,0
2,105.51,2.29,227.19,7.762,1870,33365.3,0,0
2,105.97,2.272,227.19,7.762,1870,33385.6,0,0
2,106.34,2.251,227.19,7.762,1870,33405.8,0,0
2,106.6,2.229,227.19,7.762,1870,33426.0,0,0
2,106.73,2.206,227.19,7.762,1870,33446.2,0,0
2,106.74,2.185,227.19,7.762,1870,33466.4,0,0
2,110.74,2.271,216.97,7.417,1895,33486.7,0,0
2,110.49,2.365,226.73,7.054,1870,33506.9,0,0
2,110.13,2.241,216.53,6.708,1845,33527.1,0,0
2,109.67,2.344,206.78,6.379,1870,33547.3,0,0
2,109.12,2.458,216.09,6.692,1895,33567.5,0,0
2,108.51,2.348,225.81,7.02,1920,33587.8,0,0
2,107.87,2.475,215.65,6.676,1945,33608.0,0,0
2,111.2,2.374,205.95,6.349,1920,33628.2,0,0
2,110.55,2.51,215.21,6.038,1945,33648.4,0,0
2,109.93,2.414,205.53,6.334,1920,33668.7,0,0
2,109.39,2.321,214.78,6.644,1895,33688.9,0,0
2,108.94,2.456,224.44,6.969,1870,33709.1,0,0
2,108.6,2.596,214.34,6.628,1895,33729.3,0,0
2,108.38,2.489,204.7,6.303,1920,33749.5,0,0
2,108.29,2.381,195.49,5.994,1895,33769.8,0,0
2,108.35,2.274,204.28,6.288,1870,33790.0,0,0
2,109.57,2.342,195.09,5.98,1895,33810.2,0,0
2,113.79,2.225,203.87,6.273,1870,33830.4,0,0
2,110.32,2.321,194.7,6.58,1845,33850.6,0,0
2,106.91,2.417,185.93,6.903,1870,33870.9,0,0
2,103.54,2.283,194.3,7.241,1845,33891.1,0,0
2,108.13,2.153,203.05,6.886,1820,33911.3,0,0
2,112.15,2.029,193.91,7.224,1795,33931.5,0,0
2,108.8,1.964,202.63,7.578,1820,33951.8,0,0
2,109.42,2.039,211.75,7.949,1795,33972.0,0,0
2,109.98,2.008,202.22,8.338,1770,33992.2,0,0
2,110.47,2.091,193.12,7.93,1745,34012.4,0,0
2,110.86,2.183,201.81,8.318,1720,34032.6,0,0
2,107.02,2.229,195.06,7.911,1695,34052.9,0,0
2,103.05,2.339,203.84,7.523,1720,34073.1,0,0
2,103.07,2.347,203.84,7.523,1720,34093.3,0,0
2,102.96,2.361,203.84,7.523,1720,34113.5,0,0
2,102.74,2.38,203.84,7.523,1720,34133.7,0,0
2,102.41,2.402,203.84,7.523,1720,34154.0,0,0
2,101.99,2.426,203.84,7.523,1720,34174.2,0,0
2,97.43,2.568,194.67,7.154,1695,34194.4,0,0
2,92.86,2.717,203.43,7.505,1720,34214.6,0,0
2,96.32,2.871,212.58,7.137,1745,34234.9,0,0
2,95.74,2.891,212.58,7.137,1745,34255.1,0,0
2,95.17,2.905,212.58,7.137,1745,34275.3,0,0
2,94.64,2.912,212.58,7.137,1745,34295.5,0,0
2,94.16,2.912,212.58,7.137,1745,34315.7,0,0
2,93.77,2.905,212.58,7.137,1745,34336.0,0,0
2,93.47,2.892,212.58,7.137,1745,34356.2,0,0
2,93.27,2.873,212.58,7.137,1745,34376.4,0,0
2,94.93,2.712,203.01,6.788,1720,34396.6,0,0
2,98.85,2.815,212.15,6.455,1745,34416.8,0,0
2,99.01,2.921,202.6,6.771,1720,34437.1,0,0
2,99.29,3.031,211.72,7.103,1745,34457.3,0,0
2,99.67,3.147,202.19,6.755,1770,34477.5,0,0
2,100.14,2.972,211.29,7.086,1795,34497.7,0,0
2,100.68,2.813,220.8,6.739,1770,34518.0,0,0
2,101.27,2.936,230.74,6.409,1745,34538.2,0,0
2,101.89,3.05,241.12,6.095,1720,34558.4,0,0
2,98.48,2.908,230.27,5.796,1745,34578.6,0,0
2,99.04,3.06,219.91,6.08,1770,34598.8,0,0
2,99.56,2.931,224.99,6.378,1795,34619.1,0,0
2,100.0,3.097,235.12,6.407,1820,34639.3,0,0
2,100.36,2.976,224.54,6.161,1795,34659.5,0,0
2,100.62,2.861,214.43,5.859,1770,34679.7,0,0
2,100.77,2.751,224.08,6.146,1755,34699.9,0,0
2,96.67,2.644,214.0,6.43,1780,34720.2,0,0
2,100.7,2.538,204.37,6.745,1786,34740.4,0,0
2,100.49,2.677,195.17,7.075,1811,34760.6,0,0
2,100.18,2.56,186.39,6.729,1836,34780.8,0,0
2,99.77,2.442,194.78,6.399,1811,34801.1,0,0
2,99.28,2.325,186.01,6.629,1786,34821.3,0,0
2,98.73,2.43,194.38,6.954,1761,34841.5,0,0
2,98.15,2.301,185.64,6.613,1786,34861.7,0,0
2,97.56,2.395,177.28,6.937,1761,34881.9,0,0
2,96.98,2.261,169.3,6.597,1736,34902.2,0,0
2,96.44,2.347,161.69,6.274,1744,34922.4,0,0
2,95.95,2.212,168.96,6.581,1769,34942.6,0,0
2,95.54,2.085,176.57,6.259,1794,34962.8,0,0
2,95.23,1.967,184.51,6.565,1819,34983.0,0,0
2,95.02,1.858,176.21,6.887,1804,35003.3,0,0
2,94.93,1.759,184.14,7.224,1796,35023.5,0,0
2,94.96,1.837,184.48,7.578,1771,35043.7,0,0
2,95.1,1.923,176.17,7.207,1796,35063.9,0,0
2,95.36,2.019,180.29,7.56,1821,35084.2,0,0
2,95.73,2.125,172.18,7.19,1796,35104.4,0,0
2,96.17,2.242,164.43,7.542,1821,35124.6,0,0
2,96.69,2.152,157.03,7.912,1846,35144.8,0,0
2,97.25,2.277,164.1,7.524,1821,35165.0,0,0
2,97.84,2.19,156.71,7.155,1796,35185.3,0,0
2,98.43,2.105,154.65,6.805,1821,35205.5,0,0
2,94.95,2.227,147.69,7.138,1846,35225.7,0,0
2,99.52,2.137,154.34,7.488,1821,35245.9,0,0
2,95.89,2.254,161.28,7.855,1846,35266.1,0,0
2,96.24,2.372,168.54,8.24,1871,35286.4,0,0
2,96.49,2.306,176.12,8.643,1846,35306.6,0,0
2,96.64,2.194,184.05,9.067,1821,35326.8,0,0
2,96.67,2.292,192.33,9.511,1796,35347.0,0,0
2,96.59,2.389,200.98,9.045,1821,35367.3,0,0
2,96.4,2.486,191.94,8.602,1846,35387.5,0,0
2,96.11,2.346,200.58,8.181,1871,35407.7,0,0
2,91.64,2.212,209.6,7.857,1896,35427.9,0,0
2,91.2,2.295,200.17,7.472,1895,35448.1,0,0
2,90.7,2.318,209.18,7.838,1870,35468.4,0,0
2,81.15,1.531,208.19,8.222,1895,35488.6,1,0
2,89.62,2.171,208.19,8.222,1895,35508.8,0,0
2,89.09,2.159,208.19,8.222,1895,35529.0,0,0
2,88.59,2.152,208.19,8.222,1895,35549.2,0,0
2,88.14,2.151,208.19,8.222,1895,35569.5,0,0
2,87.75,2.156,208.19,8.222,1895,35589.7,0,0
2,87.46,2.166,208.19,8.222,1895,35609.9,0,0
2,83.38,2.076,217.55,7.819,1920,35630.1,0,0
2,83.29,2.094,217.55,7.819,1920,35650.4,0,0
2,83.31,2.114,217.55,7.819,1920,35670.6,0,0
2,83.43,2.136,217.55,7.819,1920,35690.8,0,0
2,83.65,2.157,217.55,7.819,1920,35711.0,0,0
2,83.96,2.177,217.55,7.819,1920,35731.2,0,0
2,84.35,2.194,217.55,7.819,1920,35751.5,0,0
2,84.8,2.207,217.55,7.819,1920,35771.7,0,0
2,85.29,2.215,217.55,7.819,1920,35791.9,0,0
2,85.81,2.218,217.55,7.819,1920,35812.1,0,0
2,86.33,2.216,217.55,7.819,1920,35832.3,0,0
2,86.83,2.209,217.55,7.819,1920,35852.6,0,0
2,87.29,2.197,217.55,7.819,1920,35872.8,0,0
2,91.77,2.285,207.76,8.202,1895,35893.0,0,0
2,96.22,2.373,198.42,8.604,1920,35913.2,0,0
2,92.37,2.463,204.41,8.183,1895,35933.5,0,0
2,93.72,2.555,213.61,8.561,1870,35953.7,0,0
2,97.89,2.409,223.23,8.98,1845,35973.9,0,0
2,97.81,2.273,233.27,8.928,1870,35994.1,0,0
2,97.63,2.366,243.77,9.365,1845,36014.3,0,0
2,97.33,2.24,243.67,8.907,1870,36034.6,0,0
2,96.95,2.342,250.19,8.47,1895,36054.8,0,0
2,96.48,2.229,240.47,8.055,1870,36075.0,0,0
2,95.96,2.128,229.65,7.66,1895,36095.2,0,0
2,95.4,2.238,239.98,8.036,1870,36115.4,0,0
2,90.83,2.146,250.78,8.43,1895,36135.7,0,0
2,86.32,2.269,262.07,8.016,1870,36155.9,0,0
2,81.89,2.181,250.28,7.624,1845,36176.1,0,0
2,77.54,2.309,239.01,7.25,1820,36196.3,0,0
2,81.11,2.22,228.26,6.895,1795,36216.6,0,0
2,80.83,2.347,217.99,7.233,1820,36236.8,0,0
2,80.64,2.478,227.8,6.878,1845,36257.0,0,0
2,80.55,2.405,217.54,6.541,1870,36277.2,0,0
2,80.56,2.53,213.23,6.221,1895,36297.4,0,0
2,80.67,2.654,222.83,6.526,1870,36317.7,0,0
2,84.78,2.523,212.8,6.206,1845,36337.9,0,0
2,81.17,2.635,203.22,6.51,1870,36358.1,0,0
2,81.54,2.619,203.22,6.51,1870,36378.3,0,0
2,81.98,2.599,203.22,6.51,1870,36398.5,0,0
2,82.45,2.576,203.22,6.51,1870,36418.8,0,0
2,82.95,2.55,203.22,6.51,1870,36439.0,0,0
2,83.45,2.525,203.22,6.51,1870,36459.2,0,0
2,83.94,2.501,203.22,6.51,1870,36479.4,0,0
2,84.38,2.479,203.22,6.51,1870,36499.7,0,0
2,84.78,2.462,203.22,6.51,1870,36519.9,0,0
2,81.0,2.568,194.08,6.191,1895,36540.1,0,0
2,81.23,2.685,202.81,6.494,1920,36560.3,0,0
2,81.36,2.815,211.94,6.812,1895,36580.5,0,0
2,81.41,2.687,202.4,7.146,1920,36600.8,0,0
2,81.35,2.572,193.29,6.796,1945,36621.0,0,0
2,81.2,2.715,201.99,7.129,1934,36641.2,0,0
2,80.97,2.608,192.9,7.478,1959,36661.4,0,0
2,84.73,2.76,201.58,7.845,1934,36681.6,0,0
2,84.33,2.922,192.51,8.229,1909,36701.9,0,0
2,83.88,2.809,183.85,7.826,1934,36722.1,0,0
2,83.39,2.97,175.58,7.443,1959,36742.3,0,0
2,82.89,2.848,183.48,7.807,1984,36762.5,0,0
2,86.36,3.001,179.63,8.19,1959,36782.8,0,0
2,85.87,3.155,171.54,7.789,1934,36803.0,0,0
2,85.42,3.006,163.82,7.927,1909,36823.2,0,0
2,85.04,3.145,168.16,8.316,1895,36843.4,0,0
2,84.74,3.282,175.72,8.723,1920,36863.6,0,0
2,84.54,3.419,167.81,8.296,1945,36883.9,0,0
2,88.32,3.555,160.26,7.889,1920,36904.1,0,0
2,92.2,3.674,153.05,7.503,1945,36924.3,0,0
2,92.32,3.463,159.94,7.871,1920,36944.5,0,0
2,92.55,3.264,167.14,7.485,1895,36964.7,0,0
2,92.88,3.388,174.66,7.852,1870,36985.0,0,0
2,93.3,3.198,166.8,8.236,1845,37005.2,0,0
2,93.79,3.025,174.3,8.64,1870,37025.4,0,0
2,94.33,2.867,182.15,9.063,1895,37045.6,0,0
2,94.89,2.724,173.95,8.619,1920,37065.9,0,0
2,95.47,2.595,181.78,8.197,1945,37086.1,0,0
2,100.07,2.728,173.6,8.022,1920,37106.3,0,0
2,100.61,2.875,181.41,7.629,1895,37126.5,0,0
2,101.08,3.015,173.25,8.003,1920,37146.7,0,0
2,101.47,2.896,181.04,7.611,1945,37167.0,0,0
2,101.76,2.785,189.19,7.984,1970,37187.2,0,0
2,101.94,2.948,197.7,8.375,1995,37207.4,0,0
2,102.01,2.833,205.89,8.785,1970,37227.6,0,0
2,101.95,2.995,215.15,9.216,1945,37247.8,0,0
2,101.77,2.872,224.83,9.667,1970,37268.1,0,0
2,101.48,2.748,234.95,9.193,1945,37288.3,0,0
2,101.09,2.888,224.38,8.743,1970,37308.5,0,0
2,100.62,3.028,223.73,8.315,1995,37328.7,0,0
2,100.08,3.167,218.96,7.907,1970,37349.0,0,0
2,103.52,3.001,209.11,7.52,1995,37369.2,0,0
2,102.9,3.125,218.52,7.661,1970,37389.4,0,0
2,102.28,2.951,220.18,8.036,1995,37409.6,0,0
2,101.69,2.784,210.27,7.9,2020,37429.8,0,0
2,101.16,2.624,207.15,8.164,2045,37450.1,0,0
2,100.71,2.722,197.83,7.764,2070,37470.3,0,0
2,100.35,2.567,188.93,7.384,2045,37490.5,0,0
2,103.98,2.669,180.43,7.022,2020,37510.7,0,0
2,103.84,2.652,180.43,7.022,2020,37530.9,0,0
2,103.84,2.641,180.43,7.022,2020,37551.2,0,0
2,129.61,3.49,160.43,5.022,2020,37571.4,0,1
2,104.21,2.639,180.43,7.022,2020,37591.6,0,0
2,104.58,2.649,180.43,7.022,2020,37611.8,0,0
2,105.04,2.665,180.43,7.022,2020,37632.1,0,0
2,101.64,2.815,188.55,7.366,1995,37652.3,0,0
2,102.22,2.841,188.55,7.366,1995,37672.5,0,0
2,102.84,2.869,188.55,7.366,1995,37692.7,0,0
2,103.46,2.898,188.55,7.366,1995,37712.9,0,0
2,104.07,2.926,188.55,7.366,1995,37733.2,0,0
2,104.63,2.95,188.55,7.366,1995,37753.4,0,0
2,105.13,2.971,188.55,7.366,1995,37773.6,0,0
2,105.54,2.985,188.55,7.366,1995,37793.8,0,0
2,105.86,2.992,188.55,7.366,1995,37814.0,0,0
2,110.17,3.136,197.03,7.727,1998,37834.3,0,0
2,110.25,3.279,188.16,7.719,2023,37854.5,0,0
2,110.19,3.42,179.7,7.341,1998,37874.7,0,0
2,110.01,3.561,187.78,7.7,2023,37894.9,0,0
2,109.7,3.362,196.23,7.323,1998,37915.2,0,0
2,109.29,3.49,187.4,7.682,2023,37935.4,0,0
2,108.79,3.289,192.96,7.602,1998,37955.6,0,0
2,108.21,3.1,184.28,7.23,2023,37975.8,0,0
2,111.61,3.219,192.57,7.584,1998,37996.0,0,0
2,110.94,3.347,201.24,7.956,2023,38016.3,0,0
2,110.27,3.167,192.18,8.346,1998,38036.5,0,0
2,109.63,3.003,183.53,8.755,2021,38056.7,0,0
2,109.06,3.144,175.27,9.183,1996,38076.9,0,0
2,108.56,2.997,167.39,8.733,2021,38097.1,0,0
2,108.16,3.154,174.92,9.161,2037,38117.4,0,0
2,107.88,3.173,174.92,9.161,2037,38137.6,0,0
2,107.73,3.199,174.92,9.161,2037,38157.8,0,0
2,107.71,3.229,174.92,9.161,2037,38178.0,0,0
2,107.83,3.262,174.92,9.161,2037,38198.3,0,0
2,100.78,2.417,182.79,8.713,2012,38218.5,1,0
2,112.36,3.485,182.79,8.713,2012,38238.7,0,0
2,112.85,3.514,182.79,8.713,2012,38258.9,0,0
2,113.43,3.537,182.79,8.713,2012,38279.1,0,0
2,114.08,3.553,182.79,8.713,2012,38299.4,0,0
2,114.76,3.56,182.79,8.713,2012,38319.6,0,0
2,115.46,3.559,182.79,8.713,2012,38339.8,0,0
2,116.14,3.72,191.02,9.139,1987,38360.0,0,0
2,116.77,3.524,197.67,8.692,2011,38380.2,0,0
2,117.34,3.668,195.4,9.117,1986,38400.5,0,0
2,117.81,3.462,186.61,8.671,2011,38420.7,0,0
2,118.16,3.264,195.01,8.246,2035,38440.9,0,0
2,118.39,3.077,186.23,8.65,2060,38461.1,0,0
2,114.36,2.9,177.85,8.226,2085,38481.4,0,0
2,114.32,2.736,185.86,7.823,2060,38501.6,0,0
2,114.14,2.845,194.22,8.206,2035,38521.8,0,0
2,113.83,2.965,187.17,8.608,2010,38542.0,0,0
2,113.41,2.813,195.59,9.03,1985,38562.2,0,0
2,112.89,2.945,204.39,9.473,1960,38582.5,0,0
2,112.3,3.092,202.24,9.009,1966,38602.7,0,0
2,111.65,2.956,211.35,9.45,1941,38622.9,0,0
2,110.98,3.119,220.86,8.987,1916,38643.1,0,0
2,110.32,3.295,210.92,9.427,1891,38663.3,0,0
2,105.73,3.167,201.43,8.965,1916,38683.6,0,0
2,109.09,3.046,192.36,8.526,1941,38703.8,0,0
2,104.68,3.224,183.71,8.108,1966,38724.0,0,0
2,108.19,3.41,191.97,8.506,1991,38744.2,0,0
2,111.78,3.272,200.61,8.922,1966,38764.5,0,0
2,111.62,3.135,209.64,9.36,1941,38784.7,0,0
2,111.59,3.299,200.2,9.818,1916,38804.9,0,0
2,111.7,3.464,191.2,9.337,1941,38825.1,0,0
2,111.95,3.628,182.59,8.88,1966,38845.3,0,0
2,112.33,3.443,174.38,8.444,1991,38865.6,0,0
2,116.74,3.589,182.22,8.858,1966,38885.8,0,0
2,121.27,3.735,190.42,8.424,1941,38906.0,0,0
2,118.0,3.525,198.99,8.837,1966,38926.2,0,0
2,114.71,3.323,207.95,9.27,1941,38946.4,0,0
2,111.4,3.132,217.3,9.724,1916,38966.7,0,0
2,112.06,2.952,207.52,9.248,1891,38986.9,0,0
2,112.67,3.066,216.41,9.701,1916,39007.1,0,0
2,113.22,2.898,206.67,9.226,1891,39027.3,0,0
2,113.68,2.743,214.02,8.773,1916,39047.6,0,0
2,114.03,2.604,204.39,9.203,1891,39067.8,0,0
2,114.26,2.478,195.19,8.752,1916,39088.0,0,0
2,114.36,2.602,203.97,9.181,1897,39108.2,0,0
2,114.33,2.74,213.15,8.819,1922,39128.4,0,0
2,110.04,2.626,222.75,9.251,1939,39148.7,0,0
2,105.65,2.776,232.77,8.798,1939,39168.9,0,0
2,105.27,2.668,222.29,8.367,1964,39189.1,0,0
2,104.8,2.566,212.29,8.777,1989,39209.3,0,0
2,104.25,2.715,221.84,9.207,2014,39229.5,0,0
2,103.65,2.872,211.86,8.755,1989,39249.8,0,0
2,103.03,3.033,221.4,8.326,1964,39270.0,0,0
2,102.41,2.905,231.36,8.734,1955,39290.2,0,0
2,101.82,3.056,220.95,8.306,1980,39310.4,0,0
2,101.27,3.208,211.0,8.713,2005,39330.7,0,0
2,104.4,3.051,201.51,9.14,2030,39350.9,0,0
2,104.01,3.04,201.51,9.14,2030,39371.1,0,0
2,103.72,3.023,201.51,9.14,2030,39391.3,0,0
2,103.56,3.001,201.51,9.14,2030,39411.5,0,0
2,103.52,2.975,201.51,9.14,2030,39431.8,0,0
2,103.62,2.946,201.51,9.14,2030,39452.0,0,0
2,99.95,3.056,192.44,9.456,2055,39472.2,0,0
2,100.28,3.026,192.44,9.456,2055,39492.4,0,0
2,100.7,3.0,192.44,9.456,2055,39512.6,0,0
2,101.21,2.978,192.44,9.456,2055,39532.9,0,0
2,101.78,2.963,192.44,9.456,2055,39553.1,0,0
2,102.39,2.955,192.44,9.456,2055,39573.3,0,0
2,103.01,2.955,192.44,9.456,2055,39593.5,0,0
2,103.62,2.962,192.44,9.456,2055,39613.8,0,0
2,108.25,3.12,183.78,8.993,2080,39634.0,0,0
2,108.79,3.142,183.78,8.993,2080,39654.2,0,0
2,109.24,3.17,183.78,8.993,2080,39674.4,0,0
2,109.58,3.201,183.78,8.993,2080,39694.6,0,0
2,109.81,3.233,183.78,8.993,2080,39714.9,0,0
2,109.92,3.265,183.78,8.993,2080,39735.1,0,0
2,114.01,3.136,192.05,9.434,2055,39755.3,0,0
2,113.85,3.16,192.05,9.434,2055,39775.5,0,0
2,113.56,3.178,192.05,9.434,2055,39795.7,0,0
2,113.15,3.189,192.05,9.434,2055,39816.0,0,0
2,112.65,3.193,192.05,9.434,2055,39836.2,0,0
2,108.02,3.036,183.41,8.971,2030,39856.4,0,0
2,107.41,3.17,175.16,8.532,2055,39876.6,0,0
2,106.76,3.0,167.27,8.114,2080,39896.9,0,0
2,106.12,2.834,174.8,7.716,2055,39917.1,0,0
2,105.5,2.674,182.67,7.338,2030,39937.3,0,0
2,104.93,2.774,190.89,6.978,2005,39957.5,0,0
2,104.43,2.615,193.62,7.32,2030,39977.7,0,0
2,104.03,2.465,184.91,6.962,2005,39998.0,0,0
2,103.74,2.327,193.23,7.303,2030,40018.2,0,0
2,107.45,2.2,201.92,7.661,2055,40038.4,0,0
2,107.4,2.295,192.84,7.285,2030,40058.6,0,0
2,107.49,2.179,201.51,6.928,2005,40078.8,0,0
2,107.71,2.075,210.58,7.268,2030,40099.1,0,0
2,108.06,1.981,201.11,7.552,2055,40119.3,0,0
2,108.51,1.896,205.64,7.922,2080,40139.5,0,0
2,109.05,1.819,196.38,7.534,2055,40159.7,0,0
2,109.66,1.747,205.22,7.165,2030,40180.0,0,0
2,110.32,1.849,195.99,7.294,2005,40200.2,0,0
2,110.99,1.778,204.8,7.652,1980,40220.4,0,0
2,111.65,1.881,195.59,7.277,2005,40240.6,0,0
2,112.27,1.807,186.79,7.634,2030,40260.8,0,0
2,112.83,1.796,195.19,7.259,2005,40281.1,0,0
2,113.3,1.892,203.98,7.615,1980,40301.3,0,0
2,113.67,1.99,194.8,7.242,1955,40321.5,0,0
2,113.92,1.896,203.56,7.597,1980,40341.7,0,0
2,114.03,1.802,212.72,7.969,1987,40361.9,0,0
2,114.02,1.88,203.15,8.36,2012,40382.2,0,0
2,117.98,1.959,194.01,7.95,2025,40402.4,0,0
2,117.69,1.943,194.01,7.95,2025,40422.6,0,0
2,117.28,1.925,194.01,7.95,2025,40442.8,0,0
2,116.76,1.906,194.01,7.95,2025,40463.1,0,0
2,116.16,1.887,194.01,7.95,2025,40483.3,0,0
2,115.51,1.869,194.01,7.95,2025,40503.5,0,0
2,114.82,1.854,194.01,7.95,2025,40523.7,0,0
2,110.15,1.85,185.28,8.34,2050,40543.9,0,0
2,109.5,1.842,185.28,8.34,2050,40564.2,0,0
2,108.9,1.838,185.28,8.34,2050,40584.4,0,0
2,108.38,1.839,185.28,8.34,2050,40604.6,0,0
2,107.96,1.845,185.28,8.34,2050,40624.8,0,0
2,107.64,1.856,185.28,8.34,2050,40645.0,0,0
2,111.34,1.96,193.62,8.748,2075,40665.3,0,0
2,111.28,1.883,184.9,8.32,2050,40685.5,0,0
2,111.36,1.81,193.22,8.727,2025,40705.7,0,0
2,111.58,1.916,184.53,8.3,2000,40725.9,0,0
2,111.93,2.027,192.83,8.706,1975,40746.2,0,0
2,112.39,2.143,184.16,9.133,2000,40766.4,0,0
2,112.95,2.262,192.44,9.417,1975,40786.6,0,0
2,113.58,2.164,183.78,9.878,2000,40806.8,0,0
2,114.25,2.275,175.51,9.394,1975,40827.0,0,0
2,114.95,2.385,183.41,8.934,2000,40847.3,0,0
2,115.63,2.266,191.66,9.372,1975,40867.5,0,0
2,116.28,2.364,200.29,9.831,1950,40887.7,0,0
2,116.86,2.462,191.28,10.313,1975,40907.9,0,0
2,121.45,2.559,182.85,10.818,1950,40928.1,0,0
2,109.67,1.86,174.62,10.288,1925,40948.4,1,0
2,122.13,2.631,174.62,10.288,1925,40968.6,0,0
2,122.27,2.605,174.62,10.288,1925,40988.8,0,0
2,122.26,2.58,174.62,10.288,1925,41009.0,0,0
2,122.11,2.559,174.62,10.288,1925,41029.3,0,0
2,121.82,2.543,174.62,10.288,1925,41049.5,0,0
2,121.4,2.533,174.62,10.288,1925,41069.7,0,0
2,116.8,2.407,166.77,9.784,1900,41089.9,0,0
2,120.26,2.294,171.41,10.263,1925,41110.1,0,0
2,115.56,2.192,179.12,10.766,1907,41130.4,0,0
2,114.87,2.205,179.12,10.766,1907,41150.6,0,0
2,114.17,2.222,179.12,10.766,1907,41170.8,0,0
2,113.5,2.243,179.12,10.766,1907,41191.0,0,0
2,112.88,2.265,179.12,10.766,1907,41211.2,0,0
2,112.33,2.288,179.12,10.766,1907,41231.5,0,0
2,111.88,2.31,179.12,10.766,1907,41251.7,0,0
2,111.55,2.329,179.12,10.766,1907,41271.9,0,0
2,111.35,2.345,179.12,10.766,1907,41292.1,0,0
2,107.4,2.47,187.18,10.239,1932,41312.4,0,0
2,103.59,2.357,195.6,9.737,1907,41332.6,0,0
2,103.78,2.47,186.8,9.26,1882,41352.8,0,0
2,104.1,2.583,178.4,8.806,1857,41373.0,0,0
2,104.52,2.694,170.37,9.237,1832,41393.2,0,0
2,105.03,2.805,162.7,8.785,1807,41413.5,0,0
2,105.61,2.648,170.02,8.354,1832,41433.7,0,0
2,110.22,2.749,177.67,7.945,1857,41453.9,0,0
2,110.89,2.722,177.67,7.945,1857,41474.1,0,0
2,111.55,2.695,177.67,7.945,1857,41494.3,0,0
2,112.18,2.67,177.67,7.945,1857,41514.6,0,0
2,112.75,2.649,177.67,7.945,1857,41534.8,0,0
2,117.33,2.506,185.67,8.334,1882,41555.0,0,0
2,121.83,2.377,177.31,7.926,1857,41575.2,0,0
2,122.12,2.26,185.29,7.642,1832,41595.5,0,0
2,122.26,2.372,181.09,7.267,1807,41615.7,0,0
2,122.27,2.496,189.24,7.623,1782,41635.9,0,0
2,122.12,2.391,180.72,7.25,1807,41656.1,0,0
2,121.84,2.294,188.86,7.605,1832,41676.3,0,0
2,121.43,2.427,197.35,7.978,1857,41696.6,0,0
2,120.92,2.569,206.24,8.369,1832,41716.8,0,0
2,116.25,2.47,215.52,7.959,1807,41737.0,0,0
2,111.57,2.614,206.34,8.349,1832,41757.2,0,0
2,110.91,2.635,206.34,8.349,1832,41777.4,0,0
2,110.24,2.652,206.34,8.349,1832,41797.7,0,0
2,109.59,2.664,206.34,8.349,1832,41817.9,0,0
2,108.99,2.67,206.34,8.349,1832,41838.1,0,0
2,108.45,2.669,206.34,8.349,1832,41858.3,0,0
2,108.01,2.662,206.34,8.349,1832,41878.5,0,0
2,107.68,2.649,206.34,8.349,1832,41898.8,0,0
2,107.47,2.631,206.34,8.349,1832,41919.0,0,0
2,107.4,2.734,215.63,7.94,1857,41939.2,0,0
2,107.46,2.578,205.93,8.329,1882,41959.4,0,0
2,107.65,2.429,196.66,8.014,1857,41979.7,0,0
2,107.97,2.521,205.51,8.407,1882,41999.9,0,0
2,108.4,2.618,196.26,7.995,1857,42020.1,0,0
2,108.93,2.473,205.09,8.387,1882,42040.3,0,0
2,113.48,2.577,196.7,8.798,1907,42060.5,0,0
2,114.15,2.445,205.56,9.229,1932,42080.8,0,0
2,114.85,2.56,212.96,8.777,1907,42101.0,0,0
2,115.53,2.441,211.23,8.347,1932,42121.2,0,0
2,116.19,2.402,201.72,7.938,1907,42141.4,0,0
2,116.78,2.534,192.65,7.549,1932,42161.6,0,0
2,117.3,2.433,201.31,7.919,1957,42181.9,0,0
2,117.7,2.574,192.26,7.531,1932,42202.1,0,0
2,117.99,2.724,200.91,7.9,1957,42222.3,0,0
2,118.14,2.884,209.95,8.287,1934,42242.5,0,0
2,118.15,3.05,219.4,7.881,1959,42262.8,0,0
2,118.02,2.927,216.87,8.267,1934,42283.0,0,0
2,117.76,2.804,207.11,8.672,1909,42303.2,0,0
2,117.37,2.681,197.79,8.247,1934,42323.4,0,0
2,112.81,2.557,188.89,7.843,1909,42343.6,0,0
2,112.24,2.433,190.52,8.227,1884,42363.9,0,0
2,111.62,2.542,181.94,7.824,1859,42384.1,0,0
2,110.96,2.65,178.38,7.441,1834,42404.3,0,0
2,110.29,2.504,186.4,7.805,1859,42424.5,0,0
2,109.64,2.364,194.79,7.423,1884,42444.7,0,0
2,109.03,2.417,203.56,7.787,1859,42465.0,0,0
2,108.49,2.278,212.72,8.168,1884,42485.2,0,0
2,108.04,2.364,203.15,7.768,1859,42505.4,0,0
2,103.81,2.23,194.0,7.387,1834,42525.6,0,0
2,103.6,2.107,185.27,7.749,1859,42545.9,0,0
2,103.52,2.197,193.61,8.129,1884,42566.1,0,0
2,103.57,2.295,184.9,7.731,1909,42586.3,0,0
2,103.75,2.404,176.58,8.109,1934,42606.5,0,0
2,104.05,2.525,168.63,7.712,1909,42626.7,0,0
2,104.45,2.415,176.22,8.09,1884,42647.0,0,0
2,104.95,2.548,184.15,8.486,1859,42667.2,0,0
2,105.53,2.612,175.86,8.902,1884,42687.4,0,0
2,110.12,2.763,180.9,9.338,1909,42707.6,0,0
2,110.79,2.657,172.76,9.796,1884,42727.8,0,0
2,111.46,2.555,180.53,10.276,1859,42748.1,0,0
2,112.09,2.455,172.41,9.772,1834,42768.3,0,0
2,112.67,2.593,180.17,10.251,1809,42788.5,0,0
2,113.17,2.733,188.28,9.749,1834,42808.7,0,0
2,117.68,2.612,196.75,9.337,1809,42829.0,0,0
2,113.86,2.49,205.6,9.795,1784,42849.2,0,0
2,114.01,2.608,196.35,9.315,1796,42869.4,0,0
2,114.03,2.724,205.19,8.858,1804,42889.6,0,0
2,113.92,2.838,214.42,9.292,1779,42909.8,0,0
2,113.68,2.953,207.95,9.748,1754,42930.1,0,0
2,113.31,3.067,198.59,9.27,1779,42950.3,0,0
2,116.92,3.183,189.65,8.816,1754,42970.5,0,0
2,116.34,3.302,181.12,8.384,1779,42990.7,0,0
2,115.7,3.113,172.97,7.973,1754,43010.9,0,0
2,115.02,2.938,180.75,7.582,1729,43031.2,0,0
2,114.32,2.868,178.91,7.954,1754,43051.4,0,0
2,113.64,2.99,186.96,8.344,1779,43071.6,0,0
2,113.01,2.839,195.37,8.752,1804,43091.8,0,0
2,112.45,2.703,204.17,9.181,1829,43112.1,0,0
2,111.97,2.579,194.98,8.731,1854,43132.3,0,0
2,111.61,2.717,195.11,8.303,1829,43152.5,0,0
2,111.38,2.867,203.89,7.897,1854,43172.7,0,0
2,111.28,2.753,194.71,7.51,1829,43192.9,0,0
2,111.32,2.901,185.95,7.878,1854,43213.2,0,0
2,111.51,2.79,194.32,7.492,1829,43233.4,0,0
2,111.82,2.953,203.06,7.125,1804,43253.6,0,0
2,112.25,3.122,212.2,6.775,1779,43273.8,0,0
2,108.85,3.238,215.31,6.443,1754,43294.0,0,0
2,109.44,3.413,205.62,6.759,1768,43314.3,0,0
2,110.08,3.261,214.87,6.428,1743,43334.5,0,0
2,110.74,3.108,205.21,6.309,1768,43354.7,0,0
2,111.41,2.955,214.44,6.618,1743,43374.9,0,0
2,116.1,3.085,204.79,6.294,1718,43395.2,0,0
2,112.63,2.92,214.01,6.602,1743,43415.4,0,0
2,117.23,3.037,204.37,6.926,1768,43435.6,0,0
2,121.75,2.902,200.14,7.265,1793,43455.8,0,0
2,117.95,3.012,209.15,6.909,1818,43476.0,0,0
2,114.01,3.125,218.56,7.248,1843,43496.3,0,0
2,114.04,3.243,208.73,6.893,1818,43516.5,0,0
2,113.93,3.37,218.12,7.23,1843,43536.7,0,0
2,113.7,3.186,208.3,6.876,1868,43556.9,0,0
2,113.34,3.323,198.93,7.213,1893,43577.1,0,0
2,112.88,3.369,189.98,7.567,1868,43597.4,0,0
2,112.33,3.532,198.53,7.937,1843,43617.6,0,0
2,111.71,3.712,189.59,7.548,1818,43637.8,0,0
2,107.04,3.7,198.07,7.918,1793,43658.0,0,0
2,92.17,2.484,189.15,7.53,1818,43678.3,1,0
2,101.8,3.58,189.15,7.53,1818,43698.5,0,0
2,101.23,3.615,189.15,7.53,1818,43718.7,0,0
2,100.72,3.651,189.15,7.53,1818,43738.9,0,0
2,100.29,3.687,189.15,7.53,1818,43759.1,0,0
2,99.96,3.72,189.15,7.53,1818,43779.4,0,0
2,99.74,3.747,189.15,7.53,1818,43799.6,0,0
2,99.64,3.587,180.75,7.899,1793,43819.8,0,0
2,99.67,3.771,172.61,8.286,1818,43840.0,0,0
2,99.83,3.955,180.38,8.507,1793,43860.2,0,0
2,100.1,4.138,188.5,8.09,1768,43880.5,0,0
2,96.56,3.923,196.98,8.487,1743,43900.7,0,0
2,100.95,3.712,188.12,8.071,1768,43920.9,0,0
2,97.54,3.506,193.21,8.466,1793,43941.1,0,0
2,94.13,3.307,184.51,8.273,1818,43961.4,0,0
2,94.7,3.118,192.82,7.868,1843,43981.6,0,0
2,95.27,2.938,201.49,7.482,1868,44001.8,0,0
2,95.82,3.05,210.56,7.115,1843,44022.0,0,0
2,96.32,3.17,201.09,6.89,1818,44042.2,0,0
2,96.76,2.998,210.14,7.228,1793,44062.5,0,0
2,97.12,3.127,219.59,6.874,1768,44082.7,0,0
2,97.38,2.971,209.71,7.211,1793,44102.9,0,0
2,101.64,2.831,200.27,7.564,1818,44123.1,0,0
2,105.8,2.976,209.29,7.935,1793,44143.3,0,0
2,105.71,2.993,209.29,7.935,1793,44163.6,0,0
2,105.5,3.016,209.29,7.935,1793,44183.8,0,0
2,105.18,3.043,209.29,7.935,1793,44204.0,0,0
2,104.76,3.073,209.29,7.935,1793,44224.2,0,0
2,104.25,3.104,209.29,7.935,1793,44244.5,0,0
2,103.68,3.135,209.29,7.935,1793,44264.7,0,0
2,103.08,3.162,209.29,7.935,1793,44284.9,0,0
2,106.44,3.031,203.17,7.576,1768,44305.1,0,0
2,109.77,3.19,210.21,7.843,1743,44325.3,0,0
2,109.15,3.199,210.21,7.843,1743,44345.6,0,0
2,108.6,3.2,210.21,7.843,1743,44365.8,0,0
2,108.13,3.194,210.21,7.843,1743,44386.0,0,0
2,107.76,3.18,210.21,7.843,1743,44406.2,0,0
2,107.52,3.16,210.21,7.843,1743,44426.4,0,0
2,107.41,3.134,210.21,7.843,1743,44446.7,0,0
2,103.55,3.175,200.75,8.228,1768,44466.9,0,0
2,103.7,2.993,209.78,8.631,1793,44487.1,0,0
2,103.97,3.105,214.05,9.054,1818,44507.3,0,0
2,104.36,3.224,223.68,9.497,1793,44527.6,0,0
2,104.84,3.044,222.51,9.032,1768,44547.8,0,0
2,105.4,2.934,221.73,9.475,1793,44568.0,0,0
2,106.01,3.062,231.7,9.939,1768,44588.2,0,0
2,106.65,2.911,242.13,9.452,1793,44608.4,0,0
2,103.27,3.053,231.23,9.915,1818,44628.7,0,0
2,107.92,2.917,229.53,9.429,1843,44648.9,0,0
2,112.55,3.076,219.2,8.967,1818,44669.1,0,0
2,113.07,3.1,219.2,8.967,1818,44689.3,0,0
2,113.5,3.128,219.2,8.967,1818,44709.5,0,0
2,113.81,3.16,219.2,8.967,1818,44729.8,0,0
2,113.99,3.192,219.2,8.967,1818,44750.0,0,0
2,114.04,3.222,219.2,8.967,1818,44770.2,0,0
2,113.96,3.249,219.2,8.967,1818,44790.4,0,0
2,117.85,3.429,229.06,8.576,1793,44810.7,0,0
2,117.5,3.28,218.76,8.996,1768,44830.9,0,0
2,117.03,3.446,208.91,8.556,1743,44851.1,0,0
2,116.47,3.281,218.31,8.975,1768,44871.3,0,0
2,115.84,3.43,208.49,9.323,1793,44891.5,0,0
2,111.15,3.25,199.11,8.866,1809,44911.8,0,0
2,110.48,3.384,208.07,8.432,1834,44932.0,0,0
2,109.82,3.517,198.7,8.019,1809,44952.2,0,0
2,109.2,3.316,189.76,8.411,1801,44972.4,0,0
2,108.64,3.126,198.3,7.999,1826,44992.6,0,0
2,108.16,3.095,198.3,7.999,1826,45012.9,0,0
2,107.79,3.066,198.3,7.999,1826,45033.1,0,0
2,107.53,3.042,198.3,7.999,1826,45053.3,0,0
2,107.41,3.023,198.3,7.999,1826,45073.5,0,0
2,107.42,3.012,198.3,7.999,1826,45093.8,0,0
2,107.57,3.008,198.3,7.999,1826,45114.0,0,0
2,107.84,3.013,198.3,7.999,1826,45134.2,0,0
2,111.62,2.879,189.38,8.391,1851,45154.4,0,0
2,112.12,3.036,197.9,7.98,1876,45174.6,0,0
2,112.72,2.937,206.81,8.371,1851,45194.9,0,0
2,113.37,2.823,205.37,7.961,1876,45215.1,0,0
2,114.05,2.988,214.61,7.571,1851,45235.3,0,0
2,114.74,2.873,224.27,7.942,1876,45255.5,0,0
2,115.41,2.761,222.81,7.68,1901,45275.7,0,0
2,116.03,2.65,212.78,8.056,1926,45296.0,0,0
2,116.57,2.796,203.21,7.661,1901,45316.2,0,0
2,117.01,2.943,212.35,7.286,1876,45336.4,0,0
2,117.34,2.808,202.79,6.929,1901,45356.6,0,0
2,117.54,2.672,193.67,7.268,1926,45376.9,0,0
2,117.6,2.793,184.95,6.912,1951,45397.1,0,0
2,117.53,2.913,176.63,7.251,1976,45417.3,0,0
2,121.42,3.031,168.68,6.896,1951,45437.5,0,0
2,116.97,2.862,176.27,6.558,1926,45457.7,0,0
2,116.52,2.834,176.27,6.558,1926,45478.0,0,0
2,115.97,2.806,176.27,6.558,1926,45498.2,0,0
2,115.34,2.778,176.27,6.558,1926,45518.4,0,0
2,114.67,2.753,176.27,6.558,1926,45538.6,0,0
2,113.98,2.732,176.27,6.558,1926,45558.8,0,0
2,113.3,2.716,176.27,6.558,1926,45579.1,0,0
2,112.65,2.707,176.27,6.558,1926,45599.3,0,0
2,112.07,2.704,176.27,6.558,1926,45619.5,0,0
2,115.48,2.839,184.2,6.879,1951,45639.7,0,0
2,118.97,2.988,192.49,6.587,1926,45660.0,0,0
2,118.68,3.008,192.49,6.587,1926,45680.2,0,0
2,118.53,3.033,192.49,6.587,1926,45700.4,0,0
2,118.53,3.062,192.49,6.587,1926,45720.6,0,0
2,118.68,3.093,192.49,6.587,1926,45740.8,0,0
2,118.98,3.124,192.49,6.587,1926,45761.1,0,0
2,119.4,3.153,192.49,6.587,1926,45781.3,0,0
2,123.87,3.331,183.83,6.91,1951,45801.5,0,0
2,120.57,3.191,192.1,7.249,1926,45821.7,0,0
2,117.29,3.358,200.75,6.893,1901,45841.9,0,0
2,118.0,3.203,191.71,6.556,1876,45862.2,0,0
2,118.71,3.047,200.34,6.877,1851,45882.4,0,0
2,119.41,2.892,209.36,7.214,1826,45902.6,0,0
2,120.05,3.015,209.23,7.567,1851,45922.8,0,0
2,120.62,2.85,214.02,7.938,1876,45943.1,0,0
2,121.08,2.689,204.39,7.679,1872,45963.3,0,0
2,121.43,2.536,195.19,8.056,1847,45983.5,0,0
2,121.65,2.631,203.55,8.45,1872,46003.7,0,0
2,121.72,2.73,194.39,8.036,1897,46023.9,0,0
2,121.65,2.835,185.64,8.43,1922,46044.2,0,0
2,121.44,2.679,193.99,8.843,1897,46064.4,0,0
2,117.0,2.537,202.72,8.41,1872,46084.6,0,0
2,116.55,2.529,202.72,8.41,1872,46104.8,0,0
2,116.01,2.528,202.72,8.41,1872,46125.0,0,0
2,115.39,2.533,202.72,8.41,1872,46145.3,0,0
2,114.72,2.545,202.72,8.41,1872,46165.5,0,0
2,114.03,2.562,202.72,8.41,1872,46185.7,0,0
2,113.35,2.584,202.72,8.41,1872,46205.9,0,0
2,112.7,2.609,202.72,8.41,1872,46226.2,0,0
2,112.11,2.636,202.72,8.41,1872,46246.4,0,0
2,107.69,2.79,211.84,7.998,1897,46266.6,0,0
2,107.91,2.68,221.38,8.347,1922,46286.8,0,0
2,107.64,2.831,211.42,7.938,1947,46307.0,0,0
2,107.5,2.711,220.93,8.327,1922,46327.3,0,0
2,107.49,2.591,230.87,8.735,1897,46347.5,0,0
2,107.62,2.719,220.48,9.163,1883,46367.7,0,0
2,107.88,2.586,210.56,9.277,1908,46387.9,0,0
2,97.43,1.891,220.03,9.731,1933,46408.1,1,0
2,108.74,2.686,220.03,9.731,1933,46428.4,0,0
2,109.3,2.666,220.03,9.731,1933,46448.6,0,0
2,109.93,2.643,220.03,9.731,1933,46468.8,0,0
2,110.59,2.617,220.03,9.731,1933,46489.0,0,0
2,111.26,2.591,220.03,9.731,1933,46509.3,0,0
2,111.91,2.566,220.03,9.731,1933,46529.5,0,0
2,116.58,2.665,210.13,9.254,1908,46549.7,0,0
2,121.22,2.773,217.78,8.801,1933,46569.9,0,0
2,125.79,2.891,207.98,9.232,1908,46590.1,0,0
2,126.16,2.884,207.98,9.232,1908,46610.4,0,0
2,126.4,2.883,207.98,9.232,1908,46630.6,0,0
2,126.49,2.891,207.98,9.232,1908,46650.8,0,0
2,126.43,2.905,207.98,9.232,1908,46671.0,0,0
2,126.22,2.926,207.98,9.232,1908,46691.2,0,0
2,125.87,2.951,207.98,9.232,1908,46711.5,0,0
2,125.4,2.98,207.98,9.232,1908,46731.7,0,0
2,124.82,3.01,207.98,9.232,1908,46751.9,0,0
2,120.11,3.186,198.62,9.484,1883,46772.1,0,0
2,119.42,3.06,189.68,9.019,1908,46792.4,0,0
2,118.7,3.231,198.22,9.461,1883,46812.6,0,0
2,117.99,3.406,189.3,9.925,1908,46832.8,0,0
2,117.31,3.254,197.82,10.411,1883,46853.0,0,0
2,116.69,3.414,206.72,9.961,1896,46873.2,0,0
2,116.16,3.501,197.42,9.473,1871,46893.5,0,0
2,115.73,3.656,192.56,9.009,1896,46913.7,0,0
2,115.43,3.46,183.9,9.45,1921,46933.9,0,0
2,111.39,3.269,192.17,8.987,1896,46954.1,0,0
2,111.37,3.395,200.82,9.427,1871,46974.3,0,0
2,111.49,3.2,191.78,9.221,1846,46994.6,0,0
2,111.75,3.016,183.15,8.769,1821,47014.8,0,0
2,112.13,2.844,174.91,8.339,1846,47035.0,0,0
2,112.62,2.955,167.04,8.748,1821,47055.2,0,0
2,113.2,2.793,174.56,9.176,1796,47075.5,0,0
2,113.85,2.647,182.41,9.626,1771,47095.7,0,0
2,118.52,2.767,174.2,9.154,1746,47115.9,0,0
2,119.24,2.901,182.04,9.603,1771,47136.1,0,0
2,119.94,3.049,190.24,10.073,1796,47156.3,0,0
2,120.6,3.168,198.8,9.58,1771,47176.6,0,0
2,121.18,3.039,197.56,10.049,1746,47196.8,0,0
2,121.66,3.213,188.67,10.542,1771,47217.0,0,0
2,122.03,3.089,180.18,10.025,1746,47237.2,0,0
2,122.27,3.27,172.98,9.534,1771,47257.4,0,0
2,126.49,3.143,180.77,9.067,1796,47277.7,0,0
2,126.44,3.019,172.63,8.622,1821,47297.9,0,0
2,126.24,3.187,164.86,9.045,1846,47318.1,0,0
2,125.9,3.05,157.44,8.602,1871,47338.3,0,0
2,125.43,3.207,164.53,9.023,1896,47358.6,0,0
2,124.86,3.056,171.93,8.581,1871,47378.8,0,0
2,120.16,2.904,179.67,8.161,1896,47399.0,0,0
2,119.47,3.031,171.58,7.854,1921,47419.2,0,0
2,118.76,3.157,179.31,7.469,1896,47439.4,0,0
2,118.04,3.283,171.24,7.572,1871,47459.7,0,0
2,117.36,3.409,178.94,7.943,1846,47479.9,0,0
2,116.73,3.213,186.99,8.332,1821,47500.1,0,0
2,116.19,3.334,178.58,8.109,1796,47520.3,0,0
2,115.76,3.144,170.54,7.712,1771,47540.5,0,0
2,111.56,3.267,162.87,7.409,1746,47560.8,0,0
2,111.4,3.245,162.87,7.409,1746,47581.0,0,0
2,111.37,3.231,162.87,7.409,1746,47601.2,0,0
2,111.48,3.225,162.87,7.409,1746,47621.4,0,0
2,111.73,3.227,162.87,7.409,1746,47641.7,0,0
2,112.1,3.237,162.87,7.409,1746,47661.9,0,0
2,112.58,3.255,162.87,7.409,1746,47682.1,0,0
2,113.16,3.28,162.87,7.409,1746,47702.3,0,0
2,117.76,3.469,170.2,7.046,1771,47722.5,0,0
2,118.47,3.671,177.86,7.391,1796,47742.8,0,0
2,119.19,3.531,185.86,7.029,1771,47763.0,0,0
2,119.89,3.394,177.5,7.374,1796,47783.2,0,0
2,120.55,3.259,185.48,7.735,1821,47803.4,0,0
2,121.14,3.124,193.83,8.114,1796,47823.6,0,0
2,121.63,3.026,185.11,8.512,1821,47843.9,0,0
2,126.12,3.18,176.78,8.929,1796,47864.1,0,0
2,122.26,3.029,168.82,8.491,1771,47884.3,0,0
2,126.48,3.168,161.23,8.075,1746,47904.5,0,0
2,126.44,3.306,153.97,7.679,1771,47924.8,0,0
2,126.26,3.127,160.9,8.056,1796,47945.0,0,0
2,125.93,3.251,153.66,7.661,1771,47965.2,0,0
2,125.47,3.375,146.75,7.286,1746,47985.4,0,0
2,124.91,3.181,153.35,7.643,1721,48005.6,0,0
2,124.26,3.301,159.87,7.268,1696,48025.9,0,0
2,123.55,3.113,167.07,7.624,1671,48046.1,0,0
2,122.81,2.939,159.55,7.998,1679,48066.3,0,0
2,126.04,2.78,152.37,7.606,1667,48086.5,0,0
2,125.31,2.902,159.22,7.979,1692,48106.7,0,0
2,124.64,3.036,152.06,7.588,1717,48127.0,0,0
2,124.05,2.893,145.22,7.216,1692,48147.2,0,0
2,123.58,2.765,151.75,6.862,1717,48167.4,0,0
2,123.24,2.647,158.58,7.199,1742,48187.6,0,0
2,119.17,2.54,165.72,7.551,1767,48207.9,0,0
2,115.24,2.441,173.17,7.921,1792,48228.1,0,0
2,115.35,2.465,173.17,7.921,1792,48248.3,0,0
2,115.6,2.49,173.17,7.921,1792,48268.5,0,0
2,115.97,2.514,173.17,7.921,1792,48288.7,0,0
2,116.47,2.535,173.17,7.921,1792,48309.0,0,0
2,117.05,2.552,173.17,7.921,1792,48329.2,0,0
2,117.71,2.565,173.17,7.921,1792,48349.4,0,0
2,118.42,2.571,173.17,7.921,1792,48369.6,0,0
2,119.14,2.571,173.17,7.921,1792,48389.8,0,0
2,119.84,2.461,167.64,7.533,1767,48410.1,0,0
2,120.51,2.332,160.1,7.902,1742,48430.3,0,0
2,121.1,2.428,167.31,7.515,1767,48450.5,0,0
2,121.6,2.524,174.83,7.883,1792,48470.7,0,0
2,121.99,2.38,166.97,7.497,1767,48491.0,0,0
2,122.25,2.243,174.48,7.864,1792,48511.2,0,0
2,118.24,2.196,182.33,7.479,1767,48531.4,0,0
2,122.33,2.28,190.54,7.113,1792,48551.6,0,0
2,122.14,2.208,181.96,6.81,1817,48571.8,0,0
2,117.73,2.09,190.15,7.143,1842,48592.1,0,0
2,117.31,2.182,187.4,7.493,1867,48612.3,0,0
2,116.79,2.074,178.97,7.126,1892,48632.5,0,0
2,116.19,1.977,187.02,6.777,1867,48652.7,0,0
2,115.53,1.89,178.6,6.445,1842,48672.9,0,0
2,118.84,1.811,181.88,6.392,1817,48693.2,0,0
2,122.1,1.913,190.06,6.705,1792,48713.4,0,0
2,121.38,1.931,190.06,6.705,1792,48733.6,0,0
2,120.73,1.95,190.06,6.705,1792,48753.8,0,0
2,120.16,1.97,190.06,6.705,1792,48774.1,0,0
2,119.69,1.988,190.06,6.705,1792,48794.3,0,0
2,119.35,2.005,190.06,6.705,1792,48814.5,0,0
2,119.15,2.018,190.06,6.705,1792,48834.7,0,0
2,122.98,2.023,198.62,7.034,1817,48854.9,0,0
2,123.08,1.93,207.55,7.378,1842,48875.2,0,0
2,123.34,2.022,216.89,7.74,1867,48895.4,0,0
2,123.73,2.114,226.65,8.119,1842,48915.6,0,0
2,124.25,2.204,231.21,8.517,1867,48935.8,0,0
2,124.87,2.294,220.8,8.099,1842,48956.0,0,0
2,125.57,2.166,210.87,7.703,1817,48976.3,0,0
2,126.31,2.145,210.87,7.703,1817,48996.5,0,0
2,127.08,2.123,210.87,7.703,1817,49016.7,0,0
2,127.84,2.102,210.87,7.703,1817,49036.9,0,0
2,128.55,2.083,210.87,7.703,1817,49057.2,0,0
2,129.19,2.067,210.87,7.703,1817,49077.4,0,0
2,129.73,2.055,210.87,7.703,1817,49097.6,0,0
2,130.15,2.048,210.87,7.703,1817,49117.8,0,0
2,113.69,1.364,218.73,8.08,1842,49138.0,1,0
2,126.46,1.952,218.73,8.08,1842,49158.3,0,0
2,126.44,1.96,218.73,8.08,1842,49178.5,0,0
2,126.27,1.973,218.73,8.08,1842,49198.7,0,0
2,125.96,1.989,218.73,8.08,1842,49218.9,0,0
2,125.52,2.008,218.73,8.08,1842,49239.1,0,0
2,124.97,2.029,218.73,8.08,1842,49259.4,0,0
2,128.38,2.147,208.89,7.684,1817,49279.6,0,0
2,127.66,2.063,216.43,7.308,1792,49299.8,0,0
2,126.9,2.18,223.33,7.666,1817,49320.0,0,0
2,126.13,2.151,222.9,8.041,1842,49340.3,0,0
2,125.39,2.264,232.93,7.647,1867,49360.5,0,0
2,124.71,2.159,222.44,7.273,1842,49380.7,0,0
2,124.11,2.082,232.45,7.629,1825,49400.9,0,0
2,119.72,2.175,221.99,7.269,1850,49421.1,0,0
2,119.02,2.268,212.0,7.626,1825,49441.4,0,0
2,122.69,2.36,202.46,7.252,1850,49461.6,0,0
2,122.63,2.339,202.46,7.252,1850,49481.8,0,0
2,122.72,2.317,202.46,7.252,1850,49502.0,0,0
2,122.96,2.294,202.46,7.252,1850,49522.2,0,0
2,123.34,2.271,202.46,7.252,1850,49542.5,0,0
2,123.85,2.251,202.46,7.252,1850,49562.7,0,0
2,124.46,2.234,202.46,7.252,1850,49582.9,0,0
2,125.15,2.222,202.46,7.252,1850,49603.1,0,0
2,125.9,2.215,202.46,7.252,1850,49623.4,0,0
2,126.66,2.214,202.46,7.252,1850,49643.6,0,0
2,127.42,2.219,202.46,7.252,1850,49663.8,0,0
2,128.13,2.229,202.46,7.252,1850,49684.0,0,0
2,128.78,2.244,202.46,7.252,1850,49704.2,0,0
2,129.33,2.263,202.46,7.252,1850,49724.5,0,0
2,129.76,2.285,202.46,7.252,1850,49744.7,0,0
2,130.05,2.308,202.46,7.252,1850,49764.9,0,0
2,130.2,2.331,202.46,7.252,1850,49785.1,0,0
2,126.07,2.466,211.57,7.607,1825,49805.3,0,0
2,121.8,2.366,202.05,7.98,1800,49825.6,0,0
2,121.51,2.38,202.05,7.98,1800,49845.8,0,0
2,121.1,2.389,202.05,7.98,1800,49866.0,0,0
2,120.57,2.393,202.05,7.98,1800,49886.2,0,0
2,119.96,2.39,202.05,7.98,1800,49906.5,0,0
2,119.29,2.382,202.05,7.98,1800,49926.7,0,0
2,118.58,2.369,202.05,7.98,1800,49946.9,0,0
2,113.88,2.249,192.96,7.589,1775,49967.1,0,0
2,113.21,2.337,194.45,7.217,1750,49987.3,0,0
2,112.59,2.329,185.7,7.571,1725,50007.6,0,0
2,112.04,2.416,188.64,7.2,1700,50027.8,0,0
2,111.59,2.507,180.15,6.847,1725,50048.0,0,0
2,111.26,2.605,172.05,6.86,1750,50068.2,0,0
2,111.06,2.462,179.79,7.196,1725,50088.4,0,0
2,114.87,2.487,171.7,6.844,1750,50108.7,0,0
2,118.82,2.362,163.97,7.179,1751,50128.9,0,0
2,119.05,2.361,163.97,7.179,1751,50149.1,0,0
2,119.41,2.367,163.97,7.179,1751,50169.3,0,0
2,119.89,2.379,163.97,7.179,1751,50189.6,0,0
2,120.48,2.396,163.97,7.179,1751,50209.8,0,0
2,125.1,2.533,156.59,6.827,1726,50230.0,0,0
2,129.82,2.68,163.64,6.493,1751,50250.2,0,0
2,134.62,2.837,171.0,6.811,1776,50270.4,0,0
2,139.45,2.964,163.31,6.477,1801,50290.7,0,0
2,140.24,2.991,163.31,6.477,1801,50310.9,0,0
2,140.95,3.014,163.31,6.477,1801,50331.1,0,0
2,141.56,3.031,163.31,6.477,1801,50351.3,0,0
2,142.04,3.042,163.31,6.477,1801,50371.5,0,0
2,142.38,3.045,163.31,6.477,1801,50391.8,0,0
2,142.55,3.041,163.31,6.477,1801,50412.0,0,0
2,142.55,3.03,163.31,6.477,1801,50432.2,0,0
2,142.39,3.012,163.31,6.477,1801,50452.4,0,0
2,142.06,2.989,163.31,6.477,1801,50472.7,0,0
2,141.59,2.962,163.31,6.477,1801,50492.9,0,0
2,140.98,2.933,163.31,6.477,1801,50513.1,0,0
2,140.28,2.904,163.31,6.477,1801,50533.3,0,0
2,139.49,2.876,163.31,6.477,1801,50553.5,0,0
2,138.66,2.715,170.66,6.16,1776,50573.8,0,0
2,137.83,2.825,178.34,6.461,1801,50594.0,0,0
2,137.01,2.677,170.31,6.145,1776,50614.2,0,0
2,136.26,2.799,177.98,5.844,1751,50634.4,0,0
2,135.59,2.922,185.99,6.13,1776,50654.6,0,0
2,135.04,2.884,194.36,6.43,1801,50674.9,0,0
2,134.62,2.76,185.61,6.115,1826,50695.1,0,0
2,130.48,2.914,177.26,6.415,1801,50715.3,0,0
2,130.39,2.799,185.23,6.729,1816,50735.5,0,0
2,130.46,2.962,176.9,6.4,1841,50755.8,0,0
2,130.69,3.136,179.26,6.713,1866,50776.0,0,0
2,131.08,3.014,171.19,7.042,1891,50796.2,0,0
2,127.69,2.895,178.9,7.387,1916,50816.4,0,0
2,128.3,2.776,186.95,7.749,1891,50836.6,0,0
2,129.01,2.657,178.54,7.446,1916,50856.9,0,0
2,129.77,2.538,174.66,7.081,1941,50877.1,0,0
2,130.56,2.662,166.8,7.428,1966,50897.3,0,0
2,135.37,2.785,162.33,7.064,1941,50917.5,0,0
2,136.14,2.641,165.6,7.41,1966,50937.7,0,0
2,136.83,2.751,173.05,7.773,1941,50958.0,0,0
2,137.43,2.598,165.27,7.392,1916,50978.2,0,0
2,137.91,2.698,169.83,7.755,1906,50998.4,0,0
2,134.13,2.8,177.47,7.375,1931,51018.6,0,0
2,134.3,2.638,169.49,7.013,1956,51038.9,0,0
2,134.32,2.488,161.86,7.357,1981,51059.1,0,0
2,134.18,2.586,169.14,7.717,1956,51079.3,0,0
2,133.88,2.692,161.53,7.339,1931,51099.5,0,0
2,133.44,2.551,162.71,7.361,1906,51119.7,0,0
2,132.88,2.424,170.03,7.0,1881,51140.0,0,0
2,132.22,2.542,162.38,7.343,1906,51160.2,0,0
2,135.52,2.672,169.69,7.703,1931,51180.4,0,0
2,134.72,2.558,177.32,8.08,1906,51200.6,0,0
2,133.9,2.702,185.3,7.684,1901,51220.8,0,0
2,133.11,2.595,193.64,7.308,1876,51241.1,0,0
2,132.37,2.747,184.93,6.95,1851,51261.3,0,0
2,127.79,2.672,193.25,7.29,1876,51281.5,0,0
2,127.27,2.568,184.94,7.648,1901,51301.7,0,0
2,126.86,2.714,176.61,7.896,1876,51322.0,0,0
2,126.61,2.603,168.67,8.283,1901,51342.2,0,0
2,126.51,2.49,161.08,7.877,1876,51362.4,0,0
2,126.57,2.378,153.83,8.185,1901,51382.6,0,0
2,126.78,2.493,146.91,8.586,1876,51402.8,0,0
2,127.15,2.607,153.52,8.165,1901,51423.1,0,0
2,123.73,2.618,146.61,7.765,1926,51443.3,0,0
2,124.32,2.727,153.21,8.071,1951,51463.5,0,0
2,125.0,2.834,160.1,7.675,1926,51483.7,0,0
2,125.73,2.943,165.28,8.051,1901,51503.9,0,0
2,126.5,2.774,172.72,8.446,1876,51524.2,0,0
2,127.26,2.614,180.49,8.032,1901,51544.4,0,0
2,127.98,2.714,172.37,7.638,1926,51564.6,0,0
2,128.65,2.821,180.13,8.013,1901,51584.8,0,0
2,133.31,2.772,188.23,8.405,1876,51605.1,0,0
2,133.78,2.893,196.7,8.817,1851,51625.3,0,0
2,134.11,2.75,205.55,8.385,1826,51645.5,0,0
2,134.3,2.62,196.3,8.796,1801,51665.7,0,0
2,134.32,2.756,187.47,8.365,1826,51685.9,0,0
2,134.19,2.779,179.03,7.955,1801,51706.2,0,0
2,129.8,2.666,187.09,8.345,1776,51726.4,0,0
2,125.29,2.82,178.67,8.754,1751,51746.6,0,0
2,124.77,2.985,170.63,8.325,1776,51766.8,0,0
2,124.16,2.871,165.17,8.733,1751,51787.0,0,0
2,123.47,3.037,172.6,9.161,1776,51807.3,0,0
2,122.74,2.916,180.37,8.712,1801,51827.5,0,0
2,122.0,2.795,172.59,8.285,1776,51847.7,0,0
2,109.15,1.872,180.35,7.879,1751,51867.9,1,0
2,120.6,2.68,180.35,7.879,1751,51888.2,0,0
2,120.0,2.681,180.35,7.879,1751,51908.4,0,0
2,119.49,2.674,180.35,7.879,1751,51928.6,0,0
2,119.11,2.662,180.35,7.879,1751,51948.8,0,0
2,118.86,2.644,180.35,7.879,1751,51969.0,0,0
2,118.75,2.623,180.35,7.879,1751,51989.3,0,0
2,114.91,2.723,188.47,7.493,1726,52009.5,0,0
2,115.1,2.566,179.99,7.126,1701,52029.7,0,0
2,115.42,2.662,171.89,6.776,1726,52049.9,0,0
2,115.86,2.764,164.15,6.444,1701,52070.1,0,0
2,116.41,2.874,160.43,6.76,1676,52090.4,0,0
2,117.04,2.994,153.21,7.091,1701,52110.6,0,0
2,117.73,2.839,160.11,6.76,1709,52130.8,0,0
2,118.44,2.972,163.95,7.091,1734,52151.0,0,0
2,119.15,3.119,171.33,6.743,1759,52171.2,0,0
2,119.84,2.981,179.04,7.074,1784,52191.5,0,0
2,124.53,3.144,187.09,6.727,1759,52211.7,0,0
2,129.18,3.017,178.67,6.398,1784,52231.9,0,0
2,129.65,2.899,186.71,6.711,1759,52252.1,0,0
2,129.98,3.069,178.31,6.382,1734,52272.4,0,0
2,130.17,3.248,170.29,6.44,1709,52292.6,0,0
2,130.21,3.122,173.85,6.125,1684,52312.8,0,0
2,130.09,2.996,181.67,6.425,1659,52333.0,0,0
2,129.82,3.161,179.42,6.74,1684,52353.2,0,0
2,129.42,3.175,179.42,6.74,1684,52373.5,0,0
2,128.89,3.182,179.42,6.74,1684,52393.7,0,0
2,128.26,3.181,179.42,6.74,1684,52413.9,0,0
2,127.56,3.173,179.42,6.74,1684,52434.1,0,0
2,122.8,3.309,187.5,6.409,1709,52454.3,0,0
2,118.07,3.231,179.06,6.723,1734,52474.6,0,0
2,121.33,3.357,171.0,7.053,1759,52494.8,0,0
2,120.65,3.325,171.0,7.053,1759,52515.0,0,0
2,120.04,3.292,171.0,7.053,1759,52535.2,0,0
2,119.52,3.259,171.0,7.053,1759,52555.5,0,0
2,119.13,3.23,171.0,7.053,1759,52575.7,0,0
2,118.87,3.205,171.0,7.053,1759,52595.9,0,0
2,118.75,3.186,171.0,7.053,1759,52616.1,0,0
2,118.79,3.175,171.0,7.053,1759,52636.3,0,0
2,122.86,3.325,163.31,6.707,1734,52656.6,0,0
2,123.19,3.331,163.31,6.707,1734,52676.8,0,0
2,150.0,4.345,143.31,4.707,1734,52697.0,0,1
2,124.23,3.367,163.31,6.707,1734,52717.2,0,0
2,124.9,3.395,163.31,6.707,1734,52737.4,0,0
2,125.63,3.427,163.31,6.707,1734,52757.7,0,0
2,130.39,3.296,162.97,6.379,1709,52777.9,0,0
2,127.15,3.488,170.3,6.691,1684,52798.1,0,0
2,127.88,3.352,165.03,6.363,1659,52818.3,0,0
2,128.55,3.217,172.46,6.051,1684,52838.6,0,0
2,129.14,3.392,180.22,6.348,1659,52858.8,0,0
2,129.62,3.243,172.11,6.659,1684,52879.0,0,0
2,129.96,3.093,179.86,6.985,1659,52899.2,0,0
2,130.16,3.24,171.76,6.643,1684,52919.4,0,0
2,130.21,3.385,179.49,6.969,1709,52939.7,0,0
2,125.99,3.206,171.41,7.31,1734,52959.9,0,0
2,121.63,3.335,179.13,7.668,1759,52980.1,0,0
2,125.35,3.148,184.11,7.292,1734,53000.3,0,0
2,124.85,2.968,175.82,6.935,1709,53020.5,0,0
2,124.25,3.079,167.91,6.983,1734,53040.8,0,0
2,123.57,3.195,175.47,7.326,1709,53061.0,0,0
2,122.85,3.015,167.57,6.967,1734,53081.2,0,0
2,122.11,3.136,175.11,7.308,1759,53101.4,0,0
2,121.38,3.167,182.99,7.666,1784,53121.7,0,0
2,120.69,3.309,191.23,8.042,1759,53141.9,0,0
2,120.08,3.307,191.23,8.042,1759,53162.1,0,0
2,119.56,3.315,191.23,8.042,1759,53182.3,0,0
2,119.15,3.33,191.23,8.042,1759,53202.5,0,0
2,118.88,3.353,191.23,8.042,1759,53222.8,0,0
2,118.76,3.381,191.23,8.042,1759,53243.0,0,0
2,118.78,3.414,191.23,8.042,1759,53263.2,0,0
2,118.95,3.448,191.23,8.042,1759,53283.4,0,0
2,119.26,3.483,191.23,8.042,1759,53303.6,0,0
2,119.7,3.515,191.23,8.042,1759,53323.9,0,0
2,120.26,3.542,191.23,8.042,1759,53344.1,0,0
2,120.9,3.563,191.23,8.042,1759,53364.3,0,0
2,121.6,3.577,191.23,8.042,1759,53384.5,0,0
2,122.33,3.583,191.23,8.042,1759,53404.8,0,0
2,119.05,3.751,182.62,7.648,1734,53425.0,0,0
2,123.79,3.847,174.4,7.273,1759,53445.2,0,0
2,124.08,4.009,182.25,7.629,1784,53465.4,0,0
2,124.65,3.788,174.05,8.003,1809,53485.6,0,0
2,125.12,3.575,166.22,8.395,1834,53505.9,0,0
2,125.46,3.566,158.74,8.807,1859,53526.1,0,0
2,125.67,3.699,165.88,8.375,1834,53546.3,0,0
2,125.73,3.487,173.35,7.965,1809,53566.5,0,0
2,129.75,3.291,165.55,7.574,1784,53586.7,0,0
2,125.4,3.424,173.0,7.946,1759,53607.0,0,0
2,125.02,3.57,165.21,7.912,1784,53627.2,0,0
2,124.53,3.389,157.78,8.3,1809,53647.4,0,0
2,123.93,3.552,164.88,7.893,1820,53667.6,0,0
2,123.26,3.39,172.3,7.506,1795,53687.9,0,0
2,122.54,3.57,164.54,7.139,1779,53708.1,0,0
2,121.81,3.768,157.14,7.086,1804,53728.3,0,0
2,121.08,3.983,150.07,7.026,1806,53748.5,0,0
2,120.39,3.829,156.82,7.371,1831,53768.7,0,0
2,119.77,3.682,163.88,7.732,1806,53789.0,0,0
2,119.24,3.897,171.25,7.353,1781,53809.2,0,0
2,118.83,4.121,178.96,7.713,1756,53829.4,0,0
2,118.55,3.953,170.9,7.335,1731,53849.6,0,0
2,118.42,3.785,163.21,6.976,1756,53869.8,0,0
2,114.55,3.616,170.56,7.318,1781,53890.1,0,0
2,114.7,3.62,170.56,7.318,1781,53910.3,0,0
2,114.99,3.615,170.56,7.318,1781,53930.5,0,0
2,115.41,3.602,170.56,7.318,1781,53950.7,0,0
2,115.94,3.581,170.56,7.318,1781,53971.0,0,0
2,116.55,3.554,170.56,7.318,1781,53991.2,0,0
2,117.22,3.522,170.56,7.318,1781,54011.4,0,0
2,121.93,3.32,178.23,7.676,1806,54031.6,0,0
2,118.64,3.129,186.25,8.052,1781,54051.8,0,0
2,119.33,3.248,177.87,7.658,1756,54072.1,0,0
2,119.97,3.065,169.87,7.283,1731,54092.3,0,0
2,120.53,2.898,177.51,7.639,1756,54112.5,0,0
2,120.99,2.745,185.5,8.014,1731,54132.7,0,0
2,121.33,2.87,177.15,7.621,1756,54152.9,0,0
2,121.54,3.009,185.12,7.994,1781,54173.2,0,0
2,121.61,2.873,193.45,7.603,1756,54193.4,0,0
2,121.53,2.749,184.75,7.23,1731,54213.6,0,0
2,121.31,2.745,193.06,7.584,1756,54233.8,0,0
2,120.96,2.902,201.75,7.956,1731,54254.1,0,0
2,120.49,2.79,210.83,7.566,1756,54274.3,0,0
2,119.92,2.683,201.34,7.937,1781,54294.5,0,0
2,119.27,2.579,193.29,7.548,1756,54314.7,0,0
2,114.56,2.695,184.59,7.178,1731,54334.9,0,0
2,113.87,2.845,192.89,7.53,1719,54355.2,0,0
2,113.19,2.723,184.21,7.161,1744,54375.4,0,0
2,112.54,2.601,175.92,7.512,1719,54395.6,0,0
2,111.96,2.728,168.01,7.144,1744,54415.8,0,0
2,115.37,2.593,160.45,6.794,1719,54436.0,0,0
2,114.96,2.706,153.23,6.461,1694,54456.3,0,0
2,114.68,2.561,160.12,6.144,1669,54476.5,0,0
2,114.54,2.663,152.92,6.445,1644,54496.7,0,0
2,114.54,2.512,147.12,6.761,1669,54516.9,0,0
2,114.69,2.368,153.74,7.093,1694,54537.2,0,0
2,114.97,2.456,160.65,6.745,1669,54557.4,0,0
2,115.38,2.55,153.43,7.075,1644,54577.6,0,0
2,104.31,1.855,160.25,6.729,1669,54597.8,1,0
2,116.5,2.632,160.25,6.729,1669,54618.0,0,0
2,117.17,2.62,160.25,6.729,1669,54638.3,0,0
2,117.88,2.615,160.25,6.729,1669,54658.5,0,0
2,118.59,2.617,160.25,6.729,1669,54678.7,0,0
2,119.29,2.625,160.25,6.729,1669,54698.9,0,0
2,119.93,2.64,160.25,6.729,1669,54719.1,0,0
2,120.5,2.66,160.25,6.729,1669,54739.4,0,0
2,120.96,2.684,160.25,6.729,1669,54759.6,0,0
2,121.31,2.711,160.25,6.729,1669,54779.8,0,0
2,121.53,2.738,160.25,6.729,1669,54800.0,0,0
2,119.4,2.632,153.04,6.399,1694,54820.3,0,0
2,115.22,2.782,146.15,6.214,1669,54840.5,0,0
2,119.13,2.937,152.73,6.518,1644,54860.7,0,0
2,118.79,3.093,159.6,6.838,1647,54880.9,0,0
2,118.34,3.251,166.78,7.173,1672,54901.1,0,0
2,117.79,3.409,174.29,7.524,1647,54921.4,0,0
2,117.16,3.55,166.44,7.156,1672,54941.6,0,0
2,116.48,3.365,158.95,6.805,1647,54961.8,0,0
2,115.78,3.504,166.11,6.682,1622,54982.0,0,0
2,111.11,3.309,173.58,7.009,1597,55002.2,0,0
2,110.47,3.121,181.39,7.353,1572,55022.5,0,0
2,109.9,3.238,173.23,6.993,1547,55042.7,0,0
2,109.4,3.052,181.03,7.335,1522,55062.9,0,0
2,109.01,3.168,172.88,6.976,1497,55083.1,0,0
2,108.73,2.992,180.66,7.318,1472,55103.4,0,0
2,108.59,2.83,172.53,6.959,1447,55123.6,0,0
2,108.58,2.953,164.77,6.618,1422,55143.8,0,0
2,108.71,3.09,167.12,6.942,1447,55164.0,0,0
2,105.07,2.945,174.64,7.283,1472,55184.2,0,0
2,105.44,2.813,182.5,6.926,1497,55204.5,0,0
2,105.9,2.966,190.71,7.265,1472,55224.7,0,0
2,106.45,2.846,182.13,6.909,1447,55244.9,0,0
2,107.06,2.734,173.93,6.571,1472,55265.1,0,0
2,111.7,2.894,181.76,6.893,1497,55285.3,0,0
2,116.39,2.783,173.58,6.555,1488,55305.6,0,0
2,117.07,2.675,165.77,6.234,1513,55325.8,0,0
2,117.71,2.568,173.23,6.539,1538,55346.0,0,0
2,118.27,2.71,181.03,6.859,1563,55366.2,0,0
2,118.74,2.853,172.88,7.196,1538,55386.5,0,0
2,119.09,2.998,180.66,7.548,1563,55406.7,0,0
2,119.32,3.142,187.03,7.353,1588,55426.9,0,0
2,119.4,3.285,195.45,7.713,1613,55447.1,0,0
2,119.34,3.113,186.65,7.335,1588,55467.3,0,0
2,119.15,2.944,195.05,6.976,1613,55487.6,0,0
2,118.82,3.06,203.83,6.634,1638,55507.8,0,0
2,118.37,3.177,213.0,6.959,1613,55528.0,0,0
2,117.83,2.994,222.59,7.3,1638,55548.2,0,0
2,117.2,3.047,232.61,7.658,1663,55568.4,0,0
2,116.53,2.874,228.8,8.033,1638,55588.7,0,0
2,115.83,2.714,230.28,8.427,1613,55608.9,0,0
2,115.13,2.827,240.64,8.839,1638,55629.1,0,0
2,114.47,2.951,229.81,8.406,1663,55649.3,0,0
2,113.86,2.806,231.72,8.818,1688,55669.6,0,0
2,113.34,2.945,242.14,8.386,1713,55689.8,0,0
2,112.93,3.098,231.25,8.797,1738,55710.0,0,0
2,112.63,3.267,241.65,9.228,1713,55730.2,0,0
2,112.47,3.136,230.78,8.776,1738,55750.4,0,0
2,108.57,3.317,241.17,9.206,1713,55770.7,0,0
2,104.81,3.19,230.31,8.755,1738,55790.9,0,0
2,108.94,3.376,219.95,8.326,1713,55811.1,0,0
2,105.41,3.572,229.85,8.734,1738,55831.3,0,0
2,101.94,3.429,240.19,8.306,1763,55851.5,0,0
2,102.47,3.285,229.38,7.899,1788,55871.8,0,0
2,103.05,3.459,239.7,8.286,1763,55892.0,0,0
2,103.67,3.3,250.49,8.692,1788,55912.2,0,0
2,104.3,3.141,258.03,8.266,1813,55932.4,0,0
2,104.91,3.283,246.42,8.671,1838,55952.7,0,0
2,105.49,3.423,238.61,9.096,1813,55972.9,0,0
2,106.0,3.266,249.34,9.542,1788,55993.1,0,0
2,106.42,3.297,241.66,9.074,1763,56013.3,0,0
2,102.64,3.212,244.99,9.519,1788,56033.5,0,0
2,102.84,3.333,233.96,9.985,1813,56053.8,0,0
2,102.92,3.458,223.43,10.474,1788,56074.0,0,0
2,102.88,3.591,213.38,9.961,1813,56094.2,0,0
2,102.72,3.735,222.98,9.999,1788,56114.4,0,0
2,102.44,3.535,233.01,10.489,1813,56134.6,0,0
2,98.16,3.692,222.53,9.975,1788,56154.9,0,0
2,101.78,3.511,212.52,10.464,1813,56175.1,0,0
2,101.25,3.518,212.52,10.464,1813,56195.3,0,0
2,100.67,3.533,212.52,10.464,1813,56215.5,0,0
2,100.06,3.556,212.52,10.464,1813,56235.8,0,0
2,99.46,3.585,212.52,10.464,1813,56256.0,0,0
2,98.88,3.619,212.52,10.464,1813,56276.2,0,0
2,98.36,3.656,212.52,10.464,1813,56296.4,0,0
2,97.9,3.693,212.52,10.464,1813,56316.6,0,0
2,93.64,3.906,222.08,9.951,1838,56336.9,0,0
2,93.39,4.02,232.07,9.463,1813,56357.1,0,0
2,93.25,3.851,221.63,9.0,1788,56377.3,0,0
2,93.22,3.682,211.66,8.559,1813,56397.5,0,0
2,93.31,3.866,211.71,8.68,1838,56417.7,0,0
2,93.52,3.863,211.71,8.68,1838,56438.0,0,0
2,93.83,3.852,211.71,8.68,1838,56458.2,0,0
2,94.24,3.832,211.71,8.68,1838,56478.4,0,0
2,94.72,3.804,211.71,8.68,1838,56498.6,0,0
2,99.22,3.897,207.92,8.254,1863,56518.9,0,0
2,103.8,4.044,198.56,8.659,1888,56539.1,0,0
2,100.42,3.812,189.63,8.57,1913,56559.3,0,0
2,105.05,3.955,181.09,8.649,1888,56579.5,0,0
2,105.63,3.732,189.24,8.225,1913,56599.7,0,0
2,106.14,3.882,197.76,8.628,1938,56620.0,0,0
2,106.57,4.046,188.86,8.205,1913,56640.2,0,0
2,106.91,3.84,180.36,7.803,1888,56660.4,0,0
2,107.12,3.654,172.24,8.186,1913,56680.6,0,0
2,107.22,3.837,164.49,8.587,1888,56700.8,0,0
2,103.07,3.67,157.09,8.166,1913,56721.1,0,0
2,98.8,3.518,164.16,8.566,1938,56741.3,0,0
2,94.44,3.674,171.55,8.146,1913,56761.5,0,0
2,98.19,3.531,163.83,7.747,1938,56781.7,0,0
2,101.82,3.396,171.2,7.368,1913,56802.0,0,0
2,101.29,3.43,171.2,7.368,1913,56822.2,0,0
2,100.71,3.461,171.2,7.368,1913,56842.4,0,0
2,100.11,3.488,171.2,7.368,1913,56862.6,0,0
2,99.5,3.509,171.2,7.368,1913,56882.8,0,0
2,94.97,3.354,163.5,7.007,1888,56903.1,0,0
2,94.46,3.359,163.5,7.007,1888,56923.3,0,0
2,94.02,3.356,163.5,7.007,1888,56943.5,0,0
2,93.66,3.345,163.5,7.007,1888,56963.7,0,0
2,93.4,3.326,163.5,7.007,1888,56983.9,0,0
2,95.18,3.143,170.85,7.35,1863,57004.2,0,0
2,91.27,2.966,178.54,6.99,1838,57024.4,0,0
2,95.24,3.034,186.58,6.647,1863,57044.6,0,0
2,95.44,2.859,194.97,6.322,1888,57064.8,0,0
2,95.75,2.695,186.2,6.509,1863,57085.1,0,0
2,96.16,2.544,177.82,6.828,1838,57105.3,0,0
2,96.64,2.647,185.82,7.162,1863,57125.5,0,0
2,97.18,2.759,177.46,7.502,1838,57145.7,0,0
2,101.75,2.884,185.44,7.87,1813,57165.9,0,0
2,102.37,2.883,185.44,7.87,1813,57186.2,0,0
2,102.98,2.891,185.44,7.87,1813,57206.4,0,0
2,103.55,2.905,185.44,7.87,1813,57226.6,0,0
2,104.06,2.926,185.44,7.87,1813,57246.8,0,0
2,104.49,2.951,185.44,7.87,1813,57267.0,0,0
2,104.82,2.98,185.44,7.87,1813,57287.3,0,0
2,105.05,3.01,185.44,7.87,1813,57307.5,0,0
2,94.63,2.128,185.44,7.87,1813,57327.7,1,0
2,105.12,3.067,185.44,7.87,1813,57347.9,0,0
2,104.98,3.091,185.44,7.87,1813,57368.2,0,0
2,104.71,3.108,185.44,7.87,1813,57388.4,0,0
2,104.34,3.119,185.44,7.87,1813,57408.6,0,0
2,103.88,3.123,185.44,7.87,1813,57428.8,0,0
2,103.34,3.119,185.44,7.87,1813,57449.0,0,0
2,106.78,2.958,193.79,8.255,1838,57469.3,0,0
2,106.14,2.8,185.07,7.851,1863,57489.5,0,0
2,105.5,2.684,193.4,8.235,1888,57509.7,0,0
2,104.89,2.706,202.1,8.639,1863,57529.9,0,0
2,104.32,2.551,193.0,8.216,1838,57550.1,0,0
2,103.82,2.404,201.69,8.336,1813,57570.4,0,0
2,103.42,2.495,192.61,7.927,1788,57590.6,0,0
2,107.02,2.592,183.95,7.539,1763,57610.8,0,0
2,110.72,2.451,192.22,7.169,1788,57631.0,0,0
2,106.79,2.322,200.87,6.818,1763,57651.3,0,0
2,106.88,2.205,209.91,7.152,1738,57671.5,0,0
2,107.09,2.1,200.47,7.503,1763,57691.7,0,0
2,107.43,2.005,191.45,7.87,1738,57711.9,0,0
2,107.88,1.919,200.06,8.256,1763,57732.1,0,0
2,108.42,1.84,209.06,8.661,1788,57752.4,0,0
2,105.07,1.946,218.47,9.085,1813,57772.6,0,0
2,105.69,2.059,208.64,9.53,1788,57792.8,0,0
2,106.34,2.18,218.03,9.997,1813,57813.0,0,0
2,106.97,2.095,208.22,10.487,1788,57833.2,0,0
2,107.56,2.215,198.85,9.973,1813,57853.5,0,0
2,108.1,2.329,199.02,10.462,1788,57873.7,0,0
2,108.56,2.454,190.06,9.949,1763,57893.9,0,0
2,108.91,2.344,198.61,9.462,1788,57914.1,0,0
2,113.26,2.458,207.55,9.925,1793,57934.4,0,0
2,113.38,2.454,207.55,9.925,1793,57954.6,0,0
2,113.37,2.444,207.55,9.925,1793,57974.8,0,0
2,113.22,2.43,207.55,9.925,1793,57995.0,0,0
2,112.94,2.41,207.55,9.925,1793,58015.2,0,0
2,109.91,2.274,216.89,9.439,1768,58035.5,0,0
2,113.5,2.359,226.65,9.901,1793,58055.7,0,0
2,116.97,2.224,216.45,9.416,1818,58075.9,0,0
2,150.0,3.16,186.71,6.955,1843,58096.1,0,1
2,119.62,2.179,216.01,9.394,1868,58116.3,0,0
2,118.9,2.268,225.73,8.933,1893,58136.6,0,0
2,118.2,2.15,215.57,8.496,1868,58156.8,0,0
2,117.55,2.043,205.87,8.079,1843,58177.0,0,0
2,116.99,2.142,196.61,7.683,1818,58197.2,0,0
2,120.43,2.046,187.76,8.06,1843,58217.5,0,0
2,120.08,2.156,179.31,7.665,1868,58237.7,0,0
2,119.86,2.277,187.38,7.653,1893,58257.9,0,0
2,119.8,2.187,195.81,8.028,1918,58278.1,0,0
2,119.89,2.315,204.63,7.634,1943,58298.3,0,0
2,120.12,2.226,213.83,8.008,1918,58318.6,0,0
2,120.5,2.14,204.21,8.401,1893,58338.8,0,0
2,120.99,2.262,211.6,8.812,1868,58359.0,0,0
2,125.53,2.387,202.08,9.244,1893,58379.2,0,0
2,126.22,2.399,202.08,9.244,1893,58399.4,0,0
2,126.97,2.406,202.08,9.244,1893,58419.7,0,0
2,127.75,2.407,202.08,9.244,1893,58439.9,0,0
2,128.51,2.403,202.08,9.244,1893,58460.1,0,0
2,129.23,2.392,202.08,9.244,1893,58480.3,0,0
2,129.88,2.377,202.08,9.244,1893,58500.6,0,0
2,134.53,2.245,192.98,9.212,1918,58520.8,0,0
2,134.97,2.331,184.3,8.761,1893,58541.0,0,0
2,135.28,2.197,192.59,8.331,1918,58561.2,0,0
2,135.43,2.279,201.26,7.923,1943,58581.4,0,0
2,135.43,2.366,192.2,8.311,1968,58601.7,0,0
2,135.26,2.46,183.55,7.904,1943,58621.9,0,0
2,134.94,2.561,178.76,8.291,1918,58642.1,0,0
2,134.48,2.673,186.81,8.698,1943,58662.3,0,0
2,137.97,2.541,178.4,8.91,1918,58682.5,0,0
2,137.27,2.421,186.43,9.346,1893,58702.8,0,0
2,136.5,2.313,178.04,8.888,1868,58723.0,0,0
2,135.69,2.439,170.03,8.453,1893,58743.2,0,0
2,134.87,2.399,177.68,8.867,1868,58763.4,0,0
2,134.08,2.537,179.96,8.432,1893,58783.7,0,0
2,133.34,2.685,171.86,8.019,1868,58803.9,0,0
2,132.7,2.843,179.6,8.412,1869,58824.1,0,0
2,132.16,2.795,171.51,8.0,1844,58844.3,0,0
2,127.88,2.954,179.23,8.392,1838,58864.5,0,0
2,131.52,2.832,187.3,8.803,1863,58884.8,0,0
2,127.56,2.709,195.73,9.235,1838,58905.0,0,0
2,123.76,2.637,186.92,8.782,1813,58925.2,0,0
2,123.99,2.764,195.33,8.352,1788,58945.4,0,0
2,124.37,2.625,204.12,7.943,1763,58965.6,0,0
2,124.87,2.488,194.93,7.553,1788,58985.9,0,0
2,125.48,2.59,203.71,7.923,1813,59006.1,0,0
2,122.21,2.445,194.54,8.312,1788,59026.3,0,0
2,122.94,2.538,185.79,7.904,1763,59046.5,0,0
2,123.68,2.634,194.15,8.292,1738,59066.8,0,0
2,124.42,2.482,195.86,8.698,1763,59087.0,0,0
2,125.13,2.341,204.67,9.124,1788,59107.2,0,0
2,125.76,2.211,195.46,9.571,1763,59127.4,0,0
2,126.31,2.303,186.67,9.102,1788,59147.6,0,0
2,126.74,2.307,195.07,9.548,1763,59167.9,0,0
2,122.92,2.414,203.84,9.081,1738,59188.1,0,0
2,123.07,2.532,194.67,8.636,1763,59208.3,0,0
2,123.07,2.664,185.91,8.212,1788,59228.5,0,0
2,122.93,2.552,194.28,8.615,1813,59248.7,0,0
2,122.65,2.449,185.53,8.193,1838,59269.0,0,0
2,122.24,2.59,177.19,8.594,1863,59289.2,0,0
2,121.72,2.742,169.21,8.173,1838,59309.4,0,0
2,125.17,2.903,176.83,8.574,1813,59329.6,0,0
2,120.44,2.789,184.78,8.153,1788,59349.9,0,0
2,123.73,2.948,193.1,8.201,1763,59370.1,0,0
2,119.0,3.109,191.65,7.799,1788,59390.3,0,0
2,114.34,2.974,183.03,7.417,1813,59410.5,0,0
2,117.64,2.918,174.79,7.78,1788,59430.7,0,0
2,120.98,3.057,166.92,7.399,1763,59451.0,0,0
2,120.49,3.195,174.44,7.762,1738,59471.2,0,0
2,120.12,3.027,166.59,7.381,1763,59491.4,0,0
2,119.89,3.13,174.08,7.02,1788,59511.6,0,0
2,119.8,3.252,168.78,6.676,1813,59531.8,0,0
2,119.87,3.376,176.37,7.003,1838,59552.1,0,0
2,116.19,3.182,184.31,7.346,1813,59572.3,0,0
2,116.53,3.176,192.61,6.986,1788,59592.5,0,0
2,117.0,2.996,183.94,7.328,1813,59612.7,0,0
2,117.56,3.116,175.66,6.969,1838,59633.0,0,0
2,118.21,2.949,167.76,6.628,1863,59653.2,0,0
2,118.9,2.798,175.31,6.953,1888,59673.4,0,0
2,119.63,2.661,183.19,7.293,1863,59693.6,0,0
2,120.34,2.575,174.95,6.936,1838,59713.8,0,0
2,116.98,2.71,182.82,7.276,1813,59734.1,0,0
2,117.58,2.597,174.6,6.919,1788,59754.3,0,0
2,118.09,2.744,182.45,7.258,1813,59774.5,0,0
2,118.5,2.637,190.66,7.614,1788,59794.7,0,0
2,118.79,2.536,199.24,7.241,1813,59814.9,0,0
2,118.95,2.438,208.21,7.596,1788,59835.2,0,0
2,123.08,2.579,217.58,7.968,1763,59855.4,0,0
2,122.95,2.475,207.79,7.577,1738,59875.6,0,0
2,122.68,2.61,198.44,7.206,1763,59895.8,0,0
2,122.28,2.747,189.51,6.853,1738,59916.1,0,0
2,121.76,2.62,180.98,7.189,1763,59936.3,0,0
2,121.16,2.493,189.12,7.541,1738,59956.5,0,0
2,120.49,2.605,197.63,7.911,1763,59976.7,0,0
2,123.78,2.716,188.74,7.523,1788,59996.9,0,0
2,127.02,2.826,197.23,7.892,1813,60017.2,0,0
2,122.31,2.936,188.36,8.278,1838,60037.4,0,0
2,105.92,2.133,193.26,8.684,1863,60057.6,1,0
2,117.1,3.016,193.26,8.684,1863,60077.8,0,0
2,116.62,2.987,193.26,8.684,1863,60098.0,0,0
2,116.25,2.96,193.26,8.684,1863,60118.3,0,0
2,116.02,2.938,193.26,8.684,1863,60138.5,0,0
2,115.92,2.922,193.26,8.684,1863,60158.7,0,0
2,115.97,2.913,193.26,8.684,1863,60178.9,0,0
2,120.06,2.772,201.95,9.109,1888,60199.2,0,0
2,120.4,2.778,201.95,9.109,1888,60219.4,0,0
2,120.87,2.791,201.95,9.109,1888,60239.6,0,0
2,121.45,2.809,201.95,9.109,1888,60259.8,0,0
2,122.11,2.833,201.95,9.109,1888,60280.0,0,0
2,122.83,2.861,201.95,9.109,1888,60300.3,0,0
2,123.58,2.89,201.95,9.109,1888,60320.5,0,0
2,124.32,2.918,201.95,9.109,1888,60340.7,0,0
2,120.98,2.804,192.87,8.663,1913,60360.9,0,0
2,125.68,2.69,184.19,8.239,1938,60381.1,0,0
2,130.32,2.836,192.47,8.642,1963,60401.4,0,0
2,126.68,2.984,183.81,8.219,1988,60421.6,0,0
2,122.89,3.132,175.54,8.621,1963,60441.8,0,0
2,123.06,2.979,183.44,9.044,1988,60462.0,0,0
2,123.08,2.826,175.19,8.601,1963,60482.3,0,0
2,122.96,2.946,183.07,9.022,1938,60502.5,0,0
2,122.7,2.784,174.83,9.464,1913,60522.7,0,0
2,122.31,2.715,166.96,9.001,1938,60542.9,0,0
2,121.8,2.818,174.48,9.442,1913,60563.1,0,0
2,117.15,2.923,166.63,9.904,1938,60583.4,0,0
2,116.5,2.756,159.13,9.419,1913,60603.6,0,0
2,115.82,2.863,166.29,8.957,1888,60623.8,0,0
2,115.12,2.706,173.77,8.518,1913,60644.0,0,0
2,114.43,2.563,181.59,8.101,1888,60664.2,0,0
2,113.79,2.433,189.76,8.498,1895,60684.5,0,0
2,113.22,2.316,198.3,8.53,1920,60704.7,0,0
2,112.75,2.433,189.38,8.112,1908,60724.9,0,0
2,108.49,2.562,197.9,8.51,1883,60745.1,0,0
2,105.25,2.704,189.0,8.093,1858,60765.4,0,0
2,105.16,2.597,197.5,7.696,1860,60785.6,0,0
2,105.2,2.748,188.61,7.772,1885,60805.8,0,0
2,105.37,2.643,180.12,8.152,1891,60826.0,0,0
2,105.66,2.797,172.02,7.753,1866,60846.2,0,0
2,106.07,2.687,179.76,7.373,1841,60866.5,0,0
2,102.64,2.668,187.85,7.734,1866,60886.7,0,0
2,107.14,2.555,196.3,8.113,1841,60906.9,0,0
2,103.79,2.441,187.47,8.511,1866,60927.1,0,0
2,100.42,2.561,195.9,8.094,1891,60947.3,0,0
2,101.03,2.435,204.72,7.697,1866,60967.6,0,0
2,101.61,2.543,195.51,7.32,1841,60987.8,0,0
2,102.14,2.649,204.31,6.961,1816,61008.0,0,0
2,102.6,2.503,195.11,6.62,1841,61028.2,0,0
2,102.97,2.361,192.19,6.945,1866,61048.5,0,0
2,99.12,2.226,183.54,6.604,1891,61068.7,0,0
2,98.26,2.309,191.8,6.928,1916,61088.9,0,0
2,94.17,2.397,200.43,7.267,1891,61109.1,0,0
2,94.08,2.49,209.45,6.911,1866,61129.3,0,0
2,93.89,2.354,200.03,7.25,1891,61149.6,0,0
2,93.6,2.456,205.29,7.605,1916,61169.8,0,0
2,93.22,2.567,196.06,7.233,1941,61190.0,0,0
2,96.82,2.445,204.88,7.587,1966,61210.2,0,0
2,96.29,2.452,204.88,7.587,1966,61230.4,0,0
2,95.73,2.465,204.88,7.587,1966,61250.7,0,0
2,95.15,2.483,204.88,7.587,1966,61270.9,0,0
2,94.58,2.505,204.88,7.587,1966,61291.1,0,0
2,94.05,2.529,204.88,7.587,1966,61311.3,0,0
2,93.57,2.555,204.88,7.587,1966,61331.6,0,0
2,93.17,2.58,204.88,7.587,1966,61351.8,0,0
2,92.86,2.603,204.88,7.587,1966,61372.0,0,0
2,88.78,2.496,195.66,7.215,1941,61392.2,0,0
2,92.57,2.63,186.85,7.569,1916,61412.4,0,0
2,88.71,2.512,195.26,7.198,1932,61432.7,0,0
2,88.85,2.514,195.26,7.198,1932,61452.9,0,0
2,89.09,2.51,195.26,7.198,1932,61473.1,0,0
2,89.42,2.5,195.26,7.198,1932,61493.3,0,0
2,89.84,2.485,195.26,7.198,1932,61513.5,0,0
2,94.28,2.584,186.48,7.551,1957,61533.8,0,0
2,94.82,2.56,186.48,7.551,1957,61554.0,0,0
2,95.4,2.535,186.48,7.551,1957,61574.2,0,0
2,95.97,2.51,186.48,7.551,1957,61594.4,0,0
2,96.53,2.486,186.48,7.551,1957,61614.7,0,0
2,97.04,2.465,186.48,7.551,1957,61634.9,0,0
2,97.48,2.448,186.48,7.551,1957,61655.1,0,0
2,97.84,2.437,186.48,7.551,1957,61675.3,0,0
2,102.21,2.549,178.08,7.921,1982,61695.5,0,0
2,106.49,2.673,175.55,8.309,1957,61715.8,0,0
2,106.53,2.811,167.65,7.902,1932,61736.0,0,0
2,106.44,2.962,175.19,7.514,1907,61756.2,0,0
2,106.23,3.067,183.08,7.146,1882,61776.4,0,0
2,105.91,3.244,174.84,6.796,1857,61796.6,0,0
2,101.41,3.118,166.97,6.994,1832,61816.9,0,0
2,104.98,2.999,174.49,7.337,1857,61837.1,0,0
2,104.41,3.028,174.49,7.337,1857,61857.3,0,0
2,103.79,3.054,174.49,7.337,1857,61877.5,0,0
2,103.17,3.076,174.49,7.337,1857,61897.8,0,0
2,102.55,3.092,174.49,7.337,1857,61918.0,0,0
2,101.97,3.249,182.34,6.977,1882,61938.2,0,0
2,101.45,3.276,174.13,6.635,1907,61958.4,0,0
2,101.01,3.301,181.97,6.31,1882,61978.6,0,0
2,100.67,3.129,190.16,6.619,1907,61998.9,0,0
2,100.44,3.258,198.71,6.944,1882,62019.1,0,0
2,100.33,3.077,189.77,7.194,1907,62039.3,0,0
2,100.35,2.902,198.31,6.841,1882,62059.5,0,0
2,104.38,2.926,207.24,7.176,1907,62079.7,0,0
2,104.66,2.758,216.56,7.528,1932,62100.0,0,0
2,105.04,2.863,206.82,7.897,1957,62120.2,0,0
2,105.53,2.703,197.51,7.51,1932,62140.4,0,0
2,106.09,2.815,206.4,7.878,1907,62160.6,0,0
2,106.7,2.669,215.68,8.264,1882,62180.9,0,0
2,107.35,2.664,215.68,8.264,1882,62201.1,0,0
2,108.0,2.667,215.68,8.264,1882,62221.3,0,0
2,108.62,2.677,215.68,8.264,1882,62241.5,0,0
2,109.2,2.692,215.68,8.264,1882,62261.7,0,0
2,109.7,2.714,215.68,8.264,1882,62282.0,0,0
2,110.12,2.739,215.68,8.264,1882,62302.2,0,0
2,110.42,2.766,215.68,8.264,1882,62322.4,0,0
2,110.6,2.794,215.68,8.264,1882,62342.6,0,0
2,106.53,2.685,205.98,8.669,1907,62362.8,0,0
2,102.34,2.578,196.71,8.244,1932,62383.1,0,0
2,98.03,2.471,205.56,7.84,1909,62403.3,0,0
2,101.84,2.602,214.81,8.224,1884,62423.5,0,0
2,101.44,2.484,205.15,7.821,1909,62443.7,0,0
2,100.96,2.603,214.38,8.205,1884,62464.0,0,0
2,100.41,2.722,224.02,8.607,1909,62484.2,0,0
2,99.82,2.579,234.1,9.028,1884,62504.4,0,0
2,99.22,2.685,223.57,8.586,1859,62524.6,0,0
2,98.63,2.535,233.63,9.007,1834,62544.8,0,0
2,98.07,2.632,237.92,9.448,1859,62565.1,0,0
2,93.64,2.481,227.21,9.911,1843,62585.3,0,0
2,93.23,2.338,237.44,9.536,1868,62605.5,0,0
2,92.9,2.205,240.09,10.003,1843,62625.7,0,0
2,92.68,2.083,250.9,10.493,1868,62645.9,0,0
2,92.58,2.169,252.03,11.007,1843,62666.2,0,0
2,92.58,2.265,240.69,10.468,1818,62686.4,0,0
2,88.82,2.371,229.86,9.955,1810,62706.6,0,0
2,92.94,2.488,223.23,10.443,1835,62726.8,0,0
2,93.28,2.378,213.18,9.931,1860,62747.0,0,0
2,93.71,2.278,222.77,9.445,1835,62767.3,0,0
2,84.78,1.684,212.75,9.058,1810,62787.5,1,0
2,94.74,2.429,212.75,9.058,1810,62807.7,0,0
2,95.32,2.453,212.75,9.058,1810,62827.9,0,0
2,95.89,2.478,212.75,9.058,1810,62848.2,0,0
2,96.45,2.501,212.75,9.058,1810,62868.4,0,0
2,96.97,2.522,212.75,9.058,1810,62888.6,0,0
2,97.42,2.539,212.75,9.058,1810,62908.8,0,0
2,97.79,2.673,218.76,8.614,1785,62929.0,0,0
2,98.07,2.55,208.91,8.192,1810,62949.3,0,0
2,98.24,2.427,218.31,8.594,1835,62969.5,0,0
2,98.29,2.38,228.14,9.015,1860,62989.7,0,0
2,98.23,2.255,238.4,8.573,1835,63009.9,0,0
2,102.16,2.347,227.67,8.153,1810,63030.1,0,0
2,101.87,2.215,237.92,8.552,1785,63050.4,0,0
2,101.47,2.299,227.21,8.133,1810,63070.6,0,0
2,100.99,2.386,216.99,7.735,1835,63090.8,0,0
2,100.45,2.475,226.75,8.114,1832,63111.0,0,0
2,99.87,2.571,216.55,7.716,1857,63131.3,0,0
2,99.27,2.673,226.29,7.338,1832,63151.5,0,0
2,94.7,2.53,236.48,7.698,1807,63171.7,0,0
2,90.21,2.643,225.84,8.075,1832,63191.9,0,0
2,89.74,2.513,215.67,7.679,1807,63212.1,0,0
2,89.34,2.639,225.38,7.303,1832,63232.4,0,0
2,89.03,2.523,215.24,7.661,1857,63252.6,0,0
2,88.81,2.448,224.92,7.285,1882,63272.8,0,0
2,88.7,2.587,214.8,7.642,1857,63293.0,0,0
2,92.58,2.736,210.62,7.268,1832,63313.2,0,0
2,90.99,2.631,201.14,7.624,1857,63333.5,0,0
2,95.1,2.53,196.85,7.998,1832,63353.7,0,0
2,95.44,2.676,188.0,8.389,1807,63373.9,0,0
2,95.87,2.827,179.54,7.978,1832,63394.1,0,0
2,96.37,2.792,187.62,7.88,1857,63414.4,0,0
2,96.93,2.669,179.17,7.494,1840,63434.6,0,0
2,93.52,2.803,187.24,7.862,1865,63454.8,0,0
2,98.1,2.935,178.81,7.476,1840,63475.0,0,0
2,102.71,3.067,174.09,7.843,1865,63495.2,0,0
2,103.27,2.905,181.92,7.458,1890,63515.5,0,0
2,103.76,3.022,173.74,7.093,1915,63535.7,0,0
2,104.16,2.853,181.56,6.745,1890,63555.9,0,0
2,104.46,2.961,176.09,7.076,1865,63576.1,0,0
2,108.77,2.79,184.01,7.423,1840,63596.3,0,0
2,108.84,2.763,184.01,7.423,1840,63616.6,0,0
2,108.78,2.738,184.01,7.423,1840,63636.8,0,0
2,108.59,2.718,184.01,7.423,1840,63657.0,0,0
2,108.28,2.703,184.01,7.423,1840,63677.2,0,0
2,107.87,2.694,184.01,7.423,1840,63697.5,0,0
2,107.37,2.693,184.01,7.423,1840,63717.7,0,0
2,106.8,2.699,184.01,7.423,1840,63737.9,0,0
2,102.16,2.742,192.29,7.786,1865,63758.1,0,0
2,105.54,2.894,183.64,7.405,1890,63778.3,0,0
2,100.94,3.058,175.37,7.042,1915,63798.6,0,0
2,100.36,3.088,175.37,7.042,1915,63818.8,0,0
2,99.83,3.119,175.37,7.042,1915,63839.0,0,0
2,99.38,3.15,175.37,7.042,1915,63859.2,0,0
2,99.02,3.179,175.37,7.042,1915,63879.4,0,0
2,118.05,4.019,155.37,5.042,1915,63899.7,0,1
2,102.52,3.378,175.56,6.697,1890,63919.9,0,0
2,102.51,3.399,183.46,6.369,1865,63940.1,0,0
2,102.63,3.568,191.72,6.125,1840,63960.3,0,0
2,102.87,3.665,200.34,6.425,1865,63980.6,0,0
2,103.23,3.477,209.36,6.74,1890,64000.8,0,0
2,103.69,3.292,199.94,7.07,1865,64021.0,0,0
2,104.22,3.111,190.94,6.724,1840,64041.2,0,0
2,100.85,2.936,182.35,7.053,1815,64061.4,0,0
2,101.46,2.907,182.35,7.053,1815,64081.7,0,0
2,102.07,2.878,182.35,7.053,1815,64101.9,0,0
2,102.67,2.85,182.35,7.053,1815,64122.1,0,0
2,103.23,2.825,182.35,7.053,1815,64142.3,0,0
2,103.72,2.804,182.35,7.053,1815,64162.5,0,0
2,104.14,2.79,182.35,7.053,1815,64182.8,0,0
2,104.44,2.782,182.35,7.053,1815,64203.0,0,0
2,104.64,2.782,182.35,7.053,1815,64223.2,0,0
2,104.72,2.789,182.35,7.053,1815,64243.4,0,0
2,104.67,2.803,182.35,7.053,1815,64263.7,0,0
2,104.5,2.822,182.35,7.053,1815,64283.9,0,0
2,104.21,2.847,182.35,7.053,1815,64304.1,0,0
2,103.82,2.875,182.35,7.053,1815,64324.3,0,0
2,103.34,2.904,182.35,7.053,1815,64344.5,0,0
2,102.8,2.933,182.35,7.053,1815,64364.8,0,0
2,100.61,2.961,174.48,7.399,1840,64385.0,0,0
2,100.0,2.84,166.63,7.036,1865,64405.2,0,0
2,99.4,2.758,174.13,7.381,1890,64425.4,0,0
2,98.83,2.848,181.96,7.743,1865,64445.6,0,0
2,98.3,2.715,174.71,8.122,1840,64465.9,0,0
2,97.85,2.581,182.57,8.52,1815,64486.1,0,0
2,95.32,2.448,174.36,8.103,1790,64506.3,0,0
2,97.78,2.551,182.2,8.5,1815,64526.5,0,0
2,93.76,2.41,190.4,8.083,1790,64546.8,0,0
2,93.74,2.274,181.83,8.48,1815,64567.0,0,0
2,93.84,2.36,190.01,8.064,1790,64587.2,0,0
2,94.06,2.448,198.57,7.669,1815,64607.4,0,0
2,94.38,2.461,207.5,7.293,1790,64627.6,0,0
2,94.79,2.557,198.16,7.65,1765,64647.9,0,0
2,95.28,2.584,189.25,8.025,1790,64668.1,0,0
2,95.82,2.448,197.76,8.419,1815,64688.3,0,0
2,96.39,2.559,188.86,8.006,1840,64708.5,0,0
2,96.98,2.683,197.36,8.398,1865,64728.7,0,0
2,97.55,2.82,206.24,7.987,1840,64749.0,0,0
2,98.08,2.698,196.96,7.595,1815,64769.2,0,0
2,98.56,2.849,188.1,7.223,1790,64789.4,0,0
2,98.95,2.736,179.63,7.577,1815,64809.6,0,0
2,99.25,2.896,187.72,7.206,1790,64829.9,0,0
2,99.45,3.065,196.17,7.559,1815,64850.1,0,0
2,103.65,2.947,203.13,7.189,1840,64870.3,0,0
2,99.49,3.116,193.98,7.541,1815,64890.5,0,0
2,103.45,2.988,202.71,7.91,1790,64910.7,0,0
2,107.27,3.148,211.84,8.298,1815,64931.0,0,0
2,106.88,3.007,221.37,7.891,1790,64951.2,0,0
2,106.39,2.865,231.33,8.278,1765,64971.4,0,0
2,105.84,2.998,229.72,7.872,1740,64991.6,0,0
2,105.23,3.129,240.06,8.258,1765,65011.8,0,0
2,108.6,3.259,229.25,7.895,1790,65032.1,0,0
2,111.92,3.389,218.94,7.508,1815,65052.3,0,0
2,111.27,3.197,228.79,7.876,1790,65072.5,0,0
2,110.68,3.317,221.51,7.49,1765,65092.7,0,0
2,110.16,3.442,231.48,7.857,1790,65113.0,0,0
2,109.75,3.245,221.07,7.472,1765,65133.2,0,0
2,109.45,3.373,231.01,7.838,1790,65153.4,0,0
2,109.29,3.189,220.62,7.454,1815,65173.6,0,0
2,109.26,3.327,230.55,7.103,1840,65193.8,0,0
2,109.37,3.48,236.91,6.755,1865,65214.1,0,0
2,113.5,3.315,226.25,6.424,1840,65234.3,0,0
2,113.88,3.166,236.43,6.109,1865,65254.5,0,0
2,114.37,3.031,225.79,5.81,1840,65274.7,0,0
2,114.95,3.2,215.63,6.095,1865,65294.9,0,0
2,115.6,3.074,205.93,5.814,1840,65315.2,0,0
2,116.29,2.956,215.2,6.099,1865,65335.4,0,0
2,112.99,3.129,205.51,5.8,1884,65355.6,0,0
2,113.65,3.311,214.76,6.084,1909,65375.8,0,0
2,114.28,3.18,224.42,6.382,1934,65396.1,0,0
2,114.84,3.049,225.53,6.695,1959,65416.3,0,0
2,115.31,3.211,215.39,6.367,1984,65436.5,0,0
2,115.67,3.066,205.69,6.679,1959,65456.7,0,0
2,111.79,2.92,197.38,6.352,1934,65476.9,0,0
2,107.77,2.821,194.49,6.663,1959,65497.2,0,0
2,96.96,2.061,185.74,6.336,1934,65517.4,1,0
2,107.58,2.925,185.74,6.336,1934,65537.6,0,0
2,107.3,2.902,185.74,6.336,1934,65557.8,0,0
2,106.91,2.875,185.74,6.336,1934,65578.0,0,0
2,106.43,2.846,185.74,6.336,1934,65598.3,0,0
2,105.88,2.818,185.74,6.336,1934,65618.5,0,0
2,105.27,2.791,185.74,6.336,1934,65638.7,0,0
2,104.64,2.636,177.38,6.026,1959,65658.9,0,0
2,104.01,2.493,185.36,5.731,1984,65679.2,0,0
2,103.41,2.363,177.02,5.963,2009,65699.4,0,0
2,102.85,2.473,169.06,6.256,2034,65719.6,0,0
2,102.37,2.594,172.5,6.562,2009,65739.8,0,0
2,101.98,2.478,164.74,6.884,1984,65760.0,0,0
2,99.97,2.462,157.33,6.546,2009,65780.3,0,0
2,103.69,2.362,164.41,6.867,1984,65800.5,0,0
2,103.65,2.384,164.41,6.867,1984,65820.7,0,0
2,103.75,2.408,164.41,6.867,1984,65840.9,0,0
2,103.97,2.432,164.41,6.867,1984,65861.1,0,0
2,104.3,2.456,164.41,6.867,1984,65881.4,0,0
2,108.67,2.595,157.01,6.531,1959,65901.6,0,0
2,113.15,2.739,149.94,6.211,1934,65921.8,0,0
2,113.79,2.62,156.69,6.515,1959,65942.0,0,0
2,114.47,2.753,163.74,6.834,1934,65962.3,0,0
2,115.17,2.621,171.11,7.169,1909,65982.5,0,0
2,115.85,2.489,163.41,7.52,1884,66002.7,0,0
2,116.49,2.597,170.77,7.152,1909,66022.9,0,0
2,117.07,2.703,163.08,7.465,1884,66043.1,0,0
2,117.55,2.81,155.74,7.831,1909,66063.4,0,0
2,117.93,2.917,162.75,8.215,1884,66083.6,0,0
2,118.18,2.749,170.07,8.617,1909,66103.8,0,0
2,118.29,2.664,162.42,8.195,1934,66124.0,0,0
2,118.27,2.513,169.73,7.794,1909,66144.2,0,0
2,118.1,2.613,162.09,7.412,1934,66164.5,0,0
2,117.81,2.472,154.8,7.775,1959,66184.7,0,0
2,117.39,2.581,147.83,8.156,1934,66204.9,0,0
2,116.87,2.701,141.18,7.756,1909,66225.1,0,0
2,116.27,2.575,147.53,7.376,1884,66245.4,0,0
2,111.58,2.461,140.89,7.015,1859,66265.6,0,0
2,106.91,2.358,147.23,7.358,1884,66285.8,0,0
2,110.25,2.491,153.86,7.719,1859,66306.0,0,0
2,109.6,2.635,160.78,8.097,1884,66326.2,0,0
2,109.01,2.789,168.02,8.15,1909,66346.5,0,0
2,108.49,2.754,160.46,8.549,1934,66366.7,0,0
2,108.07,2.913,153.24,8.13,1918,66386.9,0,0
2,107.76,3.079,160.13,7.732,1893,66407.1,0,0
2,110.73,2.95,159.06,8.11,1918,66427.3,0,0
2,114.56,3.106,166.22,7.713,1943,66447.6,0,0
2,114.65,3.262,158.74,7.335,1918,66467.8,0,0
2,114.89,3.105,151.6,6.976,1943,66488.0,0,0
2,115.25,3.245,158.42,7.317,1918,66508.2,0,0
2,115.73,3.384,165.55,7.676,1893,66528.5,0,0
2,116.31,3.2,173.0,8.052,1868,66548.7,0,0
2,116.96,3.02,180.78,7.658,1893,66568.9,0,0
2,117.66,2.848,172.64,8.033,1918,66589.1,0,0
2,122.38,2.955,164.88,7.639,1943,66609.3,0,0
2,119.07,2.785,172.3,7.32,1968,66629.6,0,0
2,119.74,2.76,172.3,7.32,1968,66649.8,0,0
2,120.34,2.739,172.3,7.32,1968,66670.0,0,0
2,120.84,2.723,172.3,7.32,1968,66690.2,0,0
2,121.24,2.713,172.3,7.32,1968,66710.4,0,0
2,121.51,2.711,172.3,7.32,1968,66730.7,0,0
2,121.63,2.716,172.3,7.32,1968,66750.9,0,0
2,121.62,2.727,172.3,7.32,1968,66771.1,0,0
2,125.57,2.877,164.54,7.679,1993,66791.3,0,0
2,125.27,2.761,171.95,7.766,1968,66811.6,0,0
2,124.83,2.654,164.21,8.146,1993,66831.8,0,0
2,124.29,2.552,156.82,8.546,2018,66852.0,0,0
2,123.65,2.701,163.88,8.521,2043,66872.2,0,0
2,122.95,2.857,171.25,8.938,2018,66892.4,0,0
2,122.22,2.742,163.54,8.5,1993,66912.7,0,0
2,121.48,2.892,170.9,8.084,2018,66932.9,0,0
2,120.77,3.043,172.45,8.48,1993,66953.1,0,0
2,124.05,3.195,180.21,8.064,2018,66973.3,0,0
2,119.54,3.1,172.1,7.669,2043,66993.5,0,0
2,119.06,3.091,172.1,7.669,2043,67013.8,0,0
2,118.71,3.075,172.1,7.669,2043,67034.0,0,0
2,118.5,3.053,172.1,7.669,2043,67054.2,0,0
2,118.44,3.026,172.1,7.669,2043,67074.4,0,0
2,118.52,2.997,172.1,7.669,2043,67094.7,0,0
2,118.76,2.967,172.1,7.669,2043,67114.9,0,0
2,119.12,2.938,172.1,7.669,2043,67135.1,0,0
2,119.61,2.912,172.1,7.669,2043,67155.3,0,0
2,124.14,2.751,179.84,8.045,2018,67175.5,0,0
2,126.72,2.605,171.75,7.651,1993,67195.8,0,0
2,131.46,2.472,179.48,8.026,1968,67216.0,0,0
2,128.25,2.589,187.55,7.633,1943,67236.2,0,0
2,133.04,2.719,179.11,7.259,1918,67256.4,0,0
2,133.79,2.732,179.11,7.259,1918,67276.6,0,0
2,134.47,2.751,179.11,7.259,1918,67296.9,0,0
2,135.04,2.774,179.11,7.259,1918,67317.1,0,0
2,135.49,2.801,179.11,7.259,1918,67337.3,0,0
2,135.8,2.829,179.11,7.259,1918,67357.5,0,0
2,131.84,2.994,171.05,6.903,1943,67377.8,0,0
2,127.71,3.167,178.75,7.241,1968,67398.0,0,0
2,127.56,3.192,178.75,7.241,1968,67418.2,0,0
2,127.26,3.211,178.75,7.241,1968,67438.4,0,0
2,126.82,3.223,178.75,7.241,1968,67458.6,0,0
2,126.28,3.228,178.75,7.241,1968,67478.9,0,0
2,125.64,3.225,178.75,7.241,1968,67499.1,0,0
2,124.93,3.215,178.75,7.241,1968,67519.3,0,0
2,124.19,3.197,178.75,7.241,1968,67539.5,0,0
2,123.44,3.174,178.75,7.241,1968,67559.7,0,0
2,122.71,2.995,186.79,7.596,1993,67580.0,0,0
2,122.04,3.108,178.39,7.968,2018,67600.2,0,0
2,121.45,3.224,186.42,8.359,1993,67620.4,0,0
2,120.96,3.346,178.03,7.949,2018,67640.6,0,0
2,120.59,3.476,177.73,8.338,1993,67660.9,0,0
2,116.49,3.617,169.73,7.93,1968,67681.1,0,0
2,116.41,3.771,162.09,7.541,1993,67701.3,0,0
2,116.49,3.58,169.38,7.911,2018,67721.5,0,0
2,116.7,3.407,177.01,8.298,1993,67741.7,0,0
2,117.05,3.429,184.97,8.705,1968,67762.0,0,0
2,117.53,3.281,176.65,8.279,1943,67782.2,0,0
2,118.1,3.145,168.7,7.873,1918,67802.4,0,0
2,119.24,3.02,176.29,8.259,1893,67822.6,0,0
2,123.93,2.903,184.22,7.854,1868,67842.8,0,0
2,120.68,3.073,192.51,8.239,1893,67863.1,0,0
2,121.4,2.955,201.18,8.643,1918,67883.3,0,0
2,122.08,2.838,205.77,8.219,1943,67903.5,0,0
2,122.7,2.723,196.51,7.816,1918,67923.7,0,0
2,123.24,2.607,205.35,7.433,1938,67944.0,0,0
2,123.66,2.742,214.6,7.798,1963,67964.2,0,0
2,123.95,2.877,204.94,7.702,1938,67984.4,0,0
2,124.1,2.735,214.16,8.079,1913,68004.6,0,0
2,124.11,2.856,204.52,7.684,1888,68024.8,0,0
2,123.96,2.84,204.52,7.684,1888,68045.1,0,0
2,123.68,2.818,204.52,7.684,1888,68065.3,0,0
2,123.27,2.793,204.52,7.684,1888,68085.5,0,0
2,122.75,2.765,204.52,7.684,1888,68105.7,0,0
2,122.13,2.738,204.52,7.684,1888,68125.9,0,0
2,121.45,2.711,204.52,7.684,1888,68146.2,0,0
2,124.74,2.817,211.14,7.419,1913,68166.4,0,0
2,120.0,2.932,220.65,7.056,1888,68186.6,0,0
2,119.29,3.058,210.72,7.268,1863,68206.8,0,0
2,118.63,2.904,201.23,6.912,1838,68227.1,0,0
2,106.24,2.131,192.18,6.573,1863,68247.3,1,0
2,117.57,3.053,192.18,6.573,1863,68267.5,0,0
2,117.2,3.069,192.18,6.573,1863,68287.7,0,0
2,116.98,3.091,192.18,6.573,1863,68307.9,0,0
2,116.89,3.119,192.18,6.573,1863,68328.2,0,0
2,116.95,3.149,192.18,6.573,1863,68348.4,0,0
2,117.16,3.181,192.18,6.573,1863,68368.6,0,0
2,121.41,3.058,183.53,6.896,1888,68388.8,0,0
2,125.8,3.233,191.79,7.233,1863,68409.0,0,0
2,126.41,3.414,183.16,7.403,1838,68429.3,0,0
2,127.1,3.267,174.92,7.04,1841,68449.5,0,0
2,127.85,3.435,178.74,7.385,1816,68469.7,0,0
2,128.63,3.273,186.26,7.747,1841,68489.9,0,0
2,129.4,3.324,194.64,8.127,1866,68510.2,0,0
2,130.14,3.152,203.4,8.525,1891,68530.4,0,0
2,130.8,2.982,194.25,8.107,1866,68550.6,0,0
2,135.47,2.817,185.51,7.71,1841,68570.8,0,0
2,139.89,2.925,177.16,7.332,1866,68591.0,0,0
2,144.35,3.035,169.19,7.692,1841,68611.3,0,0
2,146.62,2.861,176.8,8.068,1866,68631.5,0,0
2,142.52,2.97,184.76,8.464,1891,68651.7,0,0
2,142.37,2.803,176.44,8.879,1916,68671.9,0,0
2,142.06,2.918,168.5,8.443,1891,68692.1,0,0
2,141.6,3.045,176.09,8.03,1880,68712.4,0,0
2,141.0,2.893,168.16,7.636,1855,68732.6,0,0
2,140.3,2.755,175.73,7.262,1830,68752.8,0,0
2,139.53,2.795,183.64,7.618,1855,68773.0,0,0
2,138.7,2.946,191.9,7.245,1830,68793.3,0,0
2,137.86,3.064,187.4,6.89,1805,68813.5,0,0
2,137.05,3.24,195.83,7.227,1780,68833.7,0,0
2,136.28,3.429,204.64,7.581,1755,68853.9,0,0
2,135.61,3.298,195.43,7.953,1730,68874.1,0,0
2,135.04,3.17,186.64,8.343,1755,68894.4,0,0
2,134.62,3.242,178.24,7.934,1730,68914.6,0,0
2,134.34,3.265,178.24,7.934,1730,68934.8,0,0
2,134.24,3.282,178.24,7.934,1730,68955.0,0,0
2,134.3,3.292,178.24,7.934,1730,68975.2,0,0
2,134.52,3.293,178.24,7.934,1730,68995.5,0,0
2,134.91,3.287,178.24,7.934,1730,69015.7,0,0
2,131.52,3.43,186.26,8.323,1755,69035.9,0,0
2,128.21,3.572,194.64,8.551,1780,69056.1,0,0
2,128.91,3.713,185.88,8.877,1755,69076.4,0,0
2,129.67,3.502,177.52,8.442,1780,69096.6,0,0
2,130.45,3.301,185.51,8.029,1805,69116.8,0,0
2,131.24,3.111,177.16,8.422,1830,69137.0,0,0
2,131.99,2.934,185.13,8.009,1855,69157.2,0,0
2,128.6,3.049,176.8,8.402,1830,69177.5,0,0
2,129.17,3.03,176.8,8.402,1830,69197.7,0,0
2,129.63,3.017,176.8,8.402,1830,69217.9,0,0
2,129.96,3.012,176.8,8.402,1830,69238.1,0,0
2,130.14,3.015,176.8,8.402,1830,69258.3,0,0
2,130.17,3.026,176.8,8.402,1830,69278.6,0,0
2,130.04,3.044,176.8,8.402,1830,69298.8,0,0
2,129.77,2.92,184.76,8.813,1805,69319.0,0,0
2,129.35,2.806,193.07,9.245,1780,69339.2,0,0
2,128.82,2.97,184.38,8.792,1805,69359.5,0,0
2,128.19,3.144,176.08,9.223,1780,69379.7,0,0
2,127.48,3.326,168.16,8.771,1755,69399.9,0,0
2,126.73,3.194,175.73,9.201,1780,69420.1,0,0
2,125.96,3.061,167.82,8.75,1805,69440.3,0,0
2,125.22,2.928,160.27,8.321,1780,69460.6,0,0
2,124.51,2.936,160.27,8.321,1780,69480.8,0,0
2,123.89,2.936,160.27,8.321,1780,69501.0,0,0
2,123.37,2.93,160.27,8.321,1780,69521.2,0,0
2,122.97,2.916,160.27,8.321,1780,69541.4,0,0
2,122.71,2.897,160.27,8.321,1780,69561.7,0,0
2,122.6,2.735,153.06,7.914,1805,69581.9,0,0
2,122.64,2.615,147.5,7.526,1780,69602.1,0,0
2,122.84,2.713,140.86,7.157,1805,69622.3,0,0
2,123.18,2.557,147.2,7.508,1780,69642.6,0,0
2,123.65,2.412,153.82,7.876,1805,69662.8,0,0
2,124.23,2.278,160.74,7.49,1802,69683.0,0,0
2,124.9,2.373,153.51,7.123,1827,69703.2,0,0
2,125.63,2.477,160.42,7.472,1802,69723.4,0,0
2,122.4,2.593,167.64,7.838,1827,69743.7,0,0
2,123.13,2.596,167.64,7.838,1827,69763.9,0,0
2,123.84,2.607,167.64,7.838,1827,69784.1,0,0
2,124.49,2.623,167.64,7.838,1827,69804.3,0,0
2,125.05,2.644,167.64,7.838,1827,69824.5,0,0
2,125.5,2.669,167.64,7.838,1827,69844.8,0,0
2,125.83,2.696,167.64,7.838,1827,69865.0,0,0
2,126.01,2.723,167.64,7.838,1827,69885.2,0,0
2,130.17,2.671,160.09,7.626,1852,69905.4,0,0
2,125.94,2.823,167.3,7.999,1877,69925.7,0,0
2,125.68,2.705,174.83,8.391,1902,69945.9,0,0
2,125.29,2.587,166.96,7.98,1877,69966.1,0,0
2,124.78,2.717,162.51,7.589,1852,69986.3,0,0
2,124.18,2.646,169.82,7.217,1827,70006.5,0,0
2,123.5,2.639,169.82,7.217,1827,70026.8,0,0
2,122.77,2.627,169.82,7.217,1827,70047.0,0,0
2,122.03,2.609,169.82,7.217,1827,70067.2,0,0
2,121.3,2.586,169.82,7.217,1827,70087.4,0,0
2,116.68,2.685,177.46,6.864,1852,70107.6,0,0
2,112.16,2.786,185.45,7.2,1827,70127.9,0,0
2,111.68,2.758,185.45,7.2,1827,70148.1,0,0
2,111.31,2.733,185.45,7.2,1827,70168.3,0,0
2,111.07,2.712,185.45,7.2,1827,70188.5,0,0
2,110.96,2.696,185.45,7.2,1827,70208.8,0,0
2,110.99,2.687,185.45,7.2,1827,70229.0,0,0
2,111.16,2.684,185.45,7.2,1827,70249.2,0,0
2,111.46,2.689,185.45,7.2,1827,70269.4,0,0
2,111.87,2.7,185.45,7.2,1827,70289.6,0,0
2,112.4,2.718,185.45,7.2,1827,70309.9,0,0
2,113.0,2.74,185.45,7.2,1827,70330.1,0,0
2,113.66,2.766,185.45,7.2,1827,70350.3,0,0
2,114.35,2.794,185.45,7.2,1827,70370.5,0,0
2,111.01,2.958,177.1,7.553,1852,70390.7,0,0
2,111.65,2.856,185.07,7.226,1877,70411.0,0,0
2,112.24,2.741,193.4,7.58,1902,70431.2,0,0
2,112.75,2.891,202.1,7.951,1877,70451.4,0,0
2,113.17,3.01,193.01,7.562,1852,70471.6,0,0
2,113.47,2.871,184.32,7.191,1877,70491.9,0,0
2,113.65,2.732,176.03,6.839,1852,70512.1,0,0
2,109.57,2.854,168.11,6.504,1827,70532.3,0,0
2,105.37,2.703,175.67,6.822,1852,70552.5,0,0
2,101.06,2.813,167.77,6.488,1827,70572.7,0,0
2,104.84,2.922,175.32,6.806,1852,70593.0,0,0
2,104.43,3.033,167.43,6.473,1827,70613.2,0,0
2,103.92,2.859,159.89,6.155,1802,70633.4,0,0
2,103.36,2.966,167.09,5.854,1777,70653.6,0,0
2,102.75,3.001,159.57,6.141,1802,70673.8,0,0
2,102.13,2.836,166.75,6.441,1777,70694.1,0,0
2,101.52,2.685,174.25,6.757,1802,70714.3,0,0
2,100.95,2.805,182.1,7.088,1827,70734.5,0,0
2,104.36,2.669,190.29,6.741,1802,70754.7,0,0
2,103.9,2.546,181.73,6.411,1827,70775.0,0,0
2,103.55,2.681,188.71,6.096,1852,70795.2,0,0
2,103.31,2.828,197.1,6.395,1827,70815.4,0,0
2,103.2,2.715,193.85,6.709,1852,70835.6,0,0
2,103.22,2.873,202.57,7.037,1877,70855.8,0,0
2,103.37,3.042,207.62,6.692,1852,70876.1,0,0
2,103.64,2.924,198.27,6.365,1868,70896.3,0,0
2,107.93,3.093,190.22,6.676,1893,70916.5,0,0
2,112.36,2.968,181.66,6.349,1918,70936.7,0,0
2,112.95,2.986,181.66,6.349,1918,70956.9,0,0
2,102.25,2.098,181.66,6.349,1918,70977.2,1,0
2,114.3,3.002,181.66,6.349,1918,70997.4,0,0
2,114.99,2.999,181.66,6.349,1918,71017.6,0,0
2,115.65,2.989,181.66,6.349,1918,71037.8,0,0
2,116.27,2.973,181.66,6.349,1918,71058.1,0,0
2,116.8,2.951,181.66,6.349,1918,71078.3,0,0
2,117.24,2.925,181.66,6.349,1918,71098.5,0,0
2,117.57,2.757,189.83,6.66,1943,71118.7,0,0
2,117.76,2.861,181.29,6.334,1918,71138.9,0,0
2,117.82,2.697,178.63,6.105,1893,71159.2,0,0
2,117.73,2.545,186.67,6.404,1918,71179.4,0,0
2,117.51,2.405,178.27,6.462,1893,71199.6,0,0
2,117.16,2.508,170.25,6.778,1918,71219.8,0,0
2,120.78,2.381,162.59,7.11,1943,71240.0,0,0
2,116.15,2.266,169.9,7.459,1968,71260.3,0,0
2,111.48,2.381,177.55,7.093,1943,71280.5,0,0
2,110.83,2.393,177.55,7.093,1943,71300.7,0,0
2,110.16,2.409,177.55,7.093,1943,71320.9,0,0
2,109.5,2.43,177.55,7.093,1943,71341.2,0,0
2,108.88,2.454,177.55,7.093,1943,71361.4,0,0
2,108.32,2.479,177.55,7.093,1943,71381.6,0,0
2,107.84,2.503,177.55,7.093,1943,71401.8,0,0
2,107.47,2.526,177.55,7.093,1943,71422.0,0,0
2,111.1,2.423,169.56,6.746,1918,71442.3,0,0
2,114.85,2.554,177.19,6.905,1893,71462.5,0,0
2,114.86,2.686,185.16,6.567,1868,71482.7,0,0
2,115.01,2.819,193.49,6.889,1893,71502.9,0,0
2,142.3,3.875,164.79,4.551,1868,71523.1,0,1
2,115.72,3.08,193.1,6.835,1843,71543.4,0,0
2,116.24,3.21,184.41,6.5,1868,71563.6,0,0
2,112.91,3.338,192.71,6.819,1893,71583.8,0,0
2,113.56,3.149,201.38,7.153,1918,71604.0,0,0
2,114.25,3.268,210.45,7.503,1943,71624.3,0,0
2,114.94,3.391,200.98,7.136,1918,71644.5,0,0
2,115.61,3.394,191.93,6.786,1893,71664.7,0,0
2,116.23,3.204,183.29,6.642,1868,71684.9,0,0
2,116.77,3.029,175.05,6.968,1893,71705.1,0,0
2,117.22,2.869,167.17,6.626,1868,71725.4,0,0
2,117.55,2.725,174.69,6.302,1843,71745.6,0,0
2,117.75,2.726,174.69,6.302,1843,71765.8,0,0
2,117.82,2.733,174.69,6.302,1843,71786.0,0,0
2,117.74,2.748,174.69,6.302,1843,71806.2,0,0
2,117.53,2.768,174.69,6.302,1843,71826.5,0,0
2,117.19,2.792,174.69,6.302,1843,71846.7,0,0
2,116.74,2.955,182.55,5.993,1818,71866.9,0,0
2,116.19,3.128,190.77,6.286,1843,71887.1,0,0
2,115.57,3.007,199.35,6.594,1818,71907.4,0,0
2,114.89,3.18,208.32,6.271,1843,71927.6,0,0
2,118.2,3.357,198.95,6.579,1868,71947.8,0,0
2,113.52,3.37,190.0,6.901,1843,71968.0,0,0
2,108.92,3.218,198.55,7.239,1818,71988.2,0,0
2,104.43,3.066,189.61,6.884,1843,72008.5,0,0
2,100.05,3.208,181.08,6.547,1868,72028.7,0,0
2,103.59,3.349,172.93,6.226,1843,72048.9,0,0
2,103.34,3.329,172.93,6.226,1843,72069.1,0,0
2,103.21,3.303,172.93,6.226,1843,72089.3,0,0
2,103.21,3.273,172.93,6.226,1843,72109.6,0,0
2,103.34,3.24,172.93,6.226,1843,72129.8,0,0
2,103.59,3.208,172.93,6.226,1843,72150.0,0,0
2,103.96,3.177,172.93,6.226,1843,72170.2,0,0
2,104.42,3.151,172.93,6.226,1843,72190.5,0,0
2,104.97,3.13,172.93,6.226,1843,72210.7,0,0
2,109.54,3.265,165.15,6.531,1868,72230.9,0,0
2,110.2,3.102,157.72,6.851,1893,72251.1,0,0
2,110.87,3.253,150.62,6.516,1918,72271.3,0,0
2,111.52,3.42,143.84,6.196,1893,72291.6,0,0
2,112.12,3.274,150.31,6.5,1868,72311.8,0,0
2,112.65,3.14,157.08,6.518,1843,72332.0,0,0
2,113.09,3.321,150.01,6.837,1868,72352.2,0,0
2,113.42,3.515,146.58,6.502,1884,72372.4,0,0
2,117.74,3.38,139.99,6.184,1859,72392.7,0,0
2,117.82,3.249,146.29,5.881,1834,72412.9,0,0
2,117.75,3.12,139.7,5.628,1809,72433.1,0,0
2,117.55,3.293,145.99,5.353,1784,72453.3,0,0
2,117.22,3.151,152.56,5.615,1809,72473.6,0,0
2,116.77,3.009,159.43,5.89,1834,72493.8,0,0
2,116.23,3.155,166.6,6.179,1859,72514.0,0,0
2,111.57,3.3,162.11,5.876,1884,72534.2,0,0
2,110.92,3.286,162.11,5.876,1884,72554.4,0,0
2,110.26,3.265,162.11,5.876,1884,72574.7,0,0
2,109.59,3.238,162.11,5.876,1884,72594.9,0,0
2,108.97,3.208,162.11,5.876,1884,72615.1,0,0
2,108.39,3.177,162.11,5.876,1884,72635.3,0,0
2,107.9,3.145,162.11,5.876,1884,72655.5,0,0
2,107.51,3.115,162.11,5.876,1884,72675.8,0,0
2,107.24,3.09,162.11,5.876,1884,72696.0,0,0
2,107.1,3.07,162.11,5.876,1884,72716.2,0,0
2,107.09,3.057,162.11,5.876,1884,72736.4,0,0
2,107.21,3.052,162.11,5.876,1884,72756.7,0,0
2,107.46,3.055,162.11,5.876,1884,72776.9,0,0
2,107.84,3.066,162.11,5.876,1884,72797.1,0,0
2,108.31,3.084,162.11,5.876,1884,72817.3,0,0
2,112.82,3.257,154.82,5.588,1859,72837.5,0,0
2,109.5,3.333,161.79,5.344,1884,72857.8,0,0
2,110.15,3.205,154.51,5.606,1909,72878.0,0,0
2,110.82,3.392,161.46,5.332,1934,72898.2,0,0
2,111.47,3.347,168.72,5.593,1909,72918.4,0,0
2,112.08,3.213,176.32,5.319,1884,72938.6,0,0
2,112.62,3.236,176.32,5.319,1884,72958.9,0,0
2,113.06,3.251,176.32,5.319,1884,72979.1,0,0
2,113.4,3.26,176.32,5.319,1884,72999.3,0,0
2,113.61,3.26,176.32,5.319,1884,73019.5,0,0
2,113.7,3.253,176.32,5.319,1884,73039.8,0,0
2,113.64,3.238,176.32,5.319,1884,73060.0,0,0
2,113.46,3.216,176.32,5.319,1884,73080.2,0,0
2,113.15,3.19,176.32,5.319,1884,73100.4,0,0
2,108.64,3.311,184.25,5.579,1909,73120.6,0,0
2,108.14,3.436,175.96,5.853,1934,73140.9,0,0
2,107.57,3.238,168.04,6.14,1909,73161.1,0,0
2,106.95,3.054,175.6,5.839,1884,73181.3,0,0
2,106.31,3.176,183.5,6.125,1859,73201.5,0,0
2,105.67,3.005,175.25,5.825,1884,73221.7,0,0
2,105.06,3.118,183.13,6.11,1909,73242.0,0,0
2,104.5,3.212,174.89,5.811,1934,73262.2,0,0
2,104.02,3.371,182.76,6.095,1909,73282.4,0,0
2,103.64,3.222,174.54,6.394,1884,73302.6,0,0
2,103.37,3.397,166.68,6.081,1859,73322.8,0,0
2,103.22,3.26,174.18,6.379,1834,73343.1,0,0
2,103.2,3.449,182.02,6.691,1809,73363.3,0,0
2,103.31,3.651,190.21,7.019,1834,73383.5,0,0
2,103.55,3.511,198.77,7.363,1809,73403.7,0,0
2,103.9,3.374,189.83,7.002,1784,73424.0,0,0
2,108.27,3.238,198.37,7.345,1759,73444.2,0,0
2,108.83,3.103,207.3,6.985,1734,73464.4,0,0
2,109.45,2.968,216.63,6.643,1709,73484.6,0,0
2,110.11,3.117,206.88,6.318,1734,73504.8,0,0
2,110.77,3.266,197.57,6.627,1759,73525.1,0,0
2,111.43,3.101,188.68,6.303,1784,73545.3,0,0
2,112.04,3.234,197.17,6.611,1759,73565.5,0,0
2,112.58,3.366,188.3,6.287,1734,73585.7,0,0
2,113.14,3.177,185.17,5.979,1709,73605.9,0,0
2,113.48,2.996,188.47,5.686,1734,73626.2,0,0
2,113.71,2.824,196.95,5.965,1759,73646.4,0,0
2,113.8,2.662,205.81,6.257,1784,73666.6,0,0
2,113.76,2.764,215.07,5.951,1809,73686.8,0,0
2,102.22,2.012,224.75,5.659,1784,73707.1,1,0
2,113.28,2.858,224.75,5.659,1784,73727.3,0,0
2,112.86,2.848,224.75,5.659,1784,73747.5,0,0
2,112.35,2.845,224.75,5.659,1784,73767.7,0,0
2,111.76,2.85,224.75,5.659,1784,73787.9,0,0
2,111.12,2.862,224.75,5.659,1784,73808.2,0,0
2,110.46,2.881,224.75,5.659,1784,73828.4,0,0
2,109.79,2.905,224.75,5.659,1784,73848.6,0,0
2,109.15,2.932,224.75,5.659,1784,73868.8,0,0
2,108.57,2.962,224.75,5.659,1784,73889.0,0,0
2,108.07,2.991,224.75,5.659,1784,73909.3,0,0
2,107.66,3.019,224.75,5.659,1784,73929.5,0,0
2,107.37,3.044,224.75,5.659,1784,73949.7,0,0
2,107.21,3.063,224.75,5.659,1784,73969.9,0,0
2,111.06,2.928,214.64,5.382,1786,73990.2,0,0
2,111.17,2.815,204.98,5.645,1761,74010.4,0,0
2,111.41,2.678,214.2,5.922,1736,74030.6,0,0
2,111.78,2.798,204.56,5.632,1761,74050.8,0,0
2,112.26,2.918,213.77,5.908,1736,74071.0,0,0
2,112.83,3.036,223.39,6.197,1711,74091.3,0,0
2,117.43,3.092,233.44,6.501,1686,74111.5,0,0
2,114.15,3.035,222.94,6.182,1661,74131.7,0,0
2,114.84,2.861,212.91,6.485,1686,74151.9,0,0
2,115.52,2.697,203.32,6.168,1661,74172.1,0,0
2,116.16,2.544,194.17,5.865,1666,74192.4,0,0
2,116.73,2.646,185.44,5.578,1641,74212.6,0,0
2,117.2,2.758,177.09,5.851,1616,74232.8,0,0
2,117.57,2.617,169.12,5.565,1641,74253.0,0,0
2,117.81,2.742,176.73,5.837,1666,74273.3,0,0
2,117.92,2.879,184.69,5.594,1691,74293.5,0,0
2,120.96,2.754,176.38,5.32,1716,74313.7,0,0
2,124.89,2.639,168.44,5.581,1691,74333.9,0,0
2,124.57,2.534,176.02,5.854,1716,74354.1,0,0
2,124.12,2.435,168.1,5.567,1741,74374.4,0,0
2,123.57,2.342,175.66,5.84,1766,74394.6,0,0
2,122.92,2.335,167.76,6.126,1741,74414.8,0,0
2,122.22,2.243,160.21,6.426,1766,74435.0,0,0
2,121.49,2.152,167.42,6.741,1741,74455.2,0,0
2,124.74,2.269,159.88,6.411,1716,74475.5,0,0
2,124.01,2.278,159.88,6.411,1716,74495.7,0,0
2,123.34,2.281,159.88,6.411,1716,74515.9,0,0
2,122.76,2.279,159.88,6.411,1716,74536.1,0,0
2,122.29,2.272,159.88,6.411,1716,74556.4,0,0
2,125.84,2.151,158.52,6.097,1703,74576.6,0,0
2,121.76,2.238,154.25,6.395,1678,74596.8,0,0
2,125.59,2.111,161.19,6.709,1653,74617.0,0,0
2,125.71,2.091,161.19,6.709,1653,74637.2,0,0
2,125.97,2.07,161.19,6.709,1653,74657.5,0,0
2,126.38,2.05,161.19,6.709,1653,74677.7,0,0
2,126.91,2.032,161.19,6.709,1653,74697.9,0,0
2,127.55,2.017,161.19,6.709,1653,74718.1,0,0
2,128.27,2.007,161.19,6.709,1653,74738.3,0,0
2,129.03,2.001,161.19,6.709,1653,74758.6,0,0
2,129.82,2.097,153.94,6.933,1678,74778.8,0,0
2,130.59,2.001,160.87,7.273,1703,74799.0,0,0
2,131.31,2.108,168.1,7.63,1728,74819.2,0,0
2,131.96,2.224,175.67,7.256,1703,74839.5,0,0
2,132.51,2.136,170.25,6.9,1678,74859.7,0,0
2,132.94,2.053,169.37,7.238,1653,74879.9,0,0
2,133.22,2.174,176.99,7.593,1628,74900.1,0,0
2,137.47,2.3,169.02,7.484,1653,74920.3,0,0
2,137.44,2.21,161.42,7.117,1678,74940.6,0,0
2,137.25,2.333,154.15,7.466,1703,74960.8,0,0
2,136.91,2.46,161.09,7.1,1728,74981.0,0,0
2,136.42,2.587,168.34,7.448,1703,75001.2,0,0
2,135.82,2.714,175.91,7.813,1728,75021.4,0,0
2,135.12,2.841,183.83,7.43,1753,75041.7,0,0
2,134.35,2.695,175.56,7.066,1778,75061.9,0,0
2,129.55,2.551,167.66,7.412,1753,75082.1,0,0
2,128.77,2.531,167.66,7.412,1753,75102.3,0,0
2,128.02,2.509,167.66,7.412,1753,75122.6,0,0
2,127.32,2.484,167.66,7.412,1753,75142.8,0,0
2,126.72,2.459,167.66,7.412,1753,75163.0,0,0
2,126.22,2.435,167.66,7.412,1753,75183.2,0,0
2,125.86,2.299,160.11,7.775,1728,75203.4,0,0
2,125.65,2.173,167.32,7.504,1703,75223.7,0,0
2,125.59,2.266,171.55,7.136,1711,75243.9,0,0
2,125.69,2.369,179.27,7.486,1686,75264.1,0,0
2,122.06,2.256,173.72,7.852,1711,75284.3,0,0
2,122.44,2.154,181.53,7.954,1735,75304.5,0,0
2,122.95,2.269,173.37,7.564,1760,75324.8,0,0
2,123.56,2.395,181.17,7.935,1735,75345.0,0,0
2,124.25,2.301,173.01,7.546,1710,75365.2,0,0
2,124.99,2.435,165.23,7.176,1704,75385.4,0,0
2,125.75,2.578,172.66,7.528,1679,75405.7,0,0
2,126.5,2.728,180.43,7.897,1704,75425.9,0,0
2,127.21,2.884,172.31,7.51,1729,75446.1,0,0
2,127.84,3.045,164.56,7.878,1754,75466.3,0,0
2,128.38,3.208,171.97,8.264,1729,75486.5,0,0
2,128.8,3.373,164.23,7.859,1704,75506.8,0,0
2,129.09,3.538,171.62,7.474,1729,75527.0,0,0
2,129.23,3.702,179.34,7.108,1754,75547.2,0,0
2,129.21,3.865,187.41,7.456,1729,75567.4,0,0
2,133.16,3.91,178.98,7.091,1708,75587.6,0,0
2,128.73,3.694,187.03,6.743,1733,75607.9,0,0
2,128.28,3.835,189.25,6.413,1708,75628.1,0,0
2,127.72,3.615,197.76,6.727,1683,75648.3,0,0
2,127.07,3.751,206.66,7.057,1708,75668.5,0,0
2,126.36,3.537,197.36,6.711,1733,75688.8,0,0
2,125.6,3.651,206.25,7.04,1758,75709.0,0,0
2,120.86,3.452,215.53,7.384,1783,75729.2,0,0
2,116.2,3.272,205.83,7.023,1758,75749.4,0,0
2,111.63,3.422,196.57,6.679,1752,75769.6,0,0
2,111.09,3.588,205.41,6.351,1777,75789.9,0,0
2,110.65,3.427,214.65,6.663,1752,75810.1,0,0
2,110.33,3.281,204.99,6.336,1777,75830.3,0,0
2,110.13,3.464,195.77,6.026,1802,75850.5,0,0
2,110.07,3.328,186.96,6.321,1827,75870.7,0,0
2,110.15,3.199,178.55,6.556,1802,75891.0,0,0
2,110.36,3.077,170.51,6.235,1777,75911.2,0,0
2,106.8,2.957,178.19,6.541,1802,75931.4,0,0
2,111.16,3.126,170.17,6.22,1827,75951.6,0,0
2,111.7,3.149,170.17,6.22,1827,75971.9,0,0
2,112.32,3.165,170.17,6.22,1827,75992.1,0,0
2,112.99,3.174,170.17,6.22,1827,76012.3,0,0
2,113.68,3.176,170.17,6.22,1827,76032.5,0,0
2,114.36,3.17,170.17,6.22,1827,76052.7,0,0
2,115.0,3.156,170.17,6.22,1827,76073.0,0,0
2,115.58,3.136,170.17,6.22,1827,76093.2,0,0
2,116.07,3.111,170.17,6.22,1827,76113.4,0,0
2,112.36,3.23,177.82,6.525,1802,76133.6,0,0
2,116.73,3.351,169.82,6.205,1777,76153.8,0,0
2,116.86,3.477,177.46,6.509,1802,76174.1,0,0
2,116.86,3.279,185.45,6.19,1777,76194.3,0,0
2,116.72,3.408,179.42,6.494,1802,76214.5,0,0
2,116.44,3.224,187.5,6.812,1777,76234.7,0,0
2,116.05,3.365,179.06,6.478,1752,76255.0,0,0
2,115.55,3.198,187.12,6.795,1727,76275.2,0,0
2,114.96,3.355,178.7,7.128,1752,76295.4,0,0
2,114.32,3.528,170.65,6.779,1777,76315.6,0,0
2,109.63,3.378,178.33,7.111,1802,76335.8,0,0
2,104.99,3.568,186.36,7.46,1827,76356.1,0,0
2,100.41,3.428,177.97,7.094,1802,76376.3,0,0
2,103.8,3.296,185.98,7.442,1827,76396.5,0,0
2,107.21,3.17,194.35,7.077,1802,76416.7,0,0
2,108.27,3.047,203.1,7.424,1827,76436.9,0,0
2,104.05,3.125,199.24,7.788,1852,76457.2,0,0
2,107.74,3.297,207.01,8.169,1877,76477.4,0,0
2,111.55,3.154,197.69,7.769,1902,76497.6,0,0
2,115.5,3.314,206.59,8.15,1877,76517.8,0,0
2,115.71,3.315,206.59,8.15,1877,76538.1,0,0
2,116.06,3.307,206.59,8.15,1877,76558.3,0,0
2,116.53,3.292,206.59,8.15,1877,76578.5,0,0
2,117.1,3.27,206.59,8.15,1877,76598.7,0,0
2,117.74,3.244,206.59,8.15,1877,76618.9,0,0
2,118.44,3.213,206.59,8.15,1877,76639.2,0,0
2,115.15,3.028,197.29,7.75,1852,76659.4,0,0
2,115.84,3.142,188.41,8.13,1827,76679.6,0,0
2,116.5,2.964,179.93,8.528,1802,76699.8,0,0
2,117.09,3.081,171.84,8.111,1827,76720.0,0,0
2,117.6,2.915,179.57,7.713,1852,76740.3,0,0
2,118.0,2.765,187.6,8.091,1877,76760.5,0,0
2,122.4,2.894,196.04,7.695,1852,76780.7,0,0
2,122.55,2.758,204.86,7.318,1827,76800.9,0,0
2,122.55,2.636,195.64,7.676,1852,76821.2,0,0
2,122.42,2.66,204.45,7.3,1827,76841.4,0,0
2,122.14,2.81,205.84,7.654,1852,76861.6,0,0
2,121.73,2.795,215.1,7.336,1838,76881.8,0,0
2,121.22,2.688,224.78,6.977,1863,76902.0,0,0
2,120.61,2.585,234.89,6.635,1838,76922.3,0,0
2,119.94,2.734,224.32,6.31,1813,76942.5,0,0
2,119.22,2.625,234.42,6.001,1838,76962.7,0,0
2,118.5,2.515,223.87,6.295,1863,76982.9,0,0
2,117.8,2.648,233.94,5.986,1888,77003.1,0,0
2,117.15,2.527,223.42,6.28,1913,77023.4,0,0
2,116.58,2.647,213.36,5.972,1888,77043.6,0,0
2,116.1,2.653,222.96,5.679,1863,77063.8,0,0
2,115.74,2.766,212.93,5.449,1838,77084.0,0,0
2,115.51,2.879,203.35,5.716,1863,77104.3,0,0
2,115.43,2.718,194.2,5.436,1888,77124.5,0,0
2,115.49,2.563,185.46,5.702,1913,77144.7,0,0
2,115.69,2.659,193.8,5.423,1888,77164.9,0,0
2,116.03,2.759,202.53,5.688,1863,77185.1,0,0
2,116.49,2.603,193.41,5.41,1838,77205.4,0,0
2,120.99,2.459,184.71,5.207,1863,77225.6,0,0
2,117.7,2.562,176.4,5.462,1888,77245.8,0,0
2,118.39,2.675,184.33,5.195,1863,77266.0,0,0
2,119.11,2.545,192.63,4.94,1888,77286.2,0,0
2,119.82,2.427,201.3,5.182,1863,77306.5,0,0
2,120.5,2.32,192.24,5.436,1888,77326.7,0,0
2,121.12,2.447,183.59,5.17,1863,77346.9,0,0
2,121.66,2.349,187.61,4.917,1888,77367.1,0,0
2,122.08,2.485,196.05,5.157,1913,77387.4,0,0
2,122.38,2.39,187.23,5.41,1938,77407.6,0,0
2,118.42,2.529,195.66,5.675,1913,77427.8,0,0
2,118.44,2.676,204.46,5.397,1888,77448.0,0,0
2,118.31,2.568,213.66,5.133,1913,77468.2,0,0
2,118.06,2.708,223.28,5.384,1938,77488.5,0,0
2,117.67,2.825,222.02,5.648,1963,77508.7,0,0
2,117.18,2.966,216.55,5.925,1938,77528.9,0,0
2,116.6,3.106,226.29,6.215,1913,77549.1,0,0
2,115.95,3.246,235.68,5.911,1888,77569.3,0,0
2,115.27,3.074,225.07,5.621,1863,77589.6,0,0
2,114.57,2.906,214.95,5.346,1888,77609.8,0,0
2,113.89,2.742,205.27,5.608,1863,77630.0,0,0
2,113.26,2.586,196.04,5.882,1888,77650.2,0,0
2,112.7,2.683,187.21,6.171,1913,77670.5,0,0
2,112.23,2.529,195.64,5.868,1888,77690.7,0,0
2,111.87,2.621,186.83,5.581,1913,77710.9,0,0
2,111.64,2.602,186.83,5.581,1913,77731.1,0,0
2,111.55,2.587,186.83,5.581,1913,77751.3,0,0
2,111.6,2.579,186.83,5.581,1913,77771.6,0,0
2,111.79,2.578,186.83,5.581,1913,77791.8,0,0
2,112.11,2.583,186.83,5.581,1913,77812.0,0,0
2,112.54,2.595,186.83,5.581,1913,77832.2,0,0
2,113.08,2.613,186.83,5.581,1913,77852.4,0,0
2,117.65,2.761,178.43,5.307,1938,77872.7,0,0
2,118.34,2.654,170.4,5.567,1963,77892.9,0,0
2,119.06,2.552,178.07,5.84,1938,77913.1,0,0
2,119.77,2.701,170.05,5.554,1913,77933.3,0,0
2,120.46,2.857,162.4,5.282,1888,77953.6,0,0
2,121.08,2.879,155.09,5.023,1863,77973.8,0,0
2,121.62,3.035,148.11,5.269,1838,77994.0,0,0
2,122.05,2.901,154.78,5.011,1863,78014.2,0,0
2,122.36,2.842,161.74,5.256,1838,78034.4,0,0
2,126.65,2.975,169.02,5.514,1863,78054.7,0,0
2,126.68,2.823,164.7,5.784,1838,78074.9,0,0
2,126.56,2.942,172.11,6.068,1863,78095.1,0,0
2,126.29,3.061,166.61,6.365,1838,78115.3,0,0
2,125.89,3.055,174.11,6.677,1863,78135.5,0,0
2,125.37,2.915,166.27,6.35,1838,78155.8,0,0
2,124.76,2.747,158.79,6.038,1816,78176.0,0,0
2,120.03,2.851,165.94,6.334,1791,78196.2,0,0
2,119.33,2.962,173.4,6.024,1766,78216.4,0,0
2,118.61,3.081,181.21,5.729,1791,78236.7,0,0
2,117.9,3.212,173.05,5.448,1816,78256.9,0,0
2,117.24,3.05,180.84,5.715,1841,78277.1,0,0
2,120.58,2.903,172.7,5.435,1816,78297.3,0,0
2,120.07,2.91,172.7,5.435,1816,78317.5,0,0
2,119.68,2.924,172.7,5.435,1816,78337.8,0,0
2,119.42,2.945,172.7,5.435,1816,78358.0,0,0
2,119.31,2.97,172.7,5.435,1816,78378.2,0,0
2,119.35,2.999,172.7,5.435,1816,78398.4,0,0
2,115.66,2.884,177.09,5.701,1841,78418.6,0,0
2,112.08,3.053,169.12,5.981,1866,78438.9,0,0
2,112.51,3.208,176.73,6.274,1841,78459.1,0,0
2,113.04,3.077,168.77,5.998,1835,78479.3,0,0
2,113.65,3.244,176.37,6.291,1810,78499.5,0,0
2,114.31,3.411,184.31,6.6,1835,78519.8,0,0
2,115.0,3.579,176.01,6.923,1810,78540.0,0,0
2,115.7,3.747,183.93,7.262,1835,78560.2,0,0
2,112.31,3.554,175.66,6.907,1810,78580.4,0,0
2,116.97,3.44,183.56,7.245,1785,78600.6,0,0
2,121.59,3.25,191.82,7.6,1760,78620.9,0,0
2,122.03,3.293,183.19,7.228,1785,78641.1,0,0
2,122.35,3.417,191.43,7.582,1760,78661.3,0,0
2,122.53,3.545,200.05,7.953,1735,78681.5,0,0
2,122.56,3.342,209.05,8.343,1710,78701.7,0,0
2,122.46,3.473,218.46,7.934,1685,78722.0,0,0
2,122.21,3.283,208.62,8.323,1660,78742.2,0,0
2,117.73,3.11,218.01,8.731,1685,78762.4,0,0
2,117.26,2.954,227.82,9.159,1660,78782.6,0,0
2,116.69,2.813,217.57,8.71,1635,78802.9,0,0
2,116.05,2.956,207.78,8.283,1660,78823.1,0,0
2,115.37,2.829,198.43,8.689,1658,78843.3,0,0
2,114.67,2.986,207.36,9.115,1683,78863.5,0,0
2,113.99,3.157,201.41,8.668,1708,78883.7,0,0
2,113.35,3.341,192.35,9.093,1733,78904.0,0,0
2,112.77,3.537,201.0,9.538,1708,78924.2,0,0
2,112.29,3.401,191.96,9.071,1683,78944.4,0,0
2,111.91,3.266,200.6,8.626,1658,78964.6,0,0
2,111.67,3.448,191.57,8.204,1633,78984.8,0,0
2,111.56,3.633,200.19,8.606,1608,79005.1,0,0
2,111.58,3.82,191.18,9.027,1633,79025.3,0,0
2,111.75,4.007,182.58,8.585,1658,79045.5,0,0
2,115.95,3.809,190.8,8.164,1683,79065.7,0,0
2,116.38,3.612,182.58,8.564,1658,79086.0,0,0
2,116.93,3.762,174.36,8.145,1633,79106.2,0,0
2,117.55,3.899,166.52,7.746,1658,79126.4,0,0
2,118.24,4.049,159.02,7.366,1683,79146.6,0,0
2,118.95,3.817,166.18,7.727,1708,79166.8,0,0
2,119.67,3.597,173.66,8.106,1683,79187.1,0,0
2,120.36,3.392,181.47,8.503,1708,79207.3,0,0
2,121.0,3.525,189.64,8.086,1733,79227.5,0,0
2,117.46,3.333,198.17,7.69,1758,79247.7,0,0
2,113.8,3.159,192.26,7.313,1783,79267.9,0,0
2,109.99,3.001,200.91,6.955,1808,79288.2,0,0
2,110.16,2.859,209.95,6.614,1833,79308.4,0,0
2,110.21,2.848,200.5,6.29,1808,79328.6,0,0
2,110.12,2.945,209.52,5.982,1783,79348.8,0,0
2,109.91,3.11,200.1,6.275,1758,79369.1,0,0
2,105.48,2.987,209.1,6.582,1733,79389.3,0,0
2,105.05,3.017,209.1,6.582,1733,79409.5,0,0
2,104.55,3.047,209.1,6.582,1733,79429.7,0,0
2,103.98,3.077,209.1,6.582,1733,79449.9,0,0
2,103.37,3.104,209.1,6.582,1733,79470.2,0,0
2,102.75,3.126,209.1,6.582,1733,79490.4,0,0
2,102.14,3.142,209.1,6.582,1733,79510.6,0,0
2,101.56,3.151,209.1,6.582,1733,79530.8,0,0
2,99.61,3.002,218.51,6.26,1758,79551.0,0,0
2,103.08,2.852,208.68,6.567,1733,79571.3,0,0
2,102.73,2.704,218.07,6.245,1708,79591.5,0,0
2,102.49,2.557,208.25,5.939,1683,79611.7,0,0
2,102.38,2.659,198.88,5.846,1708,79631.9,0,0
2,102.4,2.76,207.83,6.04,1683,79652.2,0,0
2,102.54,2.602,217.18,5.744,1658,79672.4,0,0
2,106.71,2.7,207.41,6.026,1683,79692.6,0,0
2,107.1,2.661,198.08,6.321,1708,79712.8,0,0
2,107.59,2.751,206.99,6.631,1683,79733.0,0,0
2,108.16,2.602,216.31,6.306,1708,79753.3,0,0
2,108.79,2.716,212.66,6.615,1733,79773.5,0,0
2,109.45,2.841,203.09,6.939,1708,79793.7,0,0
2,110.11,2.981,193.96,6.599,1733,79813.9,0,0
2,106.7,3.135,185.23,6.922,1758,79834.1,0,0
2,103.21,3.002,193.56,7.262,1783,79854.4,0,0
2,103.68,2.88,202.27,7.395,1808,79874.6,0,0
2,104.07,3.046,193.17,7.757,1833,79894.8,0,0
2,104.36,2.929,184.48,7.377,1858,79915.0,0,0
2,104.53,2.816,192.78,7.738,1883,79935.3,0,0
2,104.58,2.707,184.1,7.359,1908,79955.5,0,0
2,104.51,2.599,175.82,7.72,1933,79975.7,0,0
2,100.21,2.491,183.73,7.353,1958,79995.9,0,0
2,99.91,2.503,183.73,7.353,1958,80016.1,0,0
2,99.52,2.51,183.73,7.353,1958,80036.4,0,0
2,99.04,2.51,183.73,7.353,1958,80056.6,0,0
2,98.51,2.505,183.73,7.353,1958,80076.8,0,0
2,97.94,2.493,183.73,7.353,1958,80097.0,0,0
2,101.34,2.358,175.46,6.993,1933,80117.2,0,0
2,104.7,2.451,167.57,6.65,1908,80137.5,0,0
2,100.16,2.544,175.11,6.976,1933,80157.7,0,0
2,95.71,2.64,182.99,7.318,1908,80177.9,0,0
2,95.29,2.488,174.75,7.676,1933,80198.1,0,0
2,94.96,2.347,166.89,8.052,1958,80218.4,0,0
2,94.74,2.288,174.4,8.447,1983,80238.6,0,0
2,94.62,2.383,182.25,8.227,1958,80258.8,0,0
2,94.63,2.488,174.05,7.824,1983,80279.0,0,0
2,98.64,2.365,181.88,8.208,2008,80299.2,0,0
2,102.79,2.482,173.69,7.805,2033,80319.5,0,0
2,103.16,2.612,181.51,8.188,2058,80339.7,0,0
2,103.63,2.754,189.68,8.062,2033,80359.9,0,0
2,104.17,2.909,181.14,8.189,2008,80380.1,0,0
2,104.77,3.077,189.29,7.788,1983,80400.3,0,0
2,105.41,3.258,197.81,7.406,1958,80420.6,0,0
2,106.04,3.448,188.91,7.043,1933,80440.8,0,0
2,106.66,3.314,197.41,7.388,1911,80461.0,0,0
2,111.3,3.502,188.53,7.026,1908,80481.2,0,0
2,107.74,3.356,182.27,7.37,1883,80501.5,0,0
2,104.05,3.209,190.47,7.611,1858,80521.7,0,0
2,108.46,3.283,187.78,7.238,1883,80541.9,0,0
2,108.64,3.378,194.83,6.883,1859,80562.1,0,0
2,108.7,3.531,203.6,7.221,1884,80582.3,0,0
2,108.64,3.682,194.43,7.574,1909,80602.6,0,0
2,108.44,3.832,203.18,7.945,1934,80622.8,0,0
2,108.13,3.618,212.33,7.556,1909,80643.0,0,0
2,107.71,3.411,221.88,7.898,1884,80663.2,0,0
2,107.21,3.215,231.87,8.285,1879,80683.4,0,0
2,110.67,3.043,221.43,7.879,1904,80703.7,0,0
2,110.03,2.871,211.47,7.493,1929,80723.9,0,0
2,109.37,2.712,201.95,7.126,1954,80744.1,0,0
2,108.71,2.566,192.86,7.281,1929,80764.3,0,0
2,108.09,2.479,184.19,7.35,1954,80784.6,0,0
2,107.53,2.357,175.9,6.99,1929,80804.8,0,0
2,107.05,2.475,177.56,7.332,1954,80825.0,0,0
2,102.77,2.366,185.55,6.973,1979,80845.2,0,0
2,106.4,2.496,177.2,6.631,1954,80865.4,0,0
2,106.27,2.396,183.39,6.956,1929,80885.7,0,0
2,106.27,2.302,191.65,7.297,1904,80905.9,0,0
2,106.4,2.437,183.02,7.655,1929,80926.1,0,0
2,106.66,2.343,174.79,7.28,1904,80946.3,0,0
2,107.04,2.479,166.92,7.636,1929,80966.5,0,0
2,107.52,2.379,159.41,7.262,1954,80986.8,0,0
2,108.08,2.509,152.24,6.906,1979,81007.0,0,0
2,108.7,2.488,158.34,7.245,1954,81027.2,0,0
2,109.35,2.613,151.21,7.24,1979,81047.4,0,0
2,110.02,2.486,158.01,6.886,2004,81067.7,0,0
2,110.66,2.36,165.13,7.223,1979,81087.9,0,0
2,111.26,2.46,172.56,6.869,2004,81108.1,0,0
2,111.78,2.56,164.79,7.206,2005,81128.3,0,0
2,112.22,2.659,172.21,6.853,1980,81148.5,0,0
2,112.55,2.507,164.46,7.188,1955,81168.8,0,0
2,112.75,2.601,158.5,6.836,1930,81189.0,0,0
2,116.94,2.452,151.37,6.957,1955,81209.2,0,0
2,121.0,2.314,158.18,7.298,1930,81229.4,0,0
2,124.9,2.186,165.3,7.656,1955,81249.6,0,0
2,124.55,2.278,172.73,7.281,1930,81269.9,0,0
2,124.08,2.162,180.51,6.924,1905,81290.1,0,0
2,123.5,2.265,188.63,6.585,1930,81310.3,0,0
2,122.85,2.161,197.12,6.799,1955,81330.5,0,0
2,122.14,2.066,188.25,6.466,1980,81350.8,0,0
2,121.4,2.18,196.72,6.149,1957,81371.0,0,0
2,120.67,2.304,205.57,5.848,1982,81391.2,0,0
2,119.98,2.215,214.82,6.134,1957,81411.4,0,0
2,123.28,2.344,205.15,5.833,1932,81431.6,0,0
2,122.72,2.481,199.55,6.119,1907,81451.9,0,0
2,122.28,2.384,190.57,5.819,1932,81472.1,0,0
2,121.96,2.287,199.14,5.534,1957,81492.3,0,0
2,121.8,2.191,208.1,5.805,1982,81512.5,0,0
2,125.67,2.165,198.74,6.09,1957,81532.7,0,0
2,129.7,2.064,189.79,5.792,1948,81553.0,0,0
2,130.0,1.963,181.25,6.075,1973,81573.2,0,0
2,130.45,1.986,173.1,6.265,1998,81593.4,0,0
2,131.03,2.07,180.89,6.572,2023,81613.6,0,0
2,131.7,2.153,189.03,6.894,1998,81633.9,0,0
2,136.42,2.237,180.52,6.556,2023,81654.1,0,0
2,137.25,2.215,180.52,6.556,2023,81674.3,0,0
2,138.08,2.193,180.52,6.556,2023,81694.5,0,0
2,138.89,2.172,180.52,6.556,2023,81714.7,0,0
2,139.64,2.152,180.52,6.556,2023,81735.0,0,0
2,140.31,2.137,180.52,6.556,2023,81755.2,0,0
2,140.87,2.126,180.52,6.556,2023,81775.4,0,0
2,141.29,2.12,180.52,6.556,2023,81795.6,0,0
2,141.56,2.119,180.52,6.556,2023,81815.8,0,0
2,141.66,2.023,188.64,6.877,1998,81836.1,0,0
2,141.6,2.13,197.13,7.214,2023,81856.3,0,0
2,141.37,2.059,188.26,7.568,1998,81876.5,0,0
2,140.98,2.032,196.73,7.939,2023,81896.7,0,0
2,136.37,2.151,200.42,8.328,1998,81917.0,0,0
2,131.68,2.232,209.43,7.92,1973,81937.2,0,0
2,130.99,2.254,209.43,7.92,1973,81957.4,0,0
2,130.23,2.275,209.43,7.92,1973,81977.6,0,0
2,129.45,2.292,209.43,7.92,1973,81997.8,0,0
2,128.67,2.305,209.43,7.92,1973,82018.1,0,0
2,126.86,2.203,206.81,7.532,1948,82038.3,0,0
2,130.12,2.311,197.51,7.163,1923,82058.5,0,0
2,129.52,2.197,206.39,7.514,1898,82078.7,0,0
2,129.05,2.295,215.68,7.145,1923,82098.9,0,0
2,128.71,2.172,205.98,6.795,1948,82119.2,0,0
2,128.52,2.099,196.71,7.128,1923,82139.4,0,0
2,128.5,2.18,203.56,7.477,1909,82159.6,0,0
2,128.63,2.262,212.72,7.844,1934,82179.8,0,0
2,128.92,2.347,203.15,7.46,1909,82200.1,0,0
2,129.36,2.436,201.89,7.825,1884,82220.3,0,0
2,133.85,2.299,192.8,8.208,1909,82240.5,0,0
2,130.59,2.393,191.33,8.611,1934,82260.7,0,0
2,131.33,2.495,182.72,9.033,1959,82280.9,0,0
2,132.12,2.609,190.95,8.59,1934,82301.2,0,0
2,132.92,2.735,199.54,8.169,1909,82321.4,0,0
2,133.71,2.874,190.56,7.769,1884,82341.6,0,0
2,134.44,3.028,181.98,8.149,1859,82361.8,0,0
2,139.17,2.903,173.79,8.549,1884,82382.0,0,0
2,135.63,3.07,181.62,8.968,1909,82402.3,0,0
2,136.05,3.1,181.62,8.968,1909,82422.5,0,0
2,136.32,3.131,181.62,8.968,1909,82442.7,0,0
2,136.43,3.162,181.62,8.968,1909,82462.9,0,0
2,136.38,3.19,181.62,8.968,1909,82483.2,0,0
2,136.17,3.214,181.62,8.968,1909,82503.4,0,0
2,135.81,3.231,181.62,8.968,1909,82523.6,0,0
2,135.31,3.398,173.44,8.528,1934,82543.8,0,0
2,134.7,3.564,165.64,8.11,1909,82564.0,0,0
2,133.99,3.729,158.18,7.713,1884,82584.3,0,0
2,133.23,3.536,165.3,8.091,1859,82604.5,0,0
2,132.43,3.683,157.86,7.694,1834,82624.7,0,0
2,131.63,3.83,164.97,7.317,1859,82644.9,0,0
2,134.82,3.613,159.47,6.959,1884,82665.1,0,0
2,130.17,3.405,166.64,7.3,1867,82685.4,0,0
2,125.65,3.209,174.14,7.658,1842,82705.6,0,0
2,125.18,3.026,181.98,8.033,1867,82725.8,0,0
2,124.84,2.857,173.79,7.639,1892,82746.0,0,0
2,124.65,2.702,181.61,7.265,1917,82766.3,0,0
2,124.61,2.56,189.78,7.621,1892,82786.5,0,0
2,124.73,2.513,181.24,7.994,1917,82806.7,0,0
2,125.01,2.635,189.4,8.386,1892,82826.9,0,0
2,129.32,2.77,180.88,8.068,1867,82847.1,0,0
2,125.96,2.652,189.01,7.672,1892,82867.4,0,0
2,126.6,2.544,197.52,8.048,1917,82887.6,0,0
2,127.31,2.444,188.63,8.443,1942,82907.8,0,0
2,128.07,2.586,180.14,8.029,1917,82928.0,0,0
2,128.85,2.738,172.04,7.636,1892,82948.2,0,0
2,129.61,2.632,179.78,8.01,1867,82968.5,0,0
2,130.33,2.782,187.87,8.402,1842,82988.7,0,0
2,130.97,2.802,187.87,8.402,1842,83008.9,0,0
2,131.5,2.817,187.87,8.402,1842,83029.1,0,0
2,131.92,2.825,187.87,8.402,1842,83049.4,0,0
2,132.19,2.826,187.87,8.402,1842,83069.6,0,0
2,132.31,2.821,187.87,8.402,1842,83089.8,0,0
2,132.27,2.809,187.87,8.402,1842,83110.0,0,0
2,136.19,2.925,196.32,8.814,1817,83130.2,0,0
2,131.74,2.762,195.09,9.246,1792,83150.5,0,0
2,131.27,2.868,203.87,9.699,1767,83170.7,0,0
2,130.68,2.703,194.69,9.224,1792,83190.9,0,0
2,130.0,2.548,203.45,9.676,1816,83211.1,0,0
2,129.26,2.645,212.61,10.15,1792,83231.3,0,0
2,128.48,2.749,222.18,9.652,1767,83251.6,0,0
2,127.71,2.863,212.18,10.125,1773,83271.8,0,0
2,126.97,2.988,202.63,10.621,1798,83292.0,0,0
2,122.35,3.126,195.0,10.101,1823,83312.2,0,0
2,121.77,3.129,195.0,10.101,1823,83332.5,0,0
2,121.31,3.14,195.0,10.101,1823,83352.7,0,0
2,120.97,3.158,195.0,10.101,1823,83372.9,0,0
2,120.77,3.183,195.0,10.101,1823,83393.1,0,0
2,120.73,3.212,195.0,10.101,1823,83413.3,0,0
2,120.84,3.244,195.0,10.101,1823,83433.6,0,0
2,121.09,3.277,195.0,10.101,1823,83453.8,0,0
2,121.48,3.309,195.0,10.101,1823,83474.0,0,0
4,96.69,2.678,190.79,9.713,1994,0.0,0,0
4,93.23,2.574,198.83,9.237,1969,19.4,0,0
4,97.79,2.721,189.89,9.689,1944,38.9,0,0
4,98.29,2.742,189.89,9.689,1944,58.3,0,0
4,98.72,2.76,189.89,9.689,1944,77.7,0,0
4,99.08,2.771,189.89,9.689,1944,97.1,0,0
4,99.35,2.778,189.89,9.689,1944,116.6,0,0
4,99.53,2.777,189.89,9.689,1944,136.0,0,0
4,103.71,2.638,198.43,10.164,1919,155.4,0,0
4,99.54,2.5,189.5,10.329,1944,174.8,0,0
4,103.5,2.365,180.97,9.823,1919,194.3,0,0
4,107.34,2.459,172.83,9.342,1944,213.7,0,0
4,106.97,2.554,165.05,8.884,1969,233.1,0,0
4,106.5,2.651,157.63,8.449,1944,252.5,0,0
4,105.98,2.752,158.67,8.863,1969,272.0,0,0
4,105.4,2.628,151.53,8.428,1944,291.4,0,0
4,104.79,2.482,158.35,8.015,1919,310.8,0,0
4,104.19,2.347,165.48,7.623,1894,330.2,0,0
4,103.6,2.449,170.02,7.996,1919,349.7,0,0
4,103.05,2.326,177.67,8.388,1944,369.1,0,0
4,102.56,2.327,177.67,8.388,1944,388.5,0,0
4,102.16,2.333,177.67,8.388,1944,407.9,0,0
4,101.85,2.345,177.67,8.388,1944,427.4,0,0
4,101.64,2.361,177.67,8.388,1944,446.8,0,0
4,101.55,2.38,177.67,8.388,1944,466.2,0,0
4,101.58,2.402,177.67,8.388,1944,485.6,0,0
4,101.73,2.426,177.67,8.388,1944,505.1,0,0
4,98.09,2.567,185.66,8.799,1919,524.5,0,0
4,98.43,2.629,194.02,9.23,1944,543.9,0,0
4,98.86,2.776,185.29,9.682,1969,563.3,0,0
4,99.36,2.659,193.63,10.157,1994,582.8,0,0
4,99.91,2.541,202.34,10.654,1969,602.2,0,0
4,100.49,2.424,193.23,10.132,1994,621.6,0,0
4,101.07,2.307,184.54,10.629,1969,641.0,0,0
4,101.64,2.411,184.97,11.15,1994,660.5,0,0
4,98.12,2.285,176.65,10.603,2019,679.9,0,0
4,94.5,2.161,175.05,11.123,1994,699.3,0,0
4,94.87,2.144,175.05,11.123,1994,718.7,0,0
4,95.17,2.124,175.05,11.123,1994,738.2,0,0
4,95.36,2.104,175.05,11.123,1994,757.6,0,0
4,95.46,2.084,175.05,11.123,1994,777.0,0,0
4,95.45,2.065,175.05,11.123,1994,796.4,0,0
4,95.34,2.049,175.05,11.123,1994,815.9,0,0
4,95.13,2.036,175.05,11.123,1994,835.3,0,0
4,94.83,2.027,175.05,11.123,1994,854.7,0,0
4,94.44,2.024,175.05,11.123,1994,874.1,0,0
4,94.0,2.025,175.05,11.123,1994,893.6,0,0
4,93.5,2.031,175.05,11.123,1994,913.0,0,0
4,92.97,2.041,175.05,11.123,1994,932.4,0,0
4,96.42,2.154,182.93,11.668,2019,951.9,0,0
4,95.87,2.172,182.93,11.668,2019,971.3,0,0
4,95.34,2.193,182.93,11.668,2019,990.7,0,0
4,94.87,2.214,182.93,11.668,2019,1010.1,0,0
4,94.47,2.235,182.93,11.668,2019,1029.6,0,0
4,94.15,2.255,182.93,11.668,2019,1049.0,0,0
4,93.93,2.272,182.93,11.668,2019,1068.4,0,0
4,93.81,2.285,182.93,11.668,2019,1087.8,0,0
4,93.8,2.293,182.93,11.668,2019,1107.3,0,0
4,93.89,2.297,182.93,11.668,2019,1126.7,0,0
4,94.1,2.296,182.93,11.668,2019,1146.1,0,0
4,98.3,2.179,191.16,12.24,1994,1165.5,0,0
4,98.7,2.169,191.16,12.24,1994,1185.0,0,0
4,99.18,2.154,191.16,12.24,1994,1204.4,0,0
4,99.72,2.136,191.16,12.24,1994,1223.8,0,0
4,100.29,2.117,191.16,12.24,1994,1243.2,0,0
4,100.87,2.097,191.16,12.24,1994,1262.7,0,0
4,101.45,2.077,191.16,12.24,1994,1282.1,0,0
4,102.0,2.058,191.16,12.24,1994,1301.5,0,0
4,102.5,2.042,191.16,12.24,1994,1320.9,0,0
4,102.93,2.03,191.16,12.24,1994,1340.4,0,0
4,103.28,2.022,191.16,12.24,1994,1359.8,0,0
4,103.53,2.019,191.16,12.24,1994,1379.2,0,0
4,103.68,2.02,191.16,12.24,1994,1398.6,0,0
4,99.66,1.93,199.76,12.839,1969,1418.1,0,0
4,99.58,1.94,199.76,12.839,1969,1437.5,0,0
4,99.39,1.954,199.76,12.839,1969,1456.9,0,0
4,99.11,1.971,199.76,12.839,1969,1476.3,0,0
4,98.74,1.99,199.76,12.839,1969,1495.8,0,0
4,102.35,2.106,190.77,12.21,1944,1515.2,0,0
4,105.87,2.227,182.19,11.612,1969,1534.6,0,0
4,105.28,2.354,173.99,12.181,1989,1554.0,0,0
4,104.67,2.258,166.16,11.584,1964,1573.5,0,0
4,104.07,2.379,173.64,11.016,1979,1592.9,0,0
4,103.49,2.502,165.82,10.477,1954,1612.3,0,0
4,99.03,2.385,173.29,10.99,1979,1631.7,0,0
4,98.58,2.383,173.29,10.99,1979,1651.2,0,0
4,98.22,2.376,173.29,10.99,1979,1670.6,0,0
4,97.95,2.364,173.29,10.99,1979,1690.0,0,0
4,97.79,2.347,173.29,10.99,1979,1709.4,0,0
4,97.73,2.377,181.08,10.451,2004,1728.9,0,0
4,97.8,2.469,189.23,10.964,1979,1748.3,0,0
4,97.97,2.327,197.75,11.501,2004,1767.7,0,0
4,98.25,2.416,206.65,11.718,2029,1787.1,0,0
4,98.62,2.51,215.95,11.143,2054,1806.6,0,0
4,99.08,2.371,206.23,10.597,2029,1826.0,0,0
4,99.59,2.471,196.95,10.078,2054,1845.4,0,0
4,100.15,2.58,205.81,9.584,2055,1864.9,0,0
4,100.74,2.453,215.07,9.115,2080,1884.3,0,0
4,101.32,2.528,224.75,9.561,2105,1903.7,0,0
4,101.88,2.415,214.64,9.093,2080,1923.1,0,0
4,102.4,2.545,216.93,9.538,2055,1942.6,0,0
4,106.95,2.633,207.17,9.071,2030,1962.0,0,0
4,107.34,2.528,197.85,8.626,2005,1981.4,0,0
4,107.64,2.43,188.94,8.204,2030,2000.8,0,0
4,107.83,2.571,197.44,7.802,2005,2020.3,0,0
4,107.9,2.471,206.33,8.184,2009,2039.7,0,0
4,107.85,2.611,197.04,8.585,2034,2059.1,0,0
4,107.69,2.756,205.91,9.006,2059,2078.5,0,0
4,111.52,2.904,196.65,8.564,2034,2098.0,0,0
4,111.14,2.773,204.74,8.493,2009,2117.4,0,0
4,110.66,2.643,195.53,8.077,2029,2136.8,0,0
4,110.11,2.513,204.32,8.473,2054,2156.2,0,0
4,109.52,2.625,195.13,8.058,2079,2175.7,0,0
4,108.89,2.485,203.91,7.663,2054,2195.1,0,0
4,108.26,2.349,194.73,7.287,2079,2214.5,0,0
4,107.64,2.218,185.97,6.93,2054,2233.9,0,0
4,107.07,2.302,194.34,7.27,2029,2253.4,0,0
4,106.82,2.171,197.8,7.626,2054,2272.8,0,0
4,102.49,2.254,188.9,8.0,2079,2292.2,0,0
4,106.06,2.127,197.4,8.392,2054,2311.6,0,0
4,105.85,2.111,197.4,8.392,2054,2331.1,0,0
4,105.75,2.1,197.4,8.392,2054,2350.5,0,0
4,105.77,2.093,197.4,8.392,2054,2369.9,0,0
4,105.92,2.09,197.4,8.392,2054,2389.3,0,0
4,106.18,2.093,197.4,8.392,2054,2408.8,0,0
4,106.55,2.101,197.4,8.392,2054,2428.2,0,0
4,107.02,2.114,197.4,8.392,2054,2447.6,0,0
4,96.8,1.491,197.4,8.392,2054,2467.0,1,0
4,108.15,2.149,197.4,8.392,2054,2486.5,0,0
4,108.77,2.169,197.4,8.392,2054,2505.9,0,0
4,109.41,2.191,197.4,8.392,2054,2525.3,0,0
4,110.03,2.211,197.4,8.392,2054,2544.7,0,0
4,110.61,2.229,197.4,8.392,2054,2564.2,0,0
4,111.13,2.245,197.4,8.392,2054,2583.6,0,0
4,107.48,2.148,206.29,8.803,2029,2603.0,0,0
4,107.81,2.051,215.57,8.402,2054,2622.4,0,0
4,108.04,1.954,205.87,8.814,2029,2641.9,0,0
4,108.15,2.045,198.76,9.246,2004,2661.3,0,0
4,108.15,1.939,189.82,9.699,2029,2680.7,0,0
4,108.02,2.021,181.28,9.224,2054,2700.1,0,0
4,107.79,2.103,189.43,9.676,2079,2719.6,0,0
4,107.45,2.085,189.43,9.676,2079,2739.0,0,0
4,107.02,2.065,189.43,9.676,2079,2758.4,0,0
4,106.51,2.045,189.43,9.676,2079,2777.9,0,0
4,105.95,2.026,189.43,9.676,2079,2797.3,0,0
4,101.34,2.105,180.91,10.15,2104,2816.7,0,0
4,100.75,2.09,180.91,10.15,2104,2836.1,0,0
4,100.17,2.079,180.91,10.15,2104,2855.6,0,0
4,99.63,2.073,180.91,10.15,2104,2875.0,0,0
4,99.13,2.071,180.91,10.15,2104,2894.4,0,0
4,98.71,2.075,180.91,10.15,2104,2913.8,0,0
4,98.37,2.083,180.91,10.15,2104,2933.3,0,0
4,98.13,2.197,189.05,9.652,2079,2952.7,0,0
4,98.01,2.32,180.54,9.179,2054,2972.1,0,0
4,97.99,2.454,172.42,9.629,2029,2991.5,0,0
4,98.09,2.358,180.18,10.101,2054,3011.0,0,0
4,102.19,2.495,188.28,10.596,2079,3030.4,0,0
4,98.61,2.397,196.76,10.077,2054,3049.8,0,0
4,99.01,2.301,205.61,10.571,2079,3069.2,0,0
4,99.48,2.428,214.86,11.089,2104,3088.7,0,0
4,100.02,2.556,205.19,10.545,2129,3108.1,0,0
4,100.59,2.44,195.96,10.028,2104,3127.5,0,0
4,101.17,2.559,187.14,9.537,2079,3146.9,0,0
4,101.76,2.677,195.56,9.07,2104,3166.4,0,0
4,129.84,3.749,166.76,7.514,2129,3185.8,0,1
4,98.74,2.645,179.09,9.98,2154,3205.2,0,0
4,99.16,2.751,171.03,9.491,2179,3224.6,0,0
4,99.5,2.596,178.73,9.956,2154,3244.1,0,0
4,99.74,2.448,186.77,10.444,2129,3263.5,0,0
4,99.89,2.308,178.37,9.932,2104,3282.9,0,0
4,99.92,2.397,170.34,9.446,2129,3302.3,0,0
4,99.85,2.35,178.01,9.909,2154,3321.8,0,0
4,103.77,2.446,186.02,9.423,2129,3341.2,0,0
4,99.38,2.317,177.65,8.961,2104,3360.6,0,0
4,99.01,2.2,169.65,9.4,2087,3380.0,0,0
4,98.57,2.093,177.29,8.94,2112,3399.5,0,0
4,98.06,2.198,169.31,8.502,2087,3418.9,0,0
4,97.52,2.102,165.7,8.085,2112,3438.3,0,0
4,96.95,2.217,158.24,7.689,2087,3457.7,0,0
4,96.39,2.127,165.36,8.066,2062,3477.2,0,0
4,95.86,2.044,172.8,7.671,2087,3496.6,0,0
4,95.36,1.964,165.03,8.046,2112,3516.0,0,0
4,98.85,2.078,172.45,8.441,2137,3535.4,0,0
4,98.48,2.198,180.21,8.027,2112,3554.9,0,0
4,98.2,2.322,172.11,8.42,2087,3574.3,0,0
4,98.04,2.449,179.85,8.833,2112,3593.7,0,0
4,97.98,2.578,187.94,9.266,2137,3613.1,0,0
4,98.04,2.461,196.4,9.72,2162,3632.6,0,0
4,102.1,2.579,205.24,9.244,2137,3652.0,0,0
4,102.39,2.698,196.0,8.791,2112,3671.4,0,0
4,102.77,2.706,204.82,9.221,2108,3690.9,0,0
4,103.24,2.819,195.61,8.77,2133,3710.3,0,0
4,103.78,2.663,204.41,8.427,2158,3729.7,0,0
4,104.36,2.64,204.41,8.427,2158,3749.1,0,0
4,104.97,2.615,204.41,8.427,2158,3768.6,0,0
4,105.58,2.589,204.41,8.427,2158,3788.0,0,0
4,106.17,2.566,204.41,8.427,2158,3807.4,0,0
4,106.71,2.545,204.41,8.427,2158,3826.8,0,0
4,107.19,2.527,204.41,8.427,2158,3846.3,0,0
4,111.69,2.395,213.61,8.014,2133,3865.7,0,0
4,116.11,2.274,203.99,7.622,2158,3885.1,0,0
4,120.44,2.165,213.17,7.995,2183,3904.5,0,0
4,120.52,2.066,203.58,8.387,2158,3924.0,0,0
4,120.48,2.175,194.42,8.798,2133,3943.4,0,0
4,120.3,2.084,203.17,8.367,2108,3962.8,0,0
4,120.0,2.202,212.31,7.957,2083,3982.2,0,0
4,119.59,2.115,221.87,8.347,2058,4001.7,0,0
4,119.08,2.239,222.64,8.355,2083,4021.1,0,0
4,122.54,2.152,212.62,8.764,2108,4040.5,0,0
4,121.88,2.275,222.18,8.335,2083,4059.9,0,0
4,121.18,2.183,212.19,7.926,2058,4079.4,0,0
4,120.48,2.302,221.73,8.315,2083,4098.8,0,0
4,119.8,2.423,211.76,8.722,2108,4118.2,0,0
4,119.16,2.312,202.23,9.15,2083,4137.6,0,0
4,118.59,2.232,193.13,8.701,2058,4157.1,0,0
4,118.12,2.334,184.44,8.275,2033,4176.5,0,0
4,117.75,2.212,176.14,7.869,2058,4195.9,0,0
4,113.62,2.304,184.06,8.255,2083,4215.3,0,0
4,113.51,2.286,184.06,8.255,2083,4234.8,0,0
4,113.53,2.265,184.06,8.255,2083,4254.2,0,0
4,113.69,2.244,184.06,8.255,2083,4273.6,0,0
4,113.96,2.222,184.06,8.255,2083,4293.0,0,0
4,114.36,2.202,184.06,8.255,2083,4312.5,0,0
4,114.85,2.184,184.06,8.255,2083,4331.9,0,0
4,116.68,2.066,175.78,7.851,2058,4351.3,0,0
4,113.36,1.958,167.87,7.466,2033,4370.7,0,0
4,114.01,1.954,167.87,7.466,2033,4390.2,0,0
4,114.68,1.954,167.87,7.466,2033,4409.6,0,0
4,115.33,1.959,167.87,7.466,2033,4429.0,0,0
4,115.94,1.969,167.87,7.466,2033,4448.4,0,0
4,116.49,1.982,167.87,7.466,2033,4467.9,0,0
4,116.95,1.999,167.87,7.466,2033,4487.3,0,0
4,117.32,2.017,167.87,7.466,2033,4506.7,0,0
4,117.57,2.037,167.87,7.466,2033,4526.1,0,0
4,117.7,2.155,160.32,7.832,2058,4545.6,0,0
4,117.7,2.279,167.53,7.448,2033,4565.0,0,0
4,117.57,2.406,159.99,7.083,2008,4584.4,0,0
4,117.32,2.304,159.28,6.736,2033,4603.8,0,0
4,121.05,2.425,166.45,7.066,2058,4623.3,0,0
4,124.64,2.546,172.76,7.196,2083,4642.7,0,0
4,124.05,2.423,180.53,7.549,2058,4662.1,0,0
4,123.4,2.301,188.65,7.919,2033,4681.6,0,0
4,122.71,2.183,197.14,8.307,2008,4701.0,0,0
4,121.99,2.273,206.02,8.714,2033,4720.4,0,0
4,121.29,2.363,215.29,9.141,2008,4739.8,0,0
4,120.63,2.229,205.6,8.693,1993,4759.3,0,0
4,116.1,2.313,196.35,8.267,1968,4778.7,0,0
4,115.6,2.181,187.51,7.862,1943,4798.1,0,0
4,115.21,2.265,179.07,7.476,1918,4817.5,0,0
4,114.92,2.356,180.81,7.11,1943,4837.0,0,0
4,114.77,2.453,188.94,7.458,1968,4856.4,0,0
4,114.75,2.326,180.44,7.093,1943,4875.8,0,0
4,114.86,2.433,172.32,7.441,1968,4895.2,0,0
4,115.1,2.317,180.08,7.805,1943,4914.7,0,0
4,115.45,2.212,171.97,8.188,1918,4934.1,0,0
4,104.33,1.482,179.71,8.589,1943,4953.5,1,0
4,116.48,2.132,179.71,8.589,1943,4972.9,0,0
4,117.1,2.15,179.71,8.589,1943,4992.4,0,0
4,117.77,2.17,179.71,8.589,1943,5011.8,0,0
4,118.45,2.191,179.71,8.589,1943,5031.2,0,0
4,119.13,2.212,179.71,8.589,1943,5050.6,0,0
4,119.78,2.231,179.71,8.589,1943,5070.1,0,0
4,124.45,2.14,171.62,8.168,1955,5089.5,0,0
4,124.98,2.152,171.62,8.168,1955,5108.9,0,0
4,125.41,2.161,171.62,8.168,1955,5128.3,0,0
4,125.72,2.164,171.62,8.168,1955,5147.8,0,0
4,125.91,2.163,171.62,8.168,1955,5167.2,0,0
4,125.95,2.157,171.62,8.168,1955,5186.6,0,0
4,125.86,2.146,171.62,8.168,1955,5206.0,0,0
4,125.64,2.234,179.35,8.568,1930,5225.5,0,0
4,125.29,2.322,187.42,8.988,1955,5244.9,0,0
4,124.83,2.412,178.98,9.428,1980,5264.3,0,0
4,124.27,2.503,183.37,8.966,1955,5283.7,0,0
4,127.68,2.36,175.12,8.527,1980,5303.2,0,0
4,126.97,2.339,175.12,8.527,1980,5322.6,0,0
4,126.24,2.321,175.12,8.527,1980,5342.0,0,0
4,125.51,2.307,175.12,8.527,1980,5361.4,0,0
4,124.81,2.298,175.12,8.527,1980,5380.9,0,0
4,124.16,2.294,175.12,8.527,1980,5400.3,0,0
4,123.6,2.296,175.12,8.527,1980,5419.7,0,0
4,127.03,2.193,183.0,8.945,2005,5439.1,0,0
4,122.79,2.099,191.24,9.383,1980,5458.6,0,0
4,122.57,2.114,191.24,9.383,1980,5478.0,0,0
4,122.5,2.132,191.24,9.383,1980,5497.4,0,0
4,122.57,2.153,191.24,9.383,1980,5516.8,0,0
4,122.78,2.174,191.24,9.383,1980,5536.3,0,0
4,123.12,2.194,191.24,9.383,1980,5555.7,0,0
4,123.58,2.213,191.24,9.383,1980,5575.1,0,0
4,120.21,2.336,182.63,8.923,2005,5594.6,0,0
4,120.83,2.349,182.63,8.923,2005,5614.0,0,0
4,144.47,3.127,162.63,6.923,2005,5633.4,0,1
4,122.21,2.361,182.63,8.923,2005,5652.8,0,0
4,122.92,2.359,182.63,8.923,2005,5672.3,0,0
4,123.61,2.351,182.63,8.923,2005,5691.7,0,0
4,124.24,2.339,182.63,8.923,2005,5711.1,0,0
4,124.81,2.435,190.85,9.361,1980,5730.5,0,0
4,125.27,2.53,182.26,9.819,2005,5750.0,0,0
4,125.63,2.627,190.46,9.338,2030,5769.4,0,0
4,125.86,2.727,199.03,9.796,2005,5788.8,0,0
4,125.95,2.571,190.08,9.316,1980,5808.2,0,0
4,121.79,2.426,187.18,8.859,1955,5827.7,0,0
4,121.62,2.408,187.18,8.859,1955,5847.1,0,0
4,121.32,2.394,187.18,8.859,1955,5866.5,0,0
4,120.91,2.385,187.18,8.859,1955,5885.9,0,0
4,120.4,2.382,187.18,8.859,1955,5905.4,0,0
4,119.81,2.385,187.18,8.859,1955,5924.8,0,0
4,119.16,2.393,187.18,8.859,1955,5944.2,0,0
4,118.48,2.407,187.18,8.859,1955,5963.6,0,0
4,113.81,2.308,195.6,9.293,1980,5983.1,0,0
4,117.12,2.44,186.8,8.838,1955,6002.5,0,0
4,120.44,2.582,195.2,9.271,1930,6021.9,0,0
4,119.86,2.607,195.2,9.271,1930,6041.3,0,0
4,119.37,2.631,195.2,9.271,1930,6060.8,0,0
4,119.0,2.654,195.2,9.271,1930,6080.2,0,0
4,118.75,2.672,195.2,9.271,1930,6099.6,0,0
4,114.75,2.816,192.94,8.817,1905,6119.0,0,0
4,114.77,2.961,201.62,8.385,1880,6138.5,0,0
4,114.92,3.106,210.7,7.974,1905,6157.9,0,0
4,115.19,2.953,207.51,7.583,1880,6177.3,0,0
4,115.59,3.061,216.85,7.955,1855,6196.7,0,0
4,116.08,2.898,207.09,7.565,1830,6216.2,0,0
4,116.71,3.016,197.77,7.936,1855,6235.6,0,0
4,117.35,3.134,188.87,8.325,1880,6255.0,0,0
4,118.02,2.956,180.37,7.917,1905,6274.4,0,0
4,118.71,3.067,172.26,7.529,1915,6293.9,0,0
4,119.39,2.893,180.01,7.898,1890,6313.3,0,0
4,115.96,2.73,171.91,7.511,1898,6332.7,0,0
4,116.51,2.71,171.91,7.511,1898,6352.1,0,0
4,116.98,2.695,171.91,7.511,1898,6371.6,0,0
4,117.35,2.686,171.91,7.511,1898,6391.0,0,0
4,117.61,2.683,171.91,7.511,1898,6410.4,0,0
4,117.74,2.816,179.64,7.879,1873,6429.8,0,0
4,117.75,2.691,187.73,8.265,1898,6449.3,0,0
4,117.62,2.837,196.18,8.67,1923,6468.7,0,0
4,117.38,2.721,187.35,8.245,1898,6488.1,0,0
4,117.01,2.877,195.78,7.841,1873,6507.6,0,0
4,116.55,3.044,186.97,7.457,1848,6527.0,0,0
4,116.01,3.221,195.38,7.822,1823,6546.4,0,0
4,115.4,3.407,186.59,7.451,1848,6565.8,0,0
4,118.76,3.271,194.99,7.816,1873,6585.3,0,0
4,118.07,3.135,186.21,7.433,1848,6604.7,0,0
4,117.39,3.0,194.59,7.069,1823,6624.1,0,0
4,116.75,3.153,185.84,7.415,1798,6643.5,0,0
4,116.17,3.004,177.47,7.052,1797,6663.0,0,0
4,119.57,3.144,181.73,7.05,1822,6682.4,0,0
4,119.16,3.133,181.73,7.05,1822,6701.8,0,0
4,118.86,3.115,181.73,7.05,1822,6721.2,0,0
4,118.7,3.092,181.73,7.05,1822,6740.7,0,0
4,118.67,3.066,181.73,7.05,1822,6760.1,0,0
4,118.78,3.037,181.73,7.05,1822,6779.5,0,0
4,119.02,3.008,181.73,7.05,1822,6798.9,0,0
4,115.48,3.123,189.9,7.395,1797,6818.4,0,0
4,115.95,3.096,189.9,7.395,1797,6837.8,0,0
4,116.5,3.074,189.9,7.395,1797,6857.2,0,0
4,117.12,3.058,189.9,7.395,1797,6876.6,0,0
4,117.79,3.048,189.9,7.395,1797,6896.1,0,0
4,122.48,2.9,181.36,7.033,1772,6915.5,0,0
4,123.18,2.765,173.2,6.688,1747,6934.9,0,0
4,123.86,2.91,180.99,7.016,1772,6954.3,0,0
4,124.47,3.068,189.13,6.672,1747,6973.8,0,0
4,125.01,3.241,180.62,6.999,1772,6993.2,0,0
4,125.44,3.113,188.75,7.342,1747,7012.6,0,0
4,125.76,3.294,197.25,6.982,1722,7032.0,0,0
4,121.83,3.166,188.37,7.233,1747,7051.5,0,0
4,121.88,3.195,188.37,7.233,1747,7070.9,0,0
4,121.8,3.221,188.37,7.233,1747,7090.3,0,0
4,121.59,3.243,188.37,7.233,1747,7109.7,0,0
4,121.25,3.258,188.37,7.233,1747,7129.2,0,0
4,120.81,3.267,188.37,7.233,1747,7148.6,0,0
4,120.27,3.426,179.89,7.587,1772,7168.0,0,0
4,119.66,3.256,171.8,7.216,1797,7187.4,0,0
4,119.0,3.088,164.07,7.569,1772,7206.9,0,0
4,118.31,2.959,171.45,7.198,1747,7226.3,0,0
4,117.63,3.078,163.73,6.846,1722,7245.7,0,0
4,116.97,2.905,171.1,7.181,1697,7265.1,0,0
4,116.36,3.016,178.8,6.829,1722,7284.6,0,0
4,115.83,3.017,170.76,7.121,1701,7304.0,0,0
4,115.39,3.132,178.44,7.47,1676,7323.4,0,0
4,115.06,2.957,186.47,7.836,1701,7342.8,0,0
4,114.86,3.078,178.08,8.22,1726,7362.3,0,0
4,114.78,3.209,186.09,8.623,1701,7381.7,0,0
4,117.61,3.046,194.47,9.045,1726,7401.1,0,0
4,109.53,2.039,185.72,8.602,1701,7420.6,1,0
4,122.03,2.919,185.72,8.602,1701,7440.0,0,0
4,122.48,2.932,185.72,8.602,1701,7459.4,0,0
4,123.04,2.95,185.72,8.602,1701,7478.8,0,0
4,123.67,2.974,185.72,8.602,1701,7498.3,0,0
4,124.36,3.001,185.72,8.602,1701,7517.7,0,0
4,125.09,3.03,185.72,8.602,1701,7537.1,0,0
4,129.83,3.206,177.36,9.023,1726,7556.5,0,0
4,130.56,3.08,185.34,9.466,1751,7576.0,0,0
4,131.23,3.254,177.0,9.929,1776,7595.4,0,0
4,131.83,3.432,169.03,9.443,1801,7614.8,0,0
4,132.33,3.282,161.43,8.98,1776,7634.2,0,0
4,128.6,3.133,168.69,8.54,1801,7653.7,0,0
4,128.84,3.284,176.28,8.959,1826,7673.1,0,0
4,128.94,3.434,184.22,9.398,1851,7692.5,0,0
4,128.9,3.584,175.93,8.937,1876,7711.9,0,0
4,128.72,3.481,183.84,8.499,1851,7731.4,0,0
4,124.31,3.621,192.12,8.083,1876,7750.8,0,0
4,123.89,3.416,198.85,8.479,1851,7770.2,0,0
4,123.37,3.222,189.9,8.063,1876,7789.6,0,0
4,122.77,3.037,181.35,7.668,1901,7809.1,0,0
4,122.11,2.865,173.19,7.292,1876,7828.5,0,0
4,121.41,2.705,165.4,6.935,1901,7847.9,0,0
4,120.7,2.816,157.95,7.275,1926,7867.3,0,0
4,120.02,2.668,150.85,6.918,1901,7886.8,0,0
4,119.38,2.789,157.63,6.579,1926,7906.2,0,0
4,115.54,2.655,161.63,6.902,1901,7925.6,0,0
4,115.07,2.661,161.63,6.902,1901,7945.0,0,0
4,114.7,2.673,161.63,6.902,1901,7964.5,0,0
4,114.46,2.691,161.63,6.902,1901,7983.9,0,0
4,114.34,2.713,161.63,6.902,1901,8003.3,0,0
4,114.35,2.738,161.63,6.902,1901,8022.7,0,0
4,114.5,2.764,161.63,6.902,1901,8042.2,0,0
4,110.87,2.873,168.9,6.564,1876,8061.6,0,0
4,111.25,2.899,168.9,6.564,1876,8081.0,0,0
4,111.72,2.921,168.9,6.564,1876,8100.4,0,0
4,112.28,2.94,168.9,6.564,1876,8119.9,0,0
4,112.89,2.952,168.9,6.564,1876,8139.3,0,0
4,113.54,2.959,168.9,6.564,1876,8158.7,0,0
4,114.2,2.959,168.9,6.564,1876,8178.1,0,0
4,110.82,3.084,176.5,6.885,1901,8197.6,0,0
4,111.41,3.07,176.5,6.885,1901,8217.0,0,0
4,111.94,3.051,176.5,6.885,1901,8236.4,0,0
4,112.4,3.027,176.5,6.885,1901,8255.8,0,0
4,112.76,3.0,176.5,6.885,1901,8275.3,0,0
4,108.89,3.083,184.44,7.223,1876,8294.7,0,0
4,109.02,2.907,179.29,6.869,1851,8314.1,0,0
4,109.03,3.019,187.36,7.205,1826,8333.6,0,0
4,108.92,2.851,178.93,6.852,1801,8353.0,0,0
4,108.69,2.968,170.87,7.188,1776,8372.4,0,0
4,104.26,2.813,163.19,7.54,1801,8391.8,0,0
4,103.85,2.672,155.84,7.171,1826,8411.3,0,0
4,103.37,2.801,148.83,7.522,1801,8430.7,0,0
4,102.83,2.673,155.53,7.891,1776,8450.1,0,0
4,102.25,2.557,148.53,7.873,1801,8469.5,0,0
4,101.66,2.451,155.21,8.258,1826,8489.0,0,0
4,101.07,2.59,159.04,8.663,1851,8508.4,0,0
4,100.52,2.74,166.19,9.088,1826,8527.8,0,0
4,100.01,2.634,158.71,8.642,1801,8547.2,0,0
4,99.58,2.531,156.3,8.219,1826,8566.7,0,0
4,101.29,2.431,163.33,8.621,1851,8586.1,0,0
4,104.92,2.567,155.98,8.199,1876,8605.5,0,0
4,104.77,2.707,163.0,7.797,1901,8624.9,0,0
4,104.74,2.848,170.33,7.415,1876,8644.4,0,0
4,104.83,2.717,162.67,7.052,1851,8663.8,0,0
4,105.04,2.586,168.36,7.397,1876,8683.2,0,0
4,105.36,2.455,175.93,7.76,1901,8702.6,0,0
4,105.78,2.561,183.85,7.38,1926,8722.1,0,0
4,106.28,2.667,192.12,7.741,1901,8741.5,0,0
4,106.84,2.518,200.77,8.121,1876,8760.9,0,0
4,103.47,2.615,191.74,8.518,1851,8780.3,0,0
4,104.07,2.59,191.74,8.518,1851,8799.8,0,0
4,104.67,2.566,191.74,8.518,1851,8819.2,0,0
4,105.25,2.542,191.74,8.518,1851,8838.6,0,0
4,105.77,2.522,191.74,8.518,1851,8858.0,0,0
4,106.23,2.507,191.74,8.518,1851,8877.5,0,0
4,106.6,2.496,191.74,8.518,1851,8896.9,0,0
4,106.88,2.491,191.74,8.518,1851,8916.3,0,0
4,107.04,2.492,191.74,8.518,1851,8935.7,0,0
4,102.97,2.62,200.36,8.936,1861,8955.2,0,0
4,102.9,2.633,200.36,8.936,1861,8974.6,0,0
4,102.73,2.652,200.36,8.936,1861,8994.0,0,0
4,102.45,2.674,200.36,8.936,1861,9013.4,0,0
4,102.08,2.699,200.36,8.936,1861,9032.9,0,0
4,105.69,2.856,203.46,9.374,1836,9052.3,0,0
4,105.15,3.022,212.61,9.833,1861,9071.7,0,0
4,104.58,2.902,203.04,9.351,1836,9091.1,0,0
4,103.97,3.064,193.91,8.893,1861,9110.6,0,0
4,103.37,2.934,202.63,8.457,1886,9130.0,0,0
4,102.79,3.086,204.12,8.134,1861,9149.4,0,0
4,102.26,3.24,194.93,7.735,1836,9168.8,0,0
4,101.79,3.083,186.16,7.356,1861,9188.3,0,0
4,97.5,2.926,177.78,7.716,1886,9207.7,0,0
4,97.22,2.772,185.78,8.095,1911,9227.1,0,0
4,97.04,2.622,177.42,7.698,1936,9246.6,0,0
4,96.97,2.725,185.41,8.075,1911,9266.0,0,0
4,97.02,2.722,177.06,7.679,1886,9285.4,0,0
4,97.18,2.567,185.03,8.056,1911,9304.8,0,0
4,97.44,2.42,193.36,8.45,1936,9324.3,0,0
4,97.8,2.514,202.06,8.865,1961,9343.7,0,0
4,98.24,2.375,211.15,9.299,1936,9363.1,0,0
4,98.74,2.474,220.65,9.755,1961,9382.5,0,0
4,99.29,2.582,220.56,9.277,1986,9402.0,0,0
4,95.87,2.702,230.48,9.731,2011,9421.4,0,0
4,96.43,2.574,240.85,10.208,2036,9440.8,0,0
4,96.97,2.458,251.69,10.708,2011,9460.2,0,0
4,97.47,2.59,240.37,11.233,1986,9479.7,0,0
4,97.92,2.484,229.55,10.682,2011,9499.1,0,0
4,98.29,2.624,239.88,11.206,1986,9518.5,0,0
4,98.58,2.54,229.09,10.657,1961,9537.9,0,0
4,102.88,2.688,239.39,10.135,1936,9557.4,0,0
4,102.97,2.583,229.09,10.631,1911,9576.8,0,0
4,102.94,2.48,234.07,10.11,1886,9596.2,0,0
4,102.8,2.378,244.61,10.606,1911,9615.6,0,0
4,102.56,2.506,233.6,11.125,1936,9635.1,0,0
4,102.21,2.636,236.32,11.67,1961,9654.5,0,0
4,101.79,2.766,246.95,11.099,1936,9673.9,0,0
4,101.29,2.631,235.84,11.642,1961,9693.3,0,0
4,100.75,2.749,225.23,11.072,1936,9712.8,0,0
4,104.18,2.866,215.09,10.529,1961,9732.2,0,0
4,99.59,2.914,205.41,10.013,1986,9751.6,0,0
4,95.06,2.751,196.17,9.523,1961,9771.0,0,0
4,98.49,2.856,204.99,9.056,1936,9790.5,0,0
4,101.94,2.916,214.22,9.5,1961,9809.9,0,0
4,105.43,2.749,204.58,9.034,1986,9829.3,0,0
4,105.09,2.856,213.79,9.477,2011,9848.7,0,0
4,104.86,2.96,204.17,9.013,1986,9868.2,0,0
4,104.74,2.801,213.35,8.571,1961,9887.6,0,0
4,94.28,2.047,203.75,8.991,1986,9907.0,1,0
4,104.88,2.921,203.75,8.991,1986,9926.4,0,0
4,105.13,2.924,203.75,8.991,1986,9945.9,0,0
4,105.48,2.934,203.75,8.991,1986,9965.3,0,0
4,105.93,2.951,203.75,8.991,1986,9984.7,0,0
4,106.45,2.973,203.75,8.991,1986,10004.1,0,0
4,107.03,2.999,203.75,8.991,1986,10023.6,0,0
4,103.66,3.173,212.92,9.432,2011,10043.0,0,0
4,104.26,3.05,222.5,9.894,2036,10062.4,0,0
4,104.86,3.226,232.52,10.379,2011,10081.8,0,0
4,105.42,3.41,222.05,9.87,1986,10101.3,0,0
4,105.92,3.269,212.06,9.386,2011,10120.7,0,0
4,102.26,3.444,202.52,8.927,1986,10140.1,0,0
4,102.59,3.621,193.4,8.489,2011,10159.6,0,0
4,102.83,3.799,202.11,8.073,1998,10179.0,0,0
4,102.95,3.613,193.01,8.469,2023,10198.4,0,0
4,102.96,3.428,201.7,8.884,2048,10217.8,0,0
4,102.86,3.246,192.62,8.593,2073,10237.3,0,0
4,102.65,3.068,201.29,8.171,2098,10256.7,0,0
4,106.44,2.896,192.23,7.771,2073,10276.1,0,0
4,101.94,3.007,183.58,8.152,2048,10295.5,0,0
4,101.47,2.835,191.84,8.551,2023,10315.0,0,0
4,100.94,2.943,183.21,8.97,1998,10334.4,0,0
4,100.37,2.778,174.96,8.531,1973,10353.8,0,0
4,99.79,2.625,182.84,8.949,1948,10373.2,0,0
4,99.22,2.485,191.07,9.387,1923,10392.7,0,0
4,102.62,2.596,199.66,9.847,1898,10412.1,0,0
4,102.1,2.717,190.68,9.802,1885,10431.5,0,0
4,121.74,3.612,162.1,7.322,1860,10450.9,0,1
4,101.3,2.725,190.29,9.779,1885,10470.4,0,0
4,101.04,2.609,198.86,9.3,1860,10489.8,0,0
4,100.89,2.756,207.8,9.252,1885,10509.2,0,0
4,96.98,2.913,198.45,8.928,1910,10528.6,0,0
4,97.06,2.941,198.45,8.928,1910,10548.1,0,0
4,97.25,2.97,198.45,8.928,1910,10567.5,0,0
4,97.54,2.998,198.45,8.928,1910,10586.9,0,0
4,97.93,3.023,198.45,8.928,1910,10606.3,0,0
4,98.39,3.043,198.45,8.928,1910,10625.8,0,0
4,98.91,3.059,198.45,8.928,1910,10645.2,0,0
4,99.47,3.068,198.45,8.928,1910,10664.6,0,0
4,100.05,3.071,198.45,8.928,1910,10684.0,0,0
4,99.62,2.919,189.52,9.311,1935,10703.5,0,0
4,100.17,2.769,198.05,9.66,1910,10722.9,0,0
4,100.67,2.886,196.71,10.134,1885,10742.3,0,0
4,101.11,2.727,187.86,9.637,1910,10761.7,0,0
4,101.47,2.672,179.41,10.109,1885,10781.2,0,0
4,101.73,2.52,172.4,9.614,1860,10800.6,0,0
4,101.89,2.615,164.65,9.143,1835,10820.0,0,0
4,101.94,2.715,172.06,9.591,1860,10839.4,0,0
4,101.88,2.821,164.31,9.121,1885,10858.9,0,0
4,97.6,2.667,171.71,9.568,1860,10878.3,0,0
4,97.34,2.525,163.98,9.099,1885,10897.7,0,0
4,96.98,2.638,156.6,8.653,1910,10917.1,0,0
4,96.56,2.763,163.65,9.077,1935,10936.6,0,0
4,96.07,2.635,171.01,8.632,1910,10956.0,0,0
4,95.54,2.518,178.71,8.209,1935,10975.4,0,0
4,94.99,2.412,176.0,7.807,1910,10994.8,0,0
4,94.44,2.548,183.92,8.19,1935,11014.3,0,0
4,93.91,2.694,175.64,8.591,1910,11033.7,0,0
4,93.42,2.85,167.74,9.012,1935,11053.1,0,0
4,92.99,2.74,175.29,9.453,1960,11072.6,0,0
4,92.63,2.853,167.4,8.99,1961,11092.0,0,0
4,92.36,3.014,174.93,8.55,1986,11111.4,0,0
4,92.19,2.889,167.06,8.131,1961,11130.8,0,0
4,92.12,2.763,174.58,8.529,1986,11150.3,0,0
4,92.16,2.904,182.43,8.947,1961,11169.7,0,0
4,92.31,2.766,174.22,8.552,1986,11189.1,0,0
4,92.56,2.629,166.38,8.133,1961,11208.5,0,0
4,92.89,2.744,173.87,7.735,1936,11228.0,0,0
4,97.24,2.859,181.7,8.114,1961,11247.4,0,0
4,101.69,2.974,189.87,8.511,1986,11266.8,0,0
4,106.22,3.09,181.33,8.094,1961,11286.2,0,0
4,102.85,3.208,173.17,7.698,1979,11305.7,0,0
4,103.44,3.177,173.17,7.698,1979,11325.1,0,0
4,104.02,3.147,173.17,7.698,1979,11344.5,0,0
4,104.56,3.121,173.17,7.698,1979,11363.9,0,0
4,105.05,3.099,173.17,7.698,1979,11383.4,0,0
4,105.45,3.084,173.17,7.698,1979,11402.8,0,0
4,105.76,3.075,173.17,7.698,1979,11422.2,0,0
4,110.08,2.926,180.96,7.321,2004,11441.6,0,0
4,106.06,2.791,189.1,7.679,2029,11461.1,0,0
4,110.15,2.938,180.59,8.056,2054,11480.5,0,0
4,105.89,3.098,172.47,7.968,2029,11499.9,0,0
4,105.64,2.973,180.23,7.577,2004,11519.3,0,0
4,105.29,3.144,188.34,7.949,1979,11538.8,0,0
4,104.86,3.327,179.86,7.654,1954,11558.2,0,0
4,104.35,3.198,171.77,8.03,1929,11577.6,0,0
4,103.79,3.072,164.04,7.636,1904,11597.0,0,0
4,103.2,2.998,156.66,7.262,1929,11616.5,0,0
4,106.59,3.162,163.71,7.618,1904,11635.9,0,0
4,105.98,3.329,171.08,7.244,1929,11655.3,0,0
4,105.41,3.498,178.77,7.599,1954,11674.7,0,0
4,104.9,3.331,177.95,7.972,1979,11694.2,0,0
4,104.46,3.165,185.95,7.643,1954,11713.6,0,0
4,104.12,3.303,177.58,7.268,1979,11733.0,0,0
4,103.89,3.125,169.59,6.912,1954,11752.4,0,0
4,103.78,2.952,177.23,7.251,1979,11771.9,0,0
4,103.78,2.786,185.2,7.606,2004,11791.3,0,0
4,100.02,2.627,193.53,7.979,1979,11810.7,0,0
4,100.25,2.727,202.24,7.588,1954,11830.1,0,0
4,100.58,2.572,211.34,7.96,1979,11849.6,0,0
4,101.0,2.673,220.85,7.57,1997,11869.0,0,0
4,101.5,2.783,230.79,7.941,2022,11888.4,0,0
4,102.05,2.636,241.18,8.33,1997,11907.8,0,0
4,102.64,2.63,241.18,8.33,1997,11927.3,0,0
4,103.24,2.629,241.18,8.33,1997,11946.7,0,0
4,103.83,2.635,241.18,8.33,1997,11966.1,0,0
4,104.38,2.647,241.18,8.33,1997,11985.5,0,0
4,104.89,2.665,241.18,8.33,1997,12005.0,0,0
4,105.32,2.687,241.18,8.33,1997,12024.4,0,0
4,105.66,2.711,241.18,8.33,1997,12043.8,0,0
4,101.79,2.606,230.33,8.738,2022,12063.3,0,0
4,101.92,2.535,225.31,9.166,2047,12082.7,0,0
4,101.93,2.435,215.17,9.615,2022,12102.1,0,0
4,101.84,2.362,207.79,9.144,1997,12121.5,0,0
4,101.63,2.397,212.92,8.696,1972,12141.0,0,0
4,101.33,2.354,222.5,9.122,1947,12160.4,0,0
4,100.94,2.473,232.51,9.569,1972,12179.8,0,0
4,100.47,2.591,242.97,10.038,1997,12199.2,0,0
4,103.99,2.71,232.04,9.546,1972,12218.7,0,0
4,103.41,2.827,221.6,10.014,1997,12238.1,0,0
4,102.81,2.944,211.63,10.505,1972,12257.5,0,0
4,102.22,2.781,202.1,9.99,1997,12276.9,0,0
4,101.65,2.624,211.2,9.5,2022,12296.4,0,0
4,97.21,2.474,201.69,9.035,1997,12315.8,0,0
4,96.78,2.333,210.77,9.478,1972,12335.2,0,0
4,96.43,2.423,220.25,9.942,1947,12354.6,0,0
4,86.57,1.601,230.17,10.429,1922,12374.1,1,0
4,96.04,2.273,230.17,10.429,1922,12393.5,0,0
4,96.0,2.263,230.17,10.429,1922,12412.9,0,0
4,96.08,2.258,230.17,10.429,1922,12432.3,0,0
4,96.27,2.258,230.17,10.429,1922,12451.8,0,0
4,96.55,2.264,230.17,10.429,1922,12471.2,0,0
4,96.93,2.275,230.17,10.429,1922,12490.6,0,0
4,101.32,2.181,219.81,10.94,1947,12510.0,0,0
4,97.9,2.304,229.7,11.476,1922,12529.5,0,0
4,102.43,2.214,219.36,10.914,1947,12548.9,0,0
4,103.03,2.343,209.49,10.379,1972,12568.3,0,0
4,103.63,2.479,200.07,9.871,1997,12587.7,0,0
4,104.2,2.381,209.07,9.871,2022,12607.2,0,0
4,104.72,2.284,218.48,10.355,1997,12626.6,0,0
4,105.18,2.408,228.31,9.848,2022,12646.0,0,0
4,105.55,2.302,218.03,9.365,2047,12665.4,0,0
4,105.83,2.417,208.22,8.906,2022,12684.9,0,0
4,110.12,2.532,198.85,8.47,2047,12704.3,0,0
4,114.3,2.405,189.9,8.483,2022,12723.7,0,0
4,114.24,2.508,181.36,8.067,1997,12743.1,0,0
4,114.05,2.373,173.2,7.672,1972,12762.6,0,0
4,113.75,2.467,180.99,8.048,1997,12782.0,0,0
4,113.34,2.562,189.14,8.442,2022,12801.4,0,0
4,108.77,2.415,184.94,8.856,1997,12820.8,0,0
4,104.18,2.507,193.27,8.422,1972,12840.3,0,0
4,99.59,2.446,201.96,8.009,1973,12859.7,0,0
4,99.01,2.544,192.87,7.617,1998,12879.1,0,0
4,98.44,2.649,193.89,7.99,1973,12898.5,0,0
4,97.89,2.573,185.17,7.598,1948,12918.0,0,0
4,97.37,2.45,193.5,7.971,1923,12937.4,0,0
4,96.92,2.569,202.2,7.586,1898,12956.8,0,0
4,96.54,2.7,211.3,7.958,1923,12976.3,0,0
4,96.26,2.844,201.8,7.568,1948,12995.7,0,0
4,96.08,2.726,210.88,7.939,1923,13015.1,0,0
4,99.88,2.881,218.22,8.328,1925,13034.5,0,0
4,99.92,2.769,208.4,7.92,1900,13054.0,0,0
4,100.08,2.93,199.03,8.308,1925,13073.4,0,0
4,100.34,2.816,190.07,8.715,1900,13092.8,0,0
4,100.7,2.704,181.52,9.142,1875,13112.2,0,0
4,101.15,2.855,189.68,8.694,1850,13131.7,0,0
4,105.62,2.734,181.15,8.268,1825,13151.1,0,0
4,106.2,2.744,181.15,8.268,1825,13170.5,0,0
4,106.82,2.749,181.15,8.268,1825,13189.9,0,0
4,107.44,2.747,181.15,8.268,1825,13209.4,0,0
4,108.04,2.74,181.15,8.268,1825,13228.8,0,0
4,108.61,2.726,181.15,8.268,1825,13248.2,0,0
4,113.19,2.578,179.43,7.863,1850,13267.6,0,0
4,113.63,2.68,171.72,7.478,1825,13287.1,0,0
4,113.96,2.783,164.0,7.111,1850,13306.5,0,0
4,114.19,2.889,171.38,6.763,1825,13325.9,0,0
4,114.29,2.998,163.66,6.431,1800,13345.3,0,0
4,114.27,3.114,168.89,6.116,1775,13364.8,0,0
4,114.13,3.239,161.29,6.416,1800,13384.2,0,0
4,117.97,3.374,154.03,6.73,1825,13403.6,0,0
4,113.49,3.199,160.96,7.06,1830,13423.0,0,0
4,113.02,3.04,153.72,6.714,1805,13442.5,0,0
4,112.48,2.897,160.63,6.385,1780,13461.9,0,0
4,111.88,3.045,165.92,6.072,1805,13481.3,0,0
4,111.24,2.915,158.46,6.37,1830,13500.7,0,0
4,110.6,2.795,165.59,6.682,1855,13520.2,0,0
4,109.96,2.954,173.04,7.009,1830,13539.6,0,0
4,109.37,3.125,180.82,7.353,1855,13559.0,0,0
4,104.91,3.004,172.69,6.992,1880,13578.4,0,0
4,100.57,3.178,175.54,7.083,1855,13597.9,0,0
4,100.24,3.205,175.54,7.083,1855,13617.3,0,0
4,100.01,3.229,175.54,7.083,1855,13636.7,0,0
4,99.9,3.247,175.54,7.083,1855,13656.1,0,0
4,99.9,3.259,175.54,7.083,1855,13675.6,0,0
4,100.01,3.263,175.54,7.083,1855,13695.0,0,0
4,100.24,3.26,175.54,7.083,1855,13714.4,0,0
4,104.47,3.094,183.44,7.43,1830,13733.8,0,0
4,104.91,2.931,175.19,7.066,1855,13753.3,0,0
4,105.42,2.771,167.3,6.719,1848,13772.7,0,0
4,106.0,2.638,174.83,7.049,1873,13792.1,0,0
4,106.6,2.739,166.96,6.703,1848,13811.5,0,0
4,107.23,2.843,174.48,7.032,1873,13831.0,0,0
4,107.84,2.688,182.33,6.687,1848,13850.4,0,0
4,108.42,2.555,190.53,7.015,1823,13869.8,0,0
4,108.94,2.657,181.96,6.671,1848,13889.3,0,0
4,113.49,2.515,173.77,6.344,1873,13908.7,0,0
4,113.86,2.626,165.95,6.655,1886,13928.1,0,0
4,114.13,2.748,173.42,6.329,1885,13947.5,0,0
4,114.27,2.883,181.22,6.019,1860,13967.0,0,0
4,114.29,3.032,184.55,6.314,1885,13986.4,0,0
4,114.19,2.903,176.25,6.004,1910,14005.8,0,0
4,113.97,2.784,168.32,6.299,1885,14025.2,0,0
4,109.53,2.673,175.89,6.021,1886,14044.7,0,0
4,105.03,2.732,183.81,6.316,1861,14064.1,0,0
4,104.55,2.758,183.81,6.316,1861,14083.5,0,0
4,104.01,2.784,183.81,6.316,1861,14102.9,0,0
4,103.43,2.808,183.81,6.316,1861,14122.4,0,0
4,102.83,2.828,183.81,6.316,1861,14141.8,0,0
4,102.24,2.843,183.81,6.316,1861,14161.2,0,0
4,101.67,2.852,183.81,6.316,1861,14180.6,0,0
4,101.15,2.856,183.81,6.316,1861,14200.1,0,0
4,100.71,2.852,183.81,6.316,1861,14219.5,0,0
4,100.34,2.843,183.81,6.316,1861,14238.9,0,0
4,100.08,2.828,183.81,6.316,1861,14258.3,0,0
4,99.92,2.808,183.81,6.316,1861,14277.8,0,0
4,99.88,2.784,183.81,6.316,1861,14297.2,0,0
4,99.96,2.758,183.81,6.316,1861,14316.6,0,0
4,100.15,2.731,183.81,6.316,1861,14336.0,0,0
4,100.44,2.706,183.81,6.316,1861,14355.5,0,0
4,100.83,2.682,183.81,6.316,1861,14374.9,0,0
4,101.3,2.663,183.81,6.316,1861,14394.3,0,0
4,101.84,2.648,183.81,6.316,1861,14413.7,0,0
4,102.41,2.639,183.81,6.316,1861,14433.2,0,0
4,103.01,2.636,183.81,6.316,1861,14452.6,0,0
4,103.61,2.64,183.81,6.316,1861,14472.0,0,0
4,100.13,2.522,175.54,6.625,1836,14491.4,0,0
4,100.26,2.415,183.44,6.95,1811,14510.9,0,0
4,104.78,2.55,175.18,6.609,1786,14530.3,0,0
4,105.16,2.573,175.18,6.609,1786,14549.7,0,0
4,105.44,2.598,175.18,6.609,1786,14569.1,0,0
4,105.62,2.623,175.18,6.609,1786,14588.6,0,0
4,105.68,2.647,175.18,6.609,1786,14608.0,0,0
4,105.62,2.669,175.18,6.609,1786,14627.4,0,0
4,105.45,2.688,175.18,6.609,1786,14646.8,0,0
4,109.28,2.572,167.3,6.286,1761,14666.3,0,0
4,108.89,2.456,159.77,6.422,1753,14685.7,0,0
4,108.41,2.576,166.96,6.736,1778,14705.1,0,0
4,107.87,2.449,159.45,7.066,1753,14724.5,0,0
4,107.28,2.323,166.62,7.413,1728,14744.0,0,0
4,102.66,2.421,174.12,7.776,1703,14763.4,0,0
4,106.05,2.519,179.48,7.395,1678,14782.8,0,0
4,105.45,2.617,187.56,7.032,1703,14802.3,0,0
4,104.89,2.468,196.0,7.377,1678,14821.7,0,0
4,104.4,2.327,204.82,7.22,1658,14841.1,0,0
4,93.6,1.691,204.19,7.574,1633,14860.5,1,0
4,103.69,2.395,204.19,7.574,1633,14880.0,0,0
4,103.49,2.378,204.19,7.574,1633,14899.4,0,0
4,103.4,2.365,204.19,7.574,1633,14918.8,0,0
4,103.44,2.358,204.19,7.574,1633,14938.2,0,0
4,103.6,2.356,204.19,7.574,1633,14957.7,0,0
4,103.86,2.36,204.19,7.574,1633,14977.1,0,0
4,105.0,2.256,213.38,7.945,1658,14996.5,0,0
4,101.53,2.379,222.98,8.334,1683,15015.9,0,0
4,102.05,2.397,222.98,8.334,1683,15035.4,0,0
4,102.61,2.419,222.98,8.334,1683,15054.8,0,0
4,103.21,2.442,222.98,8.334,1683,15074.2,0,0
4,103.81,2.466,222.98,8.334,1683,15093.6,0,0
4,104.39,2.488,222.98,8.334,1683,15113.1,0,0
4,104.94,2.509,222.98,8.334,1683,15132.5,0,0
4,109.51,2.404,212.95,7.926,1708,15151.9,0,0
4,105.84,2.532,222.53,7.538,1683,15171.3,0,0
4,106.16,2.417,232.55,7.168,1658,15190.8,0,0
4,106.37,2.535,225.21,7.519,1683,15210.2,0,0
4,106.47,2.409,235.35,7.151,1658,15229.6,0,0
4,106.45,2.515,224.76,7.501,1683,15249.0,0,0
4,106.32,2.38,214.64,7.869,1658,15268.5,0,0
4,106.08,2.476,224.3,7.483,1683,15287.9,0,0
4,105.74,2.337,234.39,7.117,1658,15307.3,0,0
4,105.3,2.203,223.85,6.768,1683,15326.7,0,0
4,108.85,2.077,213.77,6.436,1708,15346.2,0,0
4,104.24,2.157,204.15,6.121,1683,15365.6,0,0
4,107.66,2.241,213.34,6.421,1708,15385.0,0,0
4,107.03,2.119,222.94,6.106,1733,15404.4,0,0
4,106.42,2.21,225.19,6.405,1758,15423.9,0,0
4,105.85,2.309,215.06,6.719,1783,15443.3,0,0
4,105.33,2.419,205.38,6.39,1808,15462.7,0,0
4,104.89,2.307,196.14,6.077,1783,15482.1,0,0
4,104.54,2.206,187.31,5.779,1808,15501.6,0,0
4,104.3,2.326,195.74,6.062,1833,15521.0,0,0
4,104.17,2.232,186.93,6.359,1858,15540.4,0,0
4,108.05,2.361,178.52,6.148,1833,15559.8,0,0
4,108.17,2.269,182.4,6.449,1817,15579.3,0,0
4,108.41,2.181,190.6,6.765,1792,15598.7,0,0
4,108.76,2.095,182.03,6.433,1817,15618.1,0,0
4,109.21,2.214,173.84,6.749,1842,15637.5,0,0
4,109.75,2.335,181.66,7.079,1817,15657.0,0,0
4,110.34,2.233,173.48,6.732,1792,15676.4,0,0
4,110.97,2.346,180.74,7.062,1817,15695.8,0,0
4,111.62,2.46,188.87,7.408,1792,15715.3,0,0
4,112.26,2.337,180.37,7.045,1817,15734.7,0,0
4,112.86,2.333,188.49,7.39,1792,15754.1,0,0
4,113.41,2.208,181.22,7.028,1778,15773.5,0,0
4,113.89,2.296,173.06,6.684,1763,15793.0,0,0
4,114.26,2.167,180.85,7.011,1788,15812.4,0,0
4,114.53,2.249,172.71,7.212,1813,15831.8,0,0
4,114.69,2.334,164.94,7.565,1838,15851.2,0,0
4,114.71,2.336,172.36,7.194,1863,15870.7,0,0
4,114.61,2.206,164.6,7.483,1838,15890.1,0,0
4,114.39,2.212,172.01,7.117,1863,15909.5,0,0
4,114.06,2.096,179.75,7.465,1888,15928.9,0,0
4,109.54,2.191,187.84,7.831,1913,15948.4,0,0
4,113.1,2.296,196.29,8.215,1938,15967.8,0,0
4,112.52,2.301,196.29,8.215,1938,15987.2,0,0
4,111.89,2.311,196.29,8.215,1938,16006.6,0,0
4,111.24,2.327,196.29,8.215,1938,16026.1,0,0
4,110.6,2.346,196.29,8.215,1938,16045.5,0,0
4,109.99,2.367,196.29,8.215,1938,16064.9,0,0
4,109.43,2.39,196.29,8.215,1938,16084.3,0,0
4,108.94,2.413,196.29,8.215,1938,16103.8,0,0
4,108.55,2.552,187.46,7.812,1963,16123.2,0,0
4,108.26,2.53,195.9,8.195,1988,16142.6,0,0
4,108.08,2.444,204.71,8.403,2013,16162.0,0,0
4,108.04,2.573,195.5,8.815,1988,16181.5,0,0
4,108.11,2.455,204.3,8.383,1963,16200.9,0,0
4,112.2,2.337,195.1,7.973,1938,16220.3,0,0
4,112.53,2.332,195.1,7.973,1938,16239.7,0,0
4,112.96,2.322,195.1,7.973,1938,16259.2,0,0
4,113.49,2.307,195.1,7.973,1938,16278.6,0,0
4,114.08,2.289,195.1,7.973,1938,16298.0,0,0
4,114.73,2.269,195.1,7.973,1938,16317.4,0,0
4,115.4,2.247,195.1,7.973,1938,16336.9,0,0
4,116.06,2.226,195.1,7.973,1938,16356.3,0,0
4,112.66,2.1,203.88,8.363,1913,16375.7,0,0
4,113.23,2.055,213.06,7.953,1888,16395.1,0,0
4,113.73,1.944,222.65,7.564,1863,16414.6,0,0
4,114.15,2.028,232.67,7.934,1877,16434.0,0,0
4,114.45,2.121,222.2,8.323,1902,16453.4,0,0
4,118.77,2.223,212.2,7.915,1927,16472.8,0,0
4,114.72,2.335,221.75,8.303,1902,16492.3,0,0
4,114.66,2.395,211.77,7.896,1927,16511.7,0,0
4,114.48,2.527,202.24,8.283,1902,16531.1,0,0
4,114.19,2.426,211.34,8.689,1877,16550.5,0,0
4,113.78,2.566,201.83,8.263,1902,16570.0,0,0
4,113.29,2.466,192.75,7.858,1877,16589.4,0,0
4,112.73,2.609,201.42,8.243,1852,16608.8,0,0
4,116.14,2.759,192.36,7.839,1877,16628.3,0,0
4,111.47,2.91,201.01,8.224,1852,16647.7,0,0
4,106.84,3.068,191.97,7.821,1877,16667.1,0,0
4,106.24,3.228,200.6,8.204,1902,16686.5,0,0
4,105.68,3.39,191.58,8.04,1877,16706.0,0,0
4,105.18,3.226,182.96,7.646,1902,16725.4,0,0
4,104.77,3.064,174.72,7.271,1877,16744.8,0,0
4,100.56,3.196,166.86,7.627,1902,16764.2,0,0
4,104.25,3.177,174.37,7.254,1877,16783.7,0,0
4,100.28,3.303,182.22,7.609,1852,16803.1,0,0
4,104.19,3.43,174.02,7.236,1850,16822.5,0,0
4,100.46,3.527,181.85,6.882,1875,16841.9,0,0
4,100.71,3.325,173.66,6.544,1850,16861.4,0,0
4,101.07,3.267,181.48,6.865,1825,16880.8,0,0
4,101.51,3.085,189.65,7.201,1800,16900.2,0,0
4,102.03,3.213,193.31,7.554,1825,16919.6,0,0
4,102.59,3.046,202.01,7.924,1800,16939.1,0,0
4,103.19,2.894,211.1,7.536,1825,16958.5,0,0
4,103.79,2.756,220.57,7.905,1850,16977.9,0,0
4,104.37,2.631,230.5,8.293,1870,16997.3,0,0
4,108.98,2.772,240.87,7.886,1845,17016.8,0,0
4,106.73,2.657,230.03,8.273,1820,17036.2,0,0
4,107.15,2.808,240.38,8.678,1845,17055.6,0,0
4,107.48,2.698,251.2,8.253,1870,17075.0,0,0
4,107.7,2.594,239.9,8.578,1895,17094.5,0,0
4,107.8,2.738,250.69,8.157,1870,17113.9,0,0
4,107.79,2.762,250.69,8.157,1870,17133.3,0,0
4,107.66,2.783,250.69,8.157,1870,17152.7,0,0
4,107.42,2.799,250.69,8.157,1870,17172.2,0,0
4,107.08,2.81,250.69,8.157,1870,17191.6,0,0
4,106.64,2.814,250.69,8.157,1870,17211.0,0,0
4,106.13,2.813,250.69,8.157,1870,17230.4,0,0
4,101.53,2.693,239.41,7.758,1845,17249.9,0,0
4,97.88,2.809,228.64,7.378,1870,17269.3,0,0
4,97.31,2.924,218.35,7.016,1895,17288.7,0,0
4,96.76,2.761,208.52,7.36,1920,17308.1,0,0
4,86.61,1.823,199.14,7.72,1945,17327.6,1,0
4,95.76,2.58,199.14,7.72,1945,17347.0,0,0
4,95.35,2.555,199.14,7.72,1945,17366.4,0,0
4,95.03,2.532,199.14,7.72,1945,17385.8,0,0
4,94.81,2.513,199.14,7.72,1945,17405.3,0,0
4,94.69,2.497,199.14,7.72,1945,17424.7,0,0
4,94.69,2.487,199.14,7.72,1945,17444.1,0,0
4,93.01,2.602,208.1,8.099,1970,17463.5,0,0
4,97.11,2.729,198.74,8.496,1972,17483.0,0,0
4,97.42,2.607,201.97,8.912,1997,17502.4,0,0
4,97.82,2.495,192.88,8.475,1972,17521.8,0,0
4,98.3,2.392,191.49,8.733,1997,17541.3,0,0
4,98.83,2.528,182.87,9.161,2022,17560.7,0,0
4,95.41,2.43,191.1,9.61,1997,17580.1,0,0
4,95.97,2.453,191.1,9.61,1997,17599.5,0,0
4,96.52,2.477,191.1,9.61,1997,17619.0,0,0
4,97.04,2.498,191.1,9.61,1997,17638.4,0,0
4,97.51,2.516,191.1,9.61,1997,17657.8,0,0
4,97.92,2.53,191.1,9.61,1997,17677.2,0,0
4,98.25,2.54,191.1,9.61,1997,17696.7,0,0
4,102.6,2.665,199.7,9.139,1972,17716.1,0,0
4,106.86,2.791,190.71,8.691,1947,17735.5,0,0
4,106.89,2.916,182.13,8.265,1972,17754.9,0,0
4,106.8,3.04,173.93,8.352,1997,17774.4,0,0
4,106.6,3.164,181.76,8.761,2022,17793.8,0,0
4,106.29,2.988,173.58,8.332,1997,17813.2,0,0
4,105.89,2.818,165.77,8.74,1972,17832.6,0,0
4,105.41,2.679,173.23,9.169,1947,17852.1,0,0
4,108.9,2.781,165.44,8.719,1922,17871.5,0,0
4,108.3,2.757,165.44,8.719,1922,17890.9,0,0
4,107.67,2.736,165.44,8.719,1922,17910.3,0,0
4,107.05,2.72,165.44,8.719,1922,17929.8,0,0
4,106.46,2.71,165.44,8.719,1922,17949.2,0,0
4,109.84,2.576,157.99,8.292,1897,17968.6,0,0
4,109.35,2.455,165.1,8.698,1872,17988.0,0,0
4,108.95,2.582,172.53,9.125,1897,18007.5,0,0
4,108.65,2.715,164.77,8.678,1872,18026.9,0,0
4,108.48,2.866,157.35,9.103,1897,18046.3,0,0
4,108.42,2.753,164.43,9.549,1922,18065.7,0,0
4,108.5,2.912,171.83,10.017,1947,18085.2,0,0
4,108.69,3.053,179.56,10.447,1972,18104.6,0,0
4,109.01,2.933,171.48,9.935,1947,18124.0,0,0
4,109.42,3.1,179.2,10.422,1922,18143.4,0,0
4,109.93,2.972,187.26,10.932,1947,18162.9,0,0
4,110.5,2.929,178.84,11.468,1922,18182.3,0,0
4,115.1,2.798,186.89,12.03,1947,18201.7,0,0
4,115.77,2.935,178.48,11.44,1922,18221.1,0,0
4,116.44,2.791,170.44,10.88,1897,18240.6,0,0
4,117.09,2.649,162.77,10.347,1922,18260.0,0,0
4,117.69,2.616,155.45,9.84,1947,18279.4,0,0
4,118.21,2.472,162.44,10.312,1922,18298.8,0,0
4,118.64,2.334,155.13,9.807,1897,18318.3,0,0
4,118.97,2.201,148.15,9.327,1872,18337.7,0,0
4,119.17,2.285,154.82,8.87,1847,18357.1,0,0
4,119.25,2.372,161.79,9.304,1822,18376.5,0,0
4,119.2,2.238,169.07,8.848,1847,18396.0,0,0
4,123.13,2.329,176.68,9.282,1872,18415.4,0,0
4,122.81,2.316,176.68,9.282,1872,18434.8,0,0
4,122.38,2.308,176.68,9.282,1872,18454.3,0,0
4,121.86,2.305,176.68,9.282,1872,18473.7,0,0
4,121.25,2.308,176.68,9.282,1872,18493.1,0,0
4,120.59,2.317,176.68,9.282,1872,18512.5,0,0
4,119.9,2.33,176.68,9.282,1872,18532.0,0,0
4,119.21,2.348,176.68,9.282,1872,18551.4,0,0
4,118.53,2.369,176.68,9.282,1872,18570.8,0,0
4,121.84,2.506,184.63,8.827,1897,18590.2,0,0
4,125.19,2.652,192.93,9.26,1922,18609.7,0,0
4,120.79,2.805,201.62,8.806,1947,18629.1,0,0
4,120.42,2.829,201.62,8.806,1947,18648.5,0,0
4,120.18,2.848,201.62,8.806,1947,18667.9,0,0
4,120.07,2.863,201.62,8.806,1947,18687.4,0,0
4,120.1,2.872,201.62,8.806,1947,18706.8,0,0
4,120.27,2.874,201.62,8.806,1947,18726.2,0,0
4,120.58,2.87,201.62,8.806,1947,18745.6,0,0
4,121.0,2.86,201.62,8.806,1947,18765.1,0,0
4,121.53,2.708,192.54,8.374,1972,18784.5,0,0
4,122.14,2.559,201.21,7.964,1947,18803.9,0,0
4,122.81,2.659,192.15,8.354,1972,18823.3,0,0
4,123.53,2.76,200.8,8.764,1947,18842.8,0,0
4,120.23,2.602,191.76,9.193,1922,18862.2,0,0
4,116.87,2.454,200.39,8.743,1947,18881.6,0,0
4,113.43,2.55,209.41,9.171,1972,18901.0,0,0
4,113.96,2.596,199.99,8.722,1947,18920.5,0,0
4,114.41,2.458,190.99,8.294,1922,18939.9,0,0
4,114.76,2.333,199.58,8.701,1947,18959.3,0,0
4,115.0,2.443,190.6,8.274,1971,18978.7,0,0
4,115.12,2.564,182.03,8.68,1946,18998.2,0,0
4,115.11,2.451,190.22,9.105,1921,19017.6,0,0
4,114.98,2.348,198.78,9.551,1946,19037.0,0,0
4,114.72,2.479,207.72,9.396,1921,19056.4,0,0
4,110.27,2.622,209.17,8.936,1946,19075.9,0,0
4,105.75,2.774,199.76,8.498,1921,19095.3,0,0
4,106.42,2.666,208.75,8.914,1896,19114.7,0,0
4,104.8,2.562,199.35,8.477,1921,19134.1,0,0
4,100.19,2.707,208.32,8.893,1896,19153.6,0,0
4,99.61,2.594,217.7,8.457,1871,19173.0,0,0
4,99.04,2.732,227.49,8.872,1896,19192.4,0,0
4,98.5,2.608,237.73,9.306,1871,19211.8,0,0
4,98.01,2.735,227.03,8.85,1896,19231.3,0,0
4,97.6,2.861,237.25,8.479,1871,19250.7,0,0
4,97.27,2.714,226.57,8.064,1846,19270.1,0,0
4,100.92,2.568,216.38,8.459,1871,19289.5,0,0
4,104.67,2.672,206.64,8.044,1896,19309.0,0,0
4,108.54,2.521,197.34,7.65,1921,19328.4,0,0
4,104.77,2.528,206.22,8.025,1896,19347.8,0,0
4,108.89,2.624,196.94,8.418,1871,19367.3,0,0
4,113.14,2.475,205.8,8.006,1896,19386.7,0,0
4,109.68,2.572,215.07,8.398,1921,19406.1,0,0
4,110.21,2.432,205.39,8.81,1946,19425.5,0,0
4,110.8,2.535,214.63,9.241,1921,19445.0,0,0
4,111.44,2.618,204.97,8.788,1896,19464.4,0,0
4,112.09,2.491,214.2,9.219,1871,19483.8,0,0
4,112.73,2.616,212.58,9.671,1896,19503.2,0,0
4,113.34,2.753,203.01,9.197,1921,19522.7,0,0
4,113.9,2.903,212.15,9.648,1946,19542.1,0,0
4,114.38,2.786,202.6,9.175,1921,19561.5,0,0
4,118.87,2.946,204.25,8.725,1946,19580.9,0,0
4,119.16,2.832,195.06,9.153,1921,19600.4,0,0
4,119.33,2.722,203.83,8.704,1946,19619.8,0,0
4,119.36,2.879,194.66,8.278,1921,19639.2,0,0
4,119.27,3.041,203.42,8.683,1896,19658.6,0,0
4,119.05,2.979,194.27,8.258,1921,19678.1,0,0
4,118.71,3.136,203.01,8.663,1946,19697.5,0,0
4,118.26,3.295,212.14,8.238,1923,19716.9,0,0
4,121.79,3.138,202.6,7.834,1948,19736.3,0,0
4,125.21,2.982,193.48,7.451,1923,19755.8,0,0
4,128.53,3.112,187.77,7.816,1898,19775.2,0,0
4,127.79,3.201,196.22,7.433,1900,19794.6,0,0
4,114.35,2.117,187.39,7.797,1875,19814.0,1,0
4,126.34,2.997,187.39,7.797,1875,19833.5,0,0
4,125.7,2.969,187.39,7.797,1875,19852.9,0,0
4,125.13,2.94,187.39,7.797,1875,19872.3,0,0
4,124.67,2.913,187.39,7.797,1875,19891.7,0,0
4,124.32,2.889,187.39,7.797,1875,19911.2,0,0
4,124.12,2.87,187.39,7.797,1875,19930.6,0,0
4,124.05,2.719,183.59,8.179,1900,19950.0,0,0
4,124.13,2.582,191.85,8.58,1875,19969.4,0,0
4,124.35,2.705,200.48,8.159,1850,19988.9,0,0
4,124.7,2.581,209.51,7.759,1875,20008.3,0,0
4,125.18,2.593,209.51,7.759,1875,20027.7,0,0
4,125.75,2.61,209.51,7.759,1875,20047.1,0,0
4,126.41,2.631,209.51,7.759,1875,20066.6,0,0
4,127.12,2.655,209.51,7.759,1875,20086.0,0,0
4,131.86,2.809,218.93,8.14,1900,20105.4,0,0
4,132.62,2.973,209.08,7.741,1875,20124.8,0,0
4,133.36,2.855,199.67,7.362,1850,20144.3,0,0
4,134.04,2.74,190.69,7.678,1825,20163.7,0,0
4,134.64,2.625,182.11,7.302,1800,20183.1,0,0
4,131.04,2.51,190.3,6.944,1775,20202.5,0,0
4,127.29,2.474,181.74,7.285,1800,20222.0,0,0
4,127.52,2.592,173.56,7.642,1825,20241.4,0,0
4,127.6,2.711,181.37,7.267,1800,20260.8,0,0
4,127.55,2.696,187.43,7.623,1775,20280.2,0,0
4,127.36,2.807,178.99,7.25,1750,20299.7,0,0
4,127.04,2.652,170.94,6.894,1775,20319.1,0,0
4,126.6,2.502,172.21,7.232,1750,20338.5,0,0
4,130.13,2.368,179.96,6.878,1725,20358.0,0,0
4,129.49,2.232,171.86,6.541,1712,20377.4,0,0
4,128.78,2.106,164.13,6.861,1737,20396.8,0,0
4,128.05,1.989,164.24,7.198,1762,20416.2,0,0
4,127.3,2.07,171.63,7.55,1787,20435.7,0,0
4,124.08,2.16,179.35,7.92,1812,20455.1,0,0
4,119.48,2.258,187.42,8.308,1787,20474.5,0,0
4,114.99,2.367,195.86,8.715,1812,20493.9,0,0
4,114.53,2.487,204.67,9.142,1837,20513.4,0,0
4,114.18,2.619,213.88,9.482,1812,20532.8,0,0
4,113.95,2.763,223.21,9.018,1787,20552.2,0,0
4,113.84,2.652,213.17,9.048,1762,20571.6,0,0
4,113.87,2.549,203.57,9.491,1787,20591.1,0,0
4,114.03,2.697,194.41,9.026,1762,20610.5,0,0
4,118.21,2.853,198.08,9.468,1787,20629.9,0,0
4,118.62,2.879,198.08,9.468,1787,20649.3,0,0
4,119.13,2.901,198.08,9.468,1787,20668.8,0,0
4,119.73,2.919,198.08,9.468,1787,20688.2,0,0
4,120.39,2.931,198.08,9.468,1787,20707.6,0,0
4,121.08,2.936,198.08,9.468,1787,20727.0,0,0
4,121.79,2.936,198.08,9.468,1787,20746.5,0,0
4,122.48,2.928,198.08,9.468,1787,20765.9,0,0
4,127.19,3.055,189.16,9.004,1762,20785.3,0,0
4,150.0,3.963,169.16,7.004,1762,20804.7,0,1
4,128.29,3.011,189.16,9.004,1762,20824.2,0,0
4,128.69,2.984,189.16,9.004,1762,20843.6,0,0
4,128.96,2.955,189.16,9.004,1762,20863.0,0,0
4,129.1,2.927,189.16,9.004,1762,20882.4,0,0
4,129.1,2.901,189.16,9.004,1762,20901.9,0,0
4,128.95,2.878,189.16,9.004,1762,20921.3,0,0
4,128.67,2.86,189.16,9.004,1762,20940.7,0,0
4,128.27,2.847,189.16,9.004,1762,20960.1,0,0
4,127.75,2.842,189.16,9.004,1762,20979.6,0,0
4,127.15,2.843,189.16,9.004,1762,20999.0,0,0
4,126.48,2.851,189.16,9.004,1762,21018.4,0,0
4,125.76,2.865,189.16,9.004,1762,21037.8,0,0
4,121.04,2.747,197.68,9.446,1787,21057.3,0,0
4,120.35,2.637,188.78,8.983,1762,21076.7,0,0
4,119.69,2.79,180.29,8.543,1737,21096.1,0,0
4,119.1,2.681,172.17,8.124,1712,21115.5,0,0
4,118.59,2.837,164.43,7.726,1737,21135.0,0,0
4,118.18,2.724,171.83,7.347,1762,21154.4,0,0
4,117.9,2.877,164.09,6.987,1737,21173.8,0,0
4,117.74,2.755,171.48,6.645,1712,21193.2,0,0
4,117.72,2.898,179.19,6.971,1737,21212.7,0,0
4,117.84,2.764,187.26,6.629,1762,21232.1,0,0
4,118.09,2.895,195.68,6.954,1787,21251.5,0,0
4,118.46,2.748,204.49,6.613,1812,21271.0,0,0
4,118.94,2.866,195.29,6.289,1818,21290.4,0,0
4,119.51,2.71,200.48,6.597,1793,21309.8,0,0
4,120.16,2.818,191.45,6.921,1818,21329.2,0,0
4,120.84,2.813,200.07,7.26,1793,21348.7,0,0
4,121.55,2.652,191.07,7.615,1818,21368.1,0,0
4,122.25,2.5,199.66,7.242,1793,21387.5,0,0
4,122.91,2.359,208.65,6.887,1818,21406.9,0,0
4,123.52,2.453,218.04,7.225,1843,21426.4,0,0
4,124.04,2.555,208.23,6.871,1868,21445.8,0,0
4,124.47,2.667,217.6,7.207,1893,21465.2,0,0
4,120.66,2.791,227.39,7.561,1868,21484.6,0,0
4,124.95,2.659,224.28,7.698,1843,21504.1,0,0
4,124.99,2.539,234.37,8.075,1868,21523.5,0,0
4,124.9,2.43,223.82,7.68,1893,21542.9,0,0
4,124.67,2.33,213.75,8.056,1868,21562.3,0,0
4,124.32,2.463,213.83,8.451,1893,21581.8,0,0
4,123.86,2.605,223.45,8.865,1868,21601.2,0,0
4,123.3,2.504,213.39,8.43,1893,21620.6,0,0
4,122.67,2.649,203.79,8.017,1918,21640.0,0,0
4,117.97,2.544,194.62,8.41,1943,21659.5,0,0
4,113.29,2.44,203.38,8.822,1968,21678.9,0,0
4,116.61,2.336,194.23,8.39,1943,21698.3,0,0
4,115.96,2.457,185.49,7.979,1918,21717.7,0,0
4,115.36,2.578,177.14,8.37,1943,21737.2,0,0
4,114.84,2.7,169.17,8.78,1968,21756.6,0,0
4,114.41,2.562,161.56,9.21,1993,21776.0,0,0
4,114.09,2.427,168.83,9.661,1968,21795.4,0,0
4,113.9,2.526,176.42,9.188,1943,21814.9,0,0
4,113.84,2.385,168.48,8.738,1918,21834.3,0,0
4,117.79,2.476,176.07,8.31,1943,21853.7,0,0
4,117.99,2.459,175.23,7.902,1968,21873.1,0,0
4,118.32,2.552,167.34,7.515,1943,21892.6,0,0
4,118.77,2.408,174.87,7.883,1932,21912.0,0,0
4,119.31,2.505,182.74,8.27,1957,21931.4,0,0
4,119.93,2.371,174.52,7.865,1932,21950.8,0,0
4,124.58,2.475,166.66,7.479,1957,21970.3,0,0
4,125.3,2.472,166.66,7.479,1957,21989.7,0,0
4,126.03,2.474,166.66,7.479,1957,22009.1,0,0
4,126.73,2.483,166.66,7.479,1957,22028.5,0,0
4,127.38,2.497,166.66,7.479,1957,22048.0,0,0
4,127.95,2.515,166.66,7.479,1957,22067.4,0,0
4,132.53,2.659,174.16,7.846,1982,22086.8,0,0
4,128.79,2.813,182.0,8.23,1957,22106.2,0,0
4,129.02,2.84,182.0,8.23,1957,22125.7,0,0
4,129.11,2.867,182.0,8.23,1957,22145.1,0,0
4,129.07,2.891,182.0,8.23,1957,22164.5,0,0
4,128.88,2.912,182.0,8.23,1957,22184.0,0,0
4,128.56,2.928,182.0,8.23,1957,22203.4,0,0
4,128.12,2.937,182.0,8.23,1957,22222.8,0,0
4,131.64,2.8,173.81,7.827,1982,22242.2,0,0
4,131.0,2.797,173.81,7.827,1982,22261.7,0,0
4,117.26,1.951,173.81,7.827,1982,22281.1,1,0
4,129.54,2.773,173.81,7.827,1982,22300.5,0,0
4,128.79,2.753,173.81,7.827,1982,22319.9,0,0
4,128.06,2.73,173.81,7.827,1982,22339.4,0,0
4,127.38,2.705,173.81,7.827,1982,22358.8,0,0
4,126.77,2.679,173.81,7.827,1982,22378.2,0,0
4,126.26,2.653,173.81,7.827,1982,22397.6,0,0
4,121.98,2.504,181.63,8.21,1989,22417.1,0,0
4,121.72,2.366,189.81,8.613,1964,22436.5,0,0
4,121.6,2.287,198.35,8.191,1989,22455.9,0,0
4,121.63,2.389,207.27,8.592,2014,22475.3,0,0
4,121.79,2.5,197.94,9.013,2039,22494.8,0,0
4,122.09,2.624,189.04,8.571,2014,22514.2,0,0
4,122.51,2.507,180.53,8.151,2039,22533.6,0,0
4,126.96,2.643,184.0,8.551,2014,22553.0,0,0
4,127.6,2.791,192.28,8.653,2039,22572.5,0,0
4,128.3,2.951,200.93,9.077,2064,22591.9,0,0
4,129.04,2.836,209.97,8.632,2039,22611.3,0,0
4,129.79,3.001,219.42,9.055,2014,22630.7,0,0
4,130.53,2.884,209.55,8.611,1989,22650.2,0,0
4,131.22,3.047,216.52,9.033,1964,22669.6,0,0
4,131.84,2.921,206.77,9.476,1939,22689.0,0,0
4,132.37,2.795,216.08,9.012,1914,22708.4,0,0
4,136.89,2.669,206.35,8.57,1939,22727.9,0,0
4,137.19,2.8,215.64,8.99,1914,22747.3,0,0
4,137.34,2.93,225.34,9.43,1939,22766.7,0,0
4,137.34,2.78,235.49,8.968,1964,22786.1,0,0
4,137.19,2.781,237.43,8.529,1939,22805.6,0,0
4,136.9,2.628,248.11,8.947,1914,22825.0,0,0
4,136.47,2.731,236.95,8.508,1939,22844.4,0,0
4,135.93,2.835,226.28,8.502,1964,22863.8,0,0
4,135.29,2.813,216.83,8.918,1989,22883.3,0,0
4,134.57,2.652,207.07,8.635,2014,22902.7,0,0
4,133.82,2.756,197.75,9.058,1989,22922.1,0,0
4,133.04,2.868,206.65,8.615,2011,22941.5,0,0
4,150.0,3.581,195.95,7.037,2036,22961.0,0,1
4,131.55,2.707,215.95,9.037,2036,22980.4,0,0
4,130.9,2.704,215.95,9.037,2036,22999.8,0,0
4,130.33,2.709,215.95,9.037,2036,23019.2,0,0
4,129.88,2.72,215.95,9.037,2036,23038.7,0,0
4,129.57,2.736,215.95,9.037,2036,23058.1,0,0
4,129.39,2.757,215.95,9.037,2036,23077.5,0,0
4,129.36,2.782,215.95,9.037,2036,23097.0,0,0
4,129.49,2.809,215.95,9.037,2036,23116.4,0,0
4,130.72,2.972,206.23,8.594,2011,23135.8,0,0
4,127.22,2.856,215.51,9.015,2036,23155.2,0,0
4,123.81,2.741,205.81,8.703,2011,23174.7,0,0
4,120.47,2.627,215.08,9.13,2036,23194.1,0,0
4,125.07,2.513,205.4,8.682,2011,23213.5,0,0
4,125.78,2.399,214.64,9.108,1986,23232.9,0,0
4,126.52,2.516,205.82,9.554,1961,23252.4,0,0
4,127.24,2.632,214.7,10.022,1986,23271.8,0,0
4,127.94,2.748,205.04,10.513,1961,23291.2,0,0
4,128.57,2.601,195.81,9.998,1986,23310.6,0,0
4,129.12,2.706,187.0,9.508,1961,23330.1,0,0
4,129.57,2.554,195.42,9.974,1936,23349.5,0,0
4,134.0,2.408,204.21,10.463,1961,23368.9,0,0
4,134.2,2.385,204.21,10.463,1961,23388.3,0,0
4,134.25,2.363,204.21,10.463,1961,23407.8,0,0
4,134.16,2.343,204.21,10.463,1961,23427.2,0,0
4,133.92,2.327,204.21,10.463,1961,23446.6,0,0
4,133.54,2.315,204.21,10.463,1961,23466.0,0,0
4,128.97,2.419,213.4,10.976,1986,23485.5,0,0
4,128.39,2.302,223.0,11.513,2011,23504.9,0,0
4,127.74,2.195,212.97,10.949,1986,23524.3,0,0
4,127.03,2.31,203.38,10.413,1961,23543.7,0,0
4,126.3,2.437,212.54,10.923,1936,23563.2,0,0
4,129.54,2.338,202.97,11.458,1961,23582.6,0,0
4,124.87,2.246,212.11,10.897,1986,23602.0,0,0
4,124.22,2.164,202.56,10.363,1961,23621.4,0,0
4,123.65,2.29,211.36,9.855,1936,23640.9,0,0
4,123.19,2.2,201.85,10.338,1911,23660.3,0,0
4,122.84,2.111,192.77,9.831,1936,23679.7,0,0
4,126.24,2.112,201.44,10.313,1961,23699.1,0,0
4,126.04,2.223,210.51,10.818,1986,23718.6,0,0
4,122.22,2.122,201.03,10.288,1961,23738.0,0,0
4,118.54,2.021,191.99,9.784,1986,23757.4,0,0
4,118.87,2.114,183.35,9.305,1961,23776.8,0,0
4,119.31,2.206,191.6,9.761,1986,23796.3,0,0
4,119.86,2.088,182.98,10.239,1961,23815.7,0,0
4,120.48,2.171,174.74,9.737,1960,23835.1,0,0
4,117.18,2.049,182.61,10.214,1935,23854.5,0,0
4,117.86,2.127,188.8,10.715,1960,23874.0,0,0
4,118.54,2.062,180.3,11.24,1985,23893.4,0,0
4,119.2,2.141,188.42,10.689,2010,23912.8,0,0
4,119.82,2.225,179.94,10.165,1985,23932.2,0,0
4,120.36,2.104,178.26,10.663,1960,23951.7,0,0
4,120.81,2.194,170.23,10.141,1935,23971.1,0,0
4,121.15,2.294,171.33,10.638,1910,23990.5,0,0
4,125.49,2.183,179.04,10.117,1935,24010.0,0,0
4,129.71,2.293,187.09,9.621,1910,24029.4,0,0
4,133.78,2.193,178.67,9.473,1885,24048.8,0,0
4,129.48,2.313,186.72,9.008,1910,24068.2,0,0
4,129.16,2.444,195.12,8.567,1935,24087.7,0,0
4,128.73,2.348,203.9,8.987,1960,24107.1,0,0
4,128.18,2.484,194.72,8.546,1935,24126.5,0,0
4,127.55,2.629,185.96,8.128,1910,24145.9,0,0
4,126.87,2.525,194.15,8.526,1935,24165.4,0,0
4,126.14,2.667,185.41,8.108,1960,24184.8,0,0
4,125.41,2.813,190.03,7.711,1935,24204.2,0,0
4,124.7,2.961,181.48,8.089,1960,24223.6,0,0
4,124.03,3.11,173.31,7.692,1935,24243.1,0,0
4,123.44,2.961,180.5,7.315,1960,24262.5,0,0
4,122.94,3.096,188.63,7.674,1985,24281.9,0,0
4,122.55,2.935,180.14,8.05,2010,24301.3,0,0
4,122.29,2.776,172.03,7.655,2035,24320.8,0,0
4,122.17,2.887,179.77,8.031,2010,24340.2,0,0
4,122.18,2.724,171.68,7.637,2035,24359.6,0,0
4,118.46,2.569,179.41,8.011,2060,24379.0,0,0
4,114.85,2.666,171.85,8.404,2035,24398.5,0,0
4,115.24,2.515,164.12,7.992,2010,24417.9,0,0
4,115.73,2.375,171.5,8.384,1985,24437.3,0,0
4,116.31,2.246,179.22,8.794,1960,24456.7,0,0
4,116.95,2.343,171.16,8.364,1979,24476.2,0,0
4,113.63,2.45,163.45,8.773,2004,24495.6,0,0
4,114.3,2.568,170.81,9.203,2029,24515.0,0,0
4,114.94,2.698,163.12,9.645,2054,24534.4,0,0
4,115.56,2.841,170.46,9.172,2029,24553.9,0,0
4,116.11,2.723,178.14,8.723,2004,24573.3,0,0
4,112.48,2.877,170.12,8.296,2029,24592.7,0,0
4,112.84,3.043,162.46,8.702,2004,24612.1,0,0
4,113.09,3.22,155.15,8.276,1979,24631.6,0,0
4,113.21,3.095,148.17,7.87,1954,24651.0,0,0
4,113.22,2.973,141.5,7.485,1979,24670.4,0,0
4,113.1,2.852,147.87,7.851,2004,24689.8,0,0
4,112.86,3.007,154.53,8.236,2029,24709.3,0,0
4,112.51,3.164,147.57,8.64,2023,24728.7,0,0
4,112.07,3.018,154.21,8.216,1998,24748.1,0,0
4,96.74,2.214,148.21,7.814,1973,24767.5,1,0
4,106.92,3.155,148.21,7.814,1973,24787.0,0,0
4,106.32,3.14,148.21,7.814,1973,24806.4,0,0
4,105.7,3.12,148.21,7.814,1973,24825.8,0,0
4,105.1,3.095,148.21,7.814,1973,24845.2,0,0
4,104.52,3.068,148.21,7.814,1973,24864.7,0,0
4,104.0,3.038,148.21,7.814,1973,24884.1,0,0
4,103.55,2.865,154.88,8.196,1998,24903.5,0,0
4,103.19,2.702,147.91,7.795,2023,24923.0,0,0
4,102.93,2.552,154.57,8.177,2048,24942.4,0,0
4,102.79,2.414,147.62,7.776,2023,24961.8,0,0
4,102.76,2.519,154.26,7.395,2048,24981.2,0,0
4,102.85,2.394,161.2,7.757,2023,25000.7,0,0
4,103.06,2.28,159.95,7.377,2048,25020.1,0,0
4,103.38,2.176,167.15,7.739,2073,25039.5,0,0
4,103.8,2.292,174.67,8.118,2048,25058.9,0,0
4,104.29,2.419,182.53,7.72,2073,25078.4,0,0
4,104.85,2.557,190.75,8.099,2048,25097.8,0,0
4,101.46,2.705,194.96,7.702,2073,25117.2,0,0
4,102.05,2.6,186.19,7.324,2098,25136.6,0,0
4,102.64,2.701,194.57,7.683,2073,25156.1,0,0
4,103.2,2.594,185.81,7.307,2098,25175.5,0,0
4,103.71,2.488,194.17,6.949,2099,25194.9,0,0
4,104.16,2.382,185.43,7.289,2074,25214.3,0,0
4,108.63,2.506,177.09,7.646,2099,25233.8,0,0
4,108.9,2.39,185.06,7.272,2074,25253.2,0,0
4,109.06,2.504,193.39,6.915,2049,25272.6,0,0
4,109.11,2.377,202.09,7.254,2074,25292.0,0,0
4,109.04,2.252,211.18,7.61,2099,25311.5,0,0
4,108.85,2.344,208.33,7.983,2124,25330.9,0,0
4,108.55,2.214,217.71,8.374,2149,25350.3,0,0
4,108.15,2.299,207.91,7.963,2124,25369.7,0,0
4,107.67,2.386,198.56,7.573,2099,25389.2,0,0
4,107.12,2.363,198.56,7.573,2099,25408.6,0,0
4,106.53,2.342,198.56,7.573,2099,25428.0,0,0
4,105.92,2.324,198.56,7.573,2099,25447.4,0,0
4,105.3,2.31,198.56,7.573,2099,25466.9,0,0
4,104.71,2.301,198.56,7.573,2099,25486.3,0,0
4,108.1,2.186,189.62,7.202,2105,25505.7,0,0
4,107.61,2.188,189.62,7.202,2105,25525.1,0,0
4,107.2,2.195,189.62,7.202,2105,25544.6,0,0
4,106.9,2.206,189.62,7.202,2105,25564.0,0,0
4,106.71,2.222,189.62,7.202,2105,25583.4,0,0
4,106.64,2.241,189.62,7.202,2105,25602.8,0,0
4,106.69,2.263,189.62,7.202,2105,25622.3,0,0
4,106.87,2.285,189.62,7.202,2105,25641.7,0,0
4,107.16,2.417,181.09,7.02,2080,25661.1,0,0
4,107.56,2.321,182.76,7.364,2055,25680.5,0,0
4,108.04,2.45,190.98,7.399,2080,25700.0,0,0
4,108.6,2.582,199.58,7.761,2105,25719.4,0,0
4,105.23,2.467,208.56,8.142,2130,25738.8,0,0
4,105.84,2.352,199.17,7.743,2155,25758.2,0,0
4,106.46,2.237,191.07,7.363,2130,25777.7,0,0
4,107.05,2.124,188.2,7.697,2122,25797.1,0,0
4,107.61,2.011,196.67,8.074,2147,25816.5,0,0
4,108.1,2.094,205.52,8.47,2122,25836.0,0,0
4,112.6,2.03,214.76,8.885,2147,25855.4,0,0
4,117.04,2.108,222.52,8.45,2122,25874.8,0,0
4,117.25,1.987,212.51,8.036,2147,25894.2,0,0
4,117.35,2.063,222.07,7.642,2122,25913.7,0,0
4,117.31,1.947,212.07,7.267,2097,25933.1,0,0
4,117.15,1.839,202.53,6.911,2122,25952.5,0,0
4,116.87,1.916,211.65,7.25,2097,25971.9,0,0
4,116.48,1.817,221.17,7.605,2072,25991.4,0,0
4,111.91,1.902,222.69,7.233,2097,26010.8,0,0
4,107.32,1.995,219.7,7.587,2122,26030.2,0,0
4,102.71,1.974,229.58,7.959,2147,26049.6,0,0
4,102.12,1.985,229.58,7.959,2147,26069.1,0,0
4,101.53,2.0,229.58,7.959,2147,26088.5,0,0
4,100.95,2.017,229.58,7.959,2147,26107.9,0,0
4,100.41,2.037,229.58,7.959,2147,26127.3,0,0
4,99.93,2.056,229.58,7.959,2147,26146.8,0,0
4,99.52,2.076,229.58,7.959,2147,26166.2,0,0
4,99.2,2.093,229.58,7.959,2147,26185.6,0,0
4,98.99,2.108,229.58,7.959,2147,26205.0,0,0
4,102.77,2.222,239.91,7.569,2122,26224.5,0,0
4,102.78,2.122,229.12,7.198,2097,26243.9,0,0
4,102.91,2.227,221.69,7.551,2072,26263.3,0,0
4,103.15,2.117,215.34,7.92,2047,26282.7,0,0
4,103.5,2.212,225.03,8.309,2022,26302.2,0,0
4,103.94,2.094,235.16,8.716,1997,26321.6,0,0
4,104.46,2.18,224.58,9.143,2022,26341.0,0,0
4,105.03,2.057,228.35,9.591,2047,26360.4,0,0
4,105.63,1.941,238.63,10.061,2022,26379.9,0,0
4,102.24,2.014,227.89,9.568,2047,26399.3,0,0
4,102.82,2.091,238.15,10.037,2022,26418.7,0,0
4,103.37,1.973,227.43,9.545,2047,26438.1,0,0
4,103.86,2.053,217.2,9.077,2072,26457.6,0,0
4,104.28,2.139,207.42,8.632,2047,26477.0,0,0
4,100.51,2.234,216.76,8.209,2022,26496.4,0,0
4,96.62,2.339,226.51,8.612,1997,26515.8,0,0
4,96.73,2.342,226.51,8.612,1997,26535.3,0,0
4,96.74,2.35,226.51,8.612,1997,26554.7,0,0
4,96.64,2.364,226.51,8.612,1997,26574.1,0,0
4,96.45,2.382,226.51,8.612,1997,26593.5,0,0
4,100.25,2.518,216.32,9.034,2022,26613.0,0,0
4,103.93,2.543,226.05,8.591,2047,26632.4,0,0
4,99.39,2.691,215.88,8.17,2022,26651.8,0,0
4,94.83,2.585,206.16,8.57,1997,26671.2,0,0
4,94.3,2.607,206.16,8.57,1997,26690.7,0,0
4,93.75,2.625,206.16,8.57,1997,26710.1,0,0
4,93.21,2.639,206.16,8.57,1997,26729.5,0,0
4,92.7,2.647,206.16,8.57,1997,26749.0,0,0
4,92.23,2.649,206.16,8.57,1997,26768.4,0,0
4,91.83,2.646,206.16,8.57,1997,26787.8,0,0
4,91.51,2.636,206.16,8.57,1997,26807.2,0,0
4,91.28,2.622,206.16,8.57,1997,26826.7,0,0
4,95.03,2.728,196.89,8.15,2022,26846.1,0,0
4,95.0,2.704,196.89,8.15,2022,26865.5,0,0
4,95.08,2.679,196.89,8.15,2022,26884.9,0,0
4,95.27,2.653,196.89,8.15,2022,26904.4,0,0
4,95.56,2.628,196.89,8.15,2022,26923.8,0,0
4,99.86,2.731,188.03,7.751,2046,26943.2,0,0
4,100.33,2.581,179.57,7.371,2071,26962.6,0,0
4,100.87,2.69,171.48,7.732,2096,26982.1,0,0
4,101.44,2.689,179.2,7.353,2071,27001.5,0,0
4,102.03,2.587,171.14,6.993,2046,27020.9,0,0
4,102.62,2.716,178.84,6.65,2071,27040.3,0,0
4,103.18,2.857,186.89,6.976,2096,27059.8,0,0
4,103.7,2.737,178.48,7.318,2121,27079.2,0,0
4,104.15,2.89,186.51,7.677,2096,27098.6,0,0
4,104.51,3.056,194.9,7.301,2071,27118.0,0,0
4,104.78,2.937,203.67,6.943,2096,27137.5,0,0
4,104.94,2.824,212.84,6.603,2111,27156.9,0,0
4,104.99,2.838,222.41,6.926,2136,27176.3,0,0
4,104.92,2.923,212.41,6.587,2111,27195.7,0,0
4,104.75,2.802,202.85,6.313,2136,27215.2,0,0
4,97.7,2.065,193.72,6.622,2111,27234.6,1,0
4,108.17,2.959,193.72,6.622,2111,27254.0,0,0
4,107.69,2.961,193.72,6.622,2111,27273.4,0,0
4,107.14,2.956,193.72,6.622,2111,27292.9,0,0
4,106.55,2.945,193.72,6.622,2111,27312.3,0,0
4,105.94,2.928,193.72,6.622,2111,27331.7,0,0
4,105.32,2.906,193.72,6.622,2111,27351.1,0,0
4,108.69,2.743,202.44,6.946,2136,27370.6,0,0
4,108.12,2.586,193.33,6.606,2111,27390.0,0,0
4,107.62,2.684,184.63,6.282,2086,27409.4,0,0
4,107.21,2.787,192.94,6.59,2061,27428.8,0,0
4,106.9,2.896,184.25,6.267,2086,27448.3,0,0
4,102.83,2.738,175.96,6.574,2061,27467.7,0,0
4,102.76,2.593,183.88,6.896,2086,27487.1,0,0
4,102.8,2.71,175.61,7.234,2061,27506.5,0,0
4,102.97,2.578,183.51,7.589,2086,27526.0,0,0
4,103.25,2.459,175.25,7.217,2111,27545.4,0,0
4,103.63,2.588,183.14,6.863,2136,27564.8,0,0
4,104.09,2.73,191.38,6.527,2161,27584.2,0,0
4,104.63,2.619,199.99,6.847,2136,27603.7,0,0
4,105.21,2.604,199.76,7.182,2111,27623.1,0,0
4,109.82,2.503,208.75,6.83,2086,27642.5,0,0
4,114.48,2.648,199.35,7.165,2061,27661.9,0,0
4,111.08,2.544,190.38,6.814,2086,27681.4,0,0
4,107.59,2.441,198.95,7.148,2061,27700.8,0,0
4,108.08,2.339,207.9,6.798,2036,27720.2,0,0
4,108.49,2.463,200.69,7.131,2050,27739.7,0,0
4,108.81,2.588,209.72,6.781,2056,27759.1,0,0
4,109.02,2.713,200.28,6.449,2081,27778.5,0,0
4,109.11,2.578,209.3,6.765,2056,27797.9,0,0
4,104.96,2.444,218.71,7.097,2031,27817.4,0,0
4,100.71,2.546,228.56,6.885,2056,27836.8,0,0
4,100.47,2.406,238.84,6.548,2081,27856.2,0,0
4,100.13,2.499,249.59,6.869,2106,27875.6,0,0
4,99.71,2.594,238.36,7.205,2131,27895.1,0,0
4,99.23,2.693,241.34,6.852,2106,27914.5,0,0
4,98.7,2.54,230.48,7.188,2081,27933.9,0,0
4,98.13,2.398,220.1,7.54,2106,27953.3,0,0
4,97.56,2.496,230.01,7.182,2081,27972.8,0,0
4,97.01,2.603,219.66,7.534,2106,27992.2,0,0
4,100.43,2.471,220.01,7.165,2081,28011.6,0,0
4,99.94,2.358,210.11,6.814,2056,28031.0,0,0
4,99.53,2.477,219.56,7.148,2031,28050.5,0,0
4,99.21,2.608,224.07,7.498,2056,28069.9,0,0
4,98.99,2.499,213.99,7.865,2081,28089.3,0,0
4,95.67,2.64,204.36,7.48,2056,28108.7,0,0
4,91.8,2.536,195.16,7.114,2031,28128.2,0,0
4,91.91,2.561,195.16,7.114,2031,28147.6,0,0
4,92.12,2.585,195.16,7.114,2031,28167.0,0,0
4,92.43,2.609,195.16,7.114,2031,28186.4,0,0
4,92.82,2.629,195.16,7.114,2031,28205.9,0,0
4,93.28,2.646,195.16,7.114,2031,28225.3,0,0
4,93.79,2.658,195.16,7.114,2031,28244.7,0,0
4,94.33,2.664,195.16,7.114,2031,28264.1,0,0
4,94.88,2.664,195.16,7.114,2031,28283.6,0,0
4,99.46,2.554,186.38,7.462,2056,28303.0,0,0
4,104.04,2.421,194.77,7.828,2031,28322.4,0,0
4,108.62,2.521,186.0,8.211,2056,28341.8,0,0
4,113.15,2.621,194.37,8.614,2031,28361.3,0,0
4,117.62,2.669,185.63,8.192,2006,28380.7,0,0
4,113.78,2.517,193.98,8.593,2031,28400.1,0,0
4,113.91,2.493,193.98,8.593,2031,28419.5,0,0
4,113.93,2.47,193.98,8.593,2031,28439.0,0,0
4,113.82,2.45,193.98,8.593,2031,28458.4,0,0
4,113.59,2.434,193.98,8.593,2031,28477.8,0,0
4,113.24,2.423,193.98,8.593,2031,28497.2,0,0
4,112.8,2.417,193.98,8.593,2031,28516.7,0,0
4,112.28,2.417,193.98,8.593,2031,28536.1,0,0
4,111.69,2.423,193.98,8.593,2031,28555.5,0,0
4,115.08,2.552,185.25,8.172,2056,28574.9,0,0
4,118.41,2.692,176.91,7.771,2081,28594.4,0,0
4,117.73,2.845,178.19,7.391,2056,28613.8,0,0
4,117.08,2.984,186.2,7.753,2031,28633.2,0,0
4,116.49,2.869,194.58,8.133,2056,28652.7,0,0
4,115.98,3.035,185.83,8.531,2081,28672.1,0,0
4,115.57,3.209,194.19,8.949,2106,28691.5,0,0
4,115.27,3.389,202.93,8.801,2081,28710.9,0,0
4,111.22,3.574,193.8,8.707,2056,28730.4,0,0
4,111.18,3.416,202.52,9.134,2031,28749.8,0,0
4,111.28,3.588,211.63,9.581,2052,28769.2,0,0
4,111.49,3.425,202.11,9.112,2077,28788.6,0,0
4,111.83,3.401,193.01,9.558,2102,28808.1,0,0
4,112.27,3.223,184.33,9.09,2077,28827.5,0,0
4,108.86,3.049,192.62,8.972,2102,28846.9,0,0
4,105.48,2.879,201.29,9.412,2077,28866.3,0,0
4,110.06,2.99,200.54,9.635,2102,28885.8,0,0
4,106.7,3.104,196.97,9.163,2077,28905.2,0,0
4,107.32,2.927,188.11,8.714,2052,28924.6,0,0
4,107.91,3.039,196.58,8.287,2027,28944.0,0,0
4,108.45,2.87,205.42,8.693,2002,28963.5,0,0
4,108.92,2.715,214.67,9.119,1977,28982.9,0,0
4,109.3,2.833,205.01,9.566,1952,29002.3,0,0
4,109.59,2.692,214.23,10.034,1927,29021.7,0,0
4,109.76,2.564,223.87,10.526,1902,29041.2,0,0
4,109.82,2.447,213.8,10.448,1877,29060.6,0,0
4,109.75,2.578,223.42,10.96,1900,29080.0,0,0
4,109.57,2.72,225.08,10.423,1925,29099.4,0,0
4,109.27,2.612,235.21,9.912,1950,29118.9,0,0
4,104.8,2.51,224.63,9.426,1925,29138.3,0,0
4,104.33,2.412,214.52,9.888,1905,29157.7,0,0
4,103.81,2.318,224.17,10.373,1930,29177.1,0,0
4,103.24,2.227,214.09,10.065,1955,29196.6,0,0
4,102.64,2.136,204.45,9.571,1930,29216.0,0,0
4,102.05,2.251,195.25,9.102,1905,29235.4,0,0
4,101.48,2.369,186.46,8.656,1880,29254.8,0,0
4,100.95,2.487,194.86,9.081,1887,29274.3,0,0
4,104.4,2.605,192.28,8.636,1912,29293.7,0,0
4,103.99,2.473,183.62,8.212,1937,29313.1,0,0
4,103.69,2.343,191.89,8.615,1912,29332.5,0,0
4,103.5,2.439,183.25,8.193,1937,29352.0,0,0
4,103.42,2.536,175.01,8.594,1962,29371.4,0,0
4,103.47,2.392,167.13,9.015,1987,29390.8,0,0
4,103.63,2.255,159.61,8.574,1962,29410.2,0,0
4,103.91,2.341,152.43,8.153,1987,29429.7,0,0
4,104.28,2.209,145.57,7.754,2012,29449.1,0,0
4,100.82,2.086,152.12,8.134,1987,29468.5,0,0
4,97.39,2.173,158.96,8.532,2012,29487.9,0,0
4,97.93,2.268,166.12,8.114,2037,29507.4,0,0
4,98.5,2.373,173.59,7.717,2028,29526.8,0,0
4,99.07,2.488,165.78,7.339,2003,29546.2,0,0
4,99.62,2.616,173.24,7.698,2028,29565.7,0,0
4,100.14,2.504,181.04,8.075,2053,29585.1,0,0
4,96.52,2.643,189.18,8.471,2078,29604.5,0,0
4,96.89,2.793,180.67,8.486,2103,29623.9,0,0
4,97.18,2.684,188.8,8.07,2078,29643.4,0,0
4,97.37,2.58,180.3,7.674,2103,29662.8,0,0
4,97.45,2.73,177.18,8.05,2078,29682.2,0,0
4,97.43,2.846,185.16,8.445,2103,29701.6,0,0
4,87.57,1.911,176.83,8.812,2078,29721.1,1,0
4,97.08,2.745,176.83,8.812,2078,29740.5,0,0
4,96.76,2.755,176.83,8.812,2078,29759.9,0,0
4,96.36,2.759,176.83,8.812,2078,29779.3,0,0
4,95.89,2.757,176.83,8.812,2078,29798.8,0,0
4,95.37,2.749,176.83,8.812,2078,29818.2,0,0
4,94.83,2.735,176.83,8.812,2078,29837.6,0,0
4,90.3,2.586,184.78,8.38,2053,29857.0,0,0
4,93.74,2.688,193.1,7.969,2074,29876.5,0,0
4,89.3,2.726,184.41,8.36,2099,29895.9,0,0
4,92.79,2.57,176.11,7.95,2074,29915.3,0,0
4,92.4,2.668,184.04,8.34,2049,29934.7,0,0
4,92.1,2.518,192.32,7.931,2024,29954.2,0,0
4,91.9,2.379,200.97,8.32,1999,29973.6,0,0
4,91.79,2.478,191.93,8.728,2024,29993.0,0,0
4,91.8,2.35,200.12,9.155,2049,30012.4,0,0
4,91.9,2.234,191.12,8.707,2024,30031.9,0,0
4,88.22,2.129,182.52,8.28,1999,30051.3,0,0
4,92.42,2.239,174.3,7.874,1974,30070.7,0,0
4,92.81,2.251,174.3,7.874,1974,30090.1,0,0
4,93.27,2.268,174.3,7.874,1974,30109.6,0,0
4,93.77,2.288,174.3,7.874,1974,30129.0,0,0
4,94.31,2.309,174.3,7.874,1974,30148.4,0,0
4,94.86,2.332,174.3,7.874,1974,30167.8,0,0
4,91.37,2.467,182.15,8.26,1949,30187.3,0,0
4,95.91,2.607,190.34,8.665,1924,30206.7,0,0
4,100.45,2.752,181.78,8.24,1899,30226.1,0,0
4,100.87,2.767,181.78,8.24,1899,30245.5,0,0
4,101.2,2.776,181.78,8.24,1899,30265.0,0,0
4,101.43,2.78,181.78,8.24,1899,30284.4,0,0
4,101.55,2.777,181.78,8.24,1899,30303.8,0,0
4,101.57,2.768,181.78,8.24,1899,30323.2,0,0
4,101.48,2.753,181.78,8.24,1899,30342.7,0,0
4,97.17,2.865,189.96,8.644,1874,30362.1,0,0
4,96.88,2.841,189.96,8.644,1874,30381.5,0,0
4,96.5,2.815,189.96,8.644,1874,30400.9,0,0
4,96.06,2.787,189.96,8.644,1874,30420.4,0,0
4,95.56,2.761,189.96,8.644,1874,30439.8,0,0
4,95.02,2.737,189.96,8.644,1874,30459.2,0,0
4,94.47,2.717,189.96,8.644,1874,30478.7,0,0
4,93.93,2.702,189.96,8.644,1874,30498.1,0,0
4,93.41,2.692,189.96,8.644,1874,30517.5,0,0
4,92.94,2.689,189.96,8.644,1874,30536.9,0,0
4,96.44,2.822,198.51,8.884,1849,30556.4,0,0
4,92.2,2.696,204.13,8.448,1824,30575.8,0,0
4,91.96,2.582,213.32,8.034,1849,30595.2,0,0
4,91.82,2.476,203.72,8.428,1874,30614.6,0,0
4,91.78,2.618,194.55,8.015,1849,30634.1,0,0
4,91.86,2.516,203.31,8.408,1824,30653.5,0,0
4,88.14,2.663,212.45,8.771,1799,30672.9,0,0
4,92.31,2.558,207.29,9.201,1824,30692.3,0,0
4,96.58,2.456,197.96,8.75,1849,30711.8,0,0
4,97.04,2.473,197.96,8.75,1849,30731.2,0,0
4,97.55,2.486,197.96,8.75,1849,30750.6,0,0
4,98.1,2.494,197.96,8.75,1849,30770.0,0,0
4,98.67,2.496,197.96,8.75,1849,30789.5,0,0
4,99.24,2.493,197.96,8.75,1849,30808.9,0,0
4,99.79,2.484,197.96,8.75,1849,30828.3,0,0
4,100.29,2.47,197.96,8.75,1849,30847.7,0,0
4,100.73,2.452,197.96,8.75,1849,30867.2,0,0
4,105.19,2.315,189.05,9.179,1874,30886.6,0,0
4,105.47,2.183,197.56,8.729,1849,30906.0,0,0
4,105.64,2.266,188.67,8.301,1874,30925.4,0,0
4,105.7,2.352,189.27,7.895,1881,30944.9,0,0
4,105.64,2.337,197.79,8.282,1856,30964.3,0,0
4,109.58,2.432,188.89,7.876,1831,30983.7,0,0
4,109.29,2.535,180.39,7.49,1833,31003.1,0,0
4,108.9,2.405,188.51,7.857,1858,31022.6,0,0
4,131.01,3.277,160.02,6.242,1883,31042.0,0,1
4,107.88,2.644,171.92,7.838,1908,31061.4,0,0
4,107.28,2.527,173.67,7.454,1883,31080.8,0,0
4,106.67,2.664,165.86,7.819,1878,31100.3,0,0
4,102.07,2.556,158.39,8.177,1903,31119.7,0,0
4,101.5,2.455,151.27,8.042,1928,31139.1,0,0
4,100.96,2.574,144.46,7.647,1953,31158.5,0,0
4,100.49,2.724,150.96,8.022,1928,31178.0,0,0
4,100.1,2.617,144.17,7.629,1953,31197.4,0,0
4,99.81,2.765,150.65,8.003,1978,31216.8,0,0
4,99.62,2.65,157.43,8.395,2003,31236.2,0,0
4,103.42,2.791,164.52,8.806,2028,31255.7,0,0
4,103.46,2.799,164.52,8.806,2028,31275.1,0,0
4,103.62,2.801,164.52,8.806,2028,31294.5,0,0
4,103.89,2.797,164.52,8.806,2028,31313.9,0,0
4,104.27,2.786,164.52,8.806,2028,31333.4,0,0
4,104.73,2.77,164.52,8.806,2028,31352.8,0,0
4,105.27,2.75,164.52,8.806,2028,31372.2,0,0
4,109.33,2.705,171.92,9.238,2003,31391.7,0,0
4,109.96,2.658,179.66,9.691,1978,31411.1,0,0
4,110.6,2.759,182.82,10.165,2003,31430.5,0,0
4,111.22,2.602,191.04,10.664,2019,31449.9,0,0
4,111.8,2.704,182.45,10.141,1994,31469.4,0,0
4,112.32,2.556,190.66,9.644,1969,31488.8,0,0
4,116.85,2.421,191.51,9.855,1994,31508.2,0,0
4,121.31,2.298,200.12,10.337,2019,31527.6,0,0
4,121.55,2.407,209.13,10.844,1994,31547.1,0,0
4,121.66,2.527,199.72,11.375,2019,31566.5,0,0
4,121.64,2.416,190.73,10.818,1994,31585.9,0,0
4,121.48,2.314,199.31,11.348,1969,31605.3,0,0
4,117.1,2.445,190.34,10.792,1994,31624.8,0,0
4,120.81,2.349,181.78,11.321,2019,31644.2,0,0
4,120.31,2.404,189.96,10.766,2044,31663.6,0,0
4,119.73,2.544,181.41,10.239,2019,31683.0,0,0
4,119.09,2.69,189.57,10.01,2021,31702.5,0,0
4,118.41,2.582,181.04,9.52,1996,31721.9,0,0
4,117.73,2.474,172.9,9.986,1971,31741.3,0,0
4,117.05,2.605,180.68,9.497,1990,31760.7,0,0
4,116.42,2.486,172.55,9.032,1965,31780.2,0,0
4,115.85,2.607,164.78,8.899,1940,31799.6,0,0
4,111.46,2.477,157.37,8.463,1915,31819.0,0,0
4,111.1,2.585,164.45,8.048,1940,31838.4,0,0
4,110.84,2.693,171.85,7.654,1965,31857.9,0,0
4,110.72,2.801,164.12,7.279,1940,31877.3,0,0
4,110.71,2.643,171.5,7.49,1915,31896.7,0,0
4,110.84,2.744,163.78,7.123,1890,31916.1,0,0
4,111.09,2.587,156.41,7.472,1915,31935.6,0,0
4,111.46,2.44,163.45,7.106,1890,31955.0,0,0
4,111.92,2.304,168.88,6.758,1865,31974.4,0,0
4,108.53,2.398,176.48,7.089,1840,31993.8,0,0
4,109.12,2.501,175.45,6.742,1865,32013.3,0,0
4,109.74,2.374,167.56,6.411,1840,32032.7,0,0
4,110.38,2.488,175.1,6.726,1865,32052.1,0,0
4,111.01,2.374,167.22,7.055,1890,32071.5,0,0
4,111.61,2.27,174.74,6.709,1865,32091.0,0,0
4,112.15,2.394,182.61,7.038,1840,32110.4,0,0
4,112.62,2.462,190.82,7.383,1865,32129.8,0,0
4,112.99,2.604,199.41,7.021,1890,32149.2,0,0
4,113.25,2.555,190.44,6.916,1865,32168.7,0,0
4,98.35,1.892,199.01,7.254,1858,32188.1,1,0
4,109.3,2.728,199.01,7.254,1858,32207.5,0,0
4,109.2,2.749,199.01,7.254,1858,32226.9,0,0
4,108.99,2.767,199.01,7.254,1858,32246.4,0,0
4,108.67,2.779,199.01,7.254,1858,32265.8,0,0
4,108.25,2.786,199.01,7.254,1858,32285.2,0,0
4,107.75,2.786,199.01,7.254,1858,32304.7,0,0
4,111.23,2.646,207.96,7.61,1883,32324.1,0,0
4,106.6,2.509,198.6,7.237,1908,32343.5,0,0
4,105.98,2.493,198.6,7.237,1908,32362.9,0,0
4,105.37,2.474,198.6,7.237,1908,32382.4,0,0
4,104.78,2.452,198.6,7.237,1908,32401.8,0,0
4,104.25,2.428,198.6,7.237,1908,32421.2,0,0
4,103.79,2.405,198.6,7.237,1908,32440.6,0,0
4,99.52,2.269,189.67,7.554,1933,32460.1,0,0
4,101.62,2.358,198.2,7.924,1958,32479.5,0,0
4,101.46,2.23,189.28,7.536,1933,32498.9,0,0
4,101.42,2.327,180.76,7.905,1908,32518.3,0,0
4,101.5,2.433,188.9,8.292,1933,32537.8,0,0
4,101.69,2.316,197.4,8.699,1958,32557.2,0,0
4,101.99,2.433,188.52,9.125,1983,32576.6,0,0
4,98.47,2.562,197.0,9.572,1958,32596.0,0,0
4,101.94,2.455,188.14,9.103,1933,32615.5,0,0
4,102.48,2.476,188.14,9.103,1933,32634.9,0,0
4,103.06,2.499,188.14,9.103,1933,32654.3,0,0
4,103.66,2.523,188.14,9.103,1933,32673.7,0,0
4,104.26,2.547,188.14,9.103,1933,32693.2,0,0
4,104.83,2.57,188.14,9.103,1933,32712.6,0,0
4,105.36,2.59,188.14,9.103,1933,32732.0,0,0
4,105.83,2.606,188.14,9.103,1933,32751.4,0,0
4,106.21,2.617,188.14,9.103,1933,32770.9,0,0
4,110.6,2.496,196.6,8.657,1958,32790.3,0,0
4,114.9,2.615,187.75,8.233,1933,32809.7,0,0
4,110.85,2.734,179.31,7.829,1908,32829.1,0,0
4,110.79,2.722,179.31,7.829,1908,32848.6,0,0
4,110.61,2.704,179.31,7.829,1908,32868.0,0,0
4,110.32,2.683,179.31,7.829,1908,32887.4,0,0
4,109.93,2.659,179.31,7.829,1908,32906.8,0,0
4,109.45,2.633,179.31,7.829,1908,32926.3,0,0
4,108.91,2.608,179.31,7.829,1908,32945.7,0,0
4,112.34,2.709,171.24,8.213,1933,32965.1,0,0
4,107.69,2.558,166.42,8.615,1958,32984.5,0,0
4,107.07,2.42,158.93,8.193,1933,33004.0,0,0
4,106.46,2.525,166.08,8.595,1908,33023.4,0,0
4,105.9,2.641,158.61,8.174,1883,33042.8,0,0
4,105.41,2.515,151.47,7.773,1858,33062.2,0,0
4,104.99,2.503,158.29,8.154,1883,33081.7,0,0
4,104.68,2.636,165.41,8.554,1858,33101.1,0,0
4,100.59,2.782,172.85,8.973,1833,33120.5,0,0
4,100.51,2.806,172.85,8.973,1833,33139.9,0,0
4,100.55,2.832,172.85,8.973,1833,33159.4,0,0
4,100.7,2.859,172.85,8.973,1833,33178.8,0,0
4,100.96,2.887,172.85,8.973,1833,33198.2,0,0
4,97.41,2.772,180.63,8.533,1808,33217.7,0,0
4,97.84,2.659,188.76,8.951,1783,33237.1,0,0
4,98.34,2.803,197.25,8.513,1808,33256.5,0,0
4,98.88,2.679,188.38,8.095,1783,33275.9,0,0
4,99.45,2.813,196.85,8.492,1808,33295.4,0,0
4,100.03,2.676,205.71,8.908,1833,33314.8,0,0
4,100.6,2.541,196.45,8.472,1808,33334.2,0,0
4,101.12,2.65,205.29,8.887,1783,33353.6,0,0
4,101.59,2.759,196.06,8.451,1808,33373.1,0,0
4,101.99,2.868,204.88,8.865,1833,33392.5,0,0
4,106.4,2.979,195.66,8.431,1808,33411.9,0,0
4,106.62,2.95,195.66,8.431,1808,33431.3,0,0
4,106.72,2.922,195.66,8.431,1808,33450.8,0,0
4,106.71,2.896,195.66,8.431,1808,33470.2,0,0
4,106.57,2.873,195.66,8.431,1808,33489.6,0,0
4,110.44,2.718,186.85,8.844,1783,33509.0,0,0
4,105.99,2.837,188.02,8.411,1758,33528.5,0,0
4,105.55,2.832,188.02,8.411,1758,33547.9,0,0
4,105.05,2.834,188.02,8.411,1758,33567.3,0,0
4,129.66,3.704,168.02,6.411,1758,33586.7,0,1
4,103.9,2.858,188.02,8.411,1758,33606.2,0,0
4,103.29,2.878,188.02,8.411,1758,33625.6,0,0
4,102.7,2.903,188.02,8.411,1758,33645.0,0,0
4,98.2,2.976,179.56,7.999,1783,33664.4,0,0
4,97.72,3.149,187.64,8.391,1808,33683.9,0,0
4,97.31,3.026,179.19,8.613,1833,33703.3,0,0
4,96.99,3.199,187.26,9.035,1858,33722.7,0,0
4,96.76,3.377,195.69,8.593,1833,33742.1,0,0
4,92.77,3.559,186.88,8.172,1808,33761.6,0,0
4,92.76,3.401,195.29,8.572,1833,33781.0,0,0
4,92.87,3.243,204.08,8.859,1858,33800.4,0,0
4,93.07,3.085,211.59,8.425,1833,33819.8,0,0
4,93.37,2.928,202.07,8.838,1808,33839.3,0,0
4,93.76,2.773,211.16,9.271,1783,33858.7,0,0
4,94.22,2.622,220.67,9.725,1808,33878.1,0,0
4,94.73,2.476,221.28,9.248,1783,33897.5,0,0
4,99.26,2.335,211.32,8.795,1794,33917.0,0,0
4,99.83,2.202,220.83,8.364,1769,33936.4,0,0
4,100.41,2.076,230.77,8.774,1794,33955.8,0,0
4,100.95,2.157,220.38,8.344,1819,33975.2,0,0
4,101.44,2.19,230.3,8.753,1844,33994.7,0,0
4,101.86,2.282,219.94,9.182,1869,34014.1,0,0
4,102.2,2.164,229.83,9.632,1883,34033.5,0,0
4,102.44,2.264,219.49,9.76,1858,34052.9,0,0
4,102.58,2.375,226.51,10.239,1883,34072.4,0,0
4,102.6,2.498,236.7,9.737,1858,34091.8,0,0
4,102.52,2.632,226.05,10.214,1883,34111.2,0,0
4,102.32,2.524,215.88,9.714,1908,34130.7,0,0
4,102.02,2.668,225.59,10.19,1933,34150.1,0,0
4,101.63,2.823,215.44,10.689,1958,34169.5,0,0
4,101.17,2.714,225.14,11.213,1983,34188.9,0,0
4,104.69,2.871,215.01,10.663,1958,34208.4,0,0
4,104.1,3.034,205.33,10.141,1933,34227.8,0,0
4,103.5,3.203,214.57,10.638,1958,34247.2,0,0
4,102.9,3.066,224.23,11.159,1983,34266.6,0,0
4,102.33,3.143,214.14,10.612,1958,34286.1,0,0
4,101.81,3.298,223.77,11.132,1983,34305.5,0,0
4,105.27,3.136,213.7,10.587,1958,34324.9,0,0
4,104.89,3.276,204.08,10.068,1933,34344.3,0,0
4,104.61,3.268,194.9,9.949,1908,34363.8,0,0
4,104.44,3.089,203.67,10.437,1933,34383.2,0,0
4,104.39,3.21,200.37,9.925,1908,34402.6,0,0
4,100.58,3.333,209.39,10.412,1933,34422.0,0,0
4,96.88,3.143,199.97,9.902,1935,34441.5,0,0
4,97.16,3.113,199.97,9.902,1935,34460.9,0,0
4,97.53,3.086,199.97,9.902,1935,34480.3,0,0
4,97.99,3.063,199.97,9.902,1935,34499.7,0,0
4,98.5,3.046,199.97,9.902,1935,34519.2,0,0
4,103.03,3.181,208.97,10.387,1910,34538.6,0,0
4,103.64,3.177,208.97,10.387,1910,34558.0,0,0
4,104.23,3.181,208.97,10.387,1910,34577.4,0,0
4,104.81,3.193,208.97,10.387,1910,34596.9,0,0
4,105.34,3.211,208.97,10.387,1910,34616.3,0,0
4,105.81,3.08,199.56,9.878,1910,34635.7,0,0
4,95.58,2.279,208.54,10.362,1885,34655.1,1,0
4,106.48,3.288,208.54,10.362,1885,34674.6,0,0
4,106.66,3.32,208.54,10.362,1885,34694.0,0,0
4,106.73,3.35,208.54,10.362,1885,34713.4,0,0
4,106.68,3.379,208.54,10.362,1885,34732.8,0,0
4,106.51,3.402,208.54,10.362,1885,34752.3,0,0
4,106.24,3.42,208.54,10.362,1885,34771.7,0,0
4,109.95,3.595,212.59,9.854,1910,34791.1,0,0
4,105.4,3.771,203.03,9.371,1885,34810.5,0,0
4,108.93,3.586,204.53,9.83,1860,34830.0,0,0
4,112.36,3.401,213.74,10.312,1885,34849.4,0,0
4,111.72,3.545,217.82,9.807,1860,34868.8,0,0
4,111.07,3.351,224.41,9.326,1835,34888.2,0,0
4,110.44,3.163,234.51,9.783,1810,34907.7,0,0
4,109.86,3.284,223.95,10.263,1785,34927.1,0,0
4,109.34,3.408,213.88,9.76,1760,34946.5,0,0
4,105.01,3.214,214.0,10.238,1735,34965.9,0,0
4,104.69,3.033,204.37,9.736,1760,34985.4,0,0
4,104.48,3.156,195.17,10.213,1785,35004.8,0,0
4,104.39,2.988,203.95,9.713,1810,35024.2,0,0
4,104.43,2.836,194.78,10.189,1785,35043.7,0,0
4,104.58,2.697,203.54,10.688,1810,35063.1,0,0
4,104.85,2.831,212.7,10.164,1831,35082.5,0,0
4,105.22,2.979,203.13,9.666,1856,35101.9,0,0
4,105.68,2.853,193.99,9.193,1831,35121.4,0,0
4,102.27,2.833,185.26,8.742,1806,35140.8,0,0
4,98.86,2.995,176.92,8.706,1781,35160.2,0,0
4,103.43,2.879,168.96,8.28,1756,35179.6,0,0
4,100.01,3.046,176.56,8.685,1781,35199.1,0,0
4,100.58,3.1,184.51,8.26,1756,35218.5,0,0
4,101.11,2.975,192.81,8.665,1731,35237.9,0,0
4,101.58,3.139,184.14,8.24,1756,35257.3,0,0
4,101.98,3.306,175.85,8.644,1781,35276.8,0,0
4,106.39,3.156,183.76,8.22,1756,35296.2,0,0
4,106.61,3.31,192.03,8.623,1781,35315.6,0,0
4,106.72,3.146,183.39,8.257,1756,35335.0,0,0
4,106.71,3.226,175.14,7.852,1781,35354.5,0,0
4,106.58,3.361,183.02,7.467,1756,35373.9,0,0
4,106.34,3.176,174.78,7.612,1781,35393.3,0,0
4,106.0,2.998,182.65,7.985,1806,35412.7,0,0
4,105.57,3.112,190.87,8.377,1831,35432.2,0,0
4,105.07,3.173,182.28,7.966,1806,35451.6,0,0
4,101.51,3.294,190.48,8.34,1792,35471.0,0,0
4,100.94,3.109,181.91,7.931,1767,35490.4,0,0
4,100.35,2.939,180.85,7.543,1742,35509.9,0,0
4,99.78,2.784,188.98,7.912,1767,35529.3,0,0
4,99.24,2.642,180.48,7.524,1792,35548.7,0,0
4,102.67,2.768,188.6,7.893,1767,35568.1,0,0
4,106.15,2.906,180.11,7.506,1792,35587.6,0,0
4,101.89,3.058,172.01,7.221,1817,35607.0,0,0
4,100.41,2.93,164.27,7.574,1842,35626.4,0,0
4,96.41,2.811,171.66,7.203,1817,35645.8,0,0
4,100.28,2.7,179.39,7.556,1842,35665.3,0,0
4,96.5,2.596,175.94,7.926,1867,35684.7,0,0
4,92.82,2.747,168.02,7.538,1892,35704.1,0,0
4,97.02,2.889,175.59,7.543,1867,35723.5,0,0
4,96.78,3.046,183.49,7.173,1892,35743.0,0,0
4,93.31,3.213,175.23,7.524,1867,35762.4,0,0
4,97.78,3.073,183.12,7.893,1842,35781.8,0,0
4,98.34,3.081,183.12,7.893,1842,35801.2,0,0
4,98.91,3.082,183.12,7.893,1842,35820.7,0,0
4,99.48,3.076,183.12,7.893,1842,35840.1,0,0
4,100.01,3.064,183.12,7.893,1842,35859.5,0,0
4,100.5,3.046,183.12,7.893,1842,35878.9,0,0
4,100.93,3.023,183.12,7.893,1842,35898.4,0,0
4,101.27,2.996,183.12,7.893,1842,35917.8,0,0
4,101.51,2.968,183.12,7.893,1842,35937.2,0,0
4,101.65,2.798,191.36,8.28,1867,35956.6,0,0
4,101.67,2.639,191.18,8.686,1842,35976.1,0,0
4,101.59,2.492,182.58,8.26,1867,35995.5,0,0
4,101.4,2.356,190.8,8.665,1842,36014.9,0,0
4,101.11,2.232,199.38,9.089,1817,36034.4,0,0
4,100.73,2.119,190.41,9.535,1792,36053.8,0,0
4,100.27,2.017,181.84,9.068,1767,36073.2,0,0
4,99.75,1.924,190.02,8.623,1742,36092.6,0,0
4,98.3,2.026,198.57,8.201,1767,36112.1,0,0
4,101.73,2.137,189.64,7.799,1785,36131.5,0,0
4,97.17,2.257,198.17,7.417,1760,36150.9,0,0
4,96.63,2.387,189.25,7.053,1785,36170.3,0,0
4,96.13,2.295,197.77,6.708,1760,36189.8,0,0
4,95.7,2.428,206.67,7.036,1735,36209.2,0,0
4,95.35,2.332,197.37,7.318,1760,36228.6,0,0
4,95.09,2.464,188.49,7.676,1735,36248.0,0,0
4,94.94,2.598,196.97,8.052,1710,36267.5,0,0
4,94.89,2.735,188.11,7.658,1735,36286.9,0,0
4,94.95,2.873,179.64,7.283,1760,36306.3,0,0
4,95.12,2.736,187.73,7.639,1785,36325.7,0,0
4,95.4,2.599,179.28,7.265,1799,36345.2,0,0
4,95.76,2.712,187.35,7.621,1774,36364.6,0,0
4,96.2,2.824,178.92,7.248,1799,36384.0,0,0
4,96.71,2.668,186.97,7.603,1824,36403.4,0,0
4,97.25,2.771,195.38,7.975,1849,36422.9,0,0
4,97.82,2.877,186.59,8.366,1874,36442.3,0,0
4,94.7,2.986,194.98,8.776,1849,36461.7,0,0
4,99.27,2.816,203.76,9.206,1824,36481.1,0,0
4,99.78,2.659,212.93,8.755,1849,36500.6,0,0
4,100.22,2.515,203.35,9.184,1874,36520.0,0,0
4,100.59,2.459,194.2,8.734,1849,36539.4,0,0
4,100.87,2.336,185.46,9.162,1824,36558.8,0,0
4,101.04,2.448,193.8,8.713,1799,36578.3,0,0
4,101.11,2.572,185.08,8.286,1824,36597.7,0,0
4,101.06,2.708,193.41,7.88,1799,36617.1,0,0
4,105.02,2.857,184.71,7.494,1824,36636.5,0,0
4,100.65,2.742,193.02,7.127,1849,36656.0,0,0
4,104.39,2.635,184.33,6.778,1874,36675.4,0,0
4,103.94,2.66,184.33,6.778,1874,36694.8,0,0
4,103.42,2.686,184.33,6.778,1874,36714.2,0,0
4,102.86,2.71,184.33,6.778,1874,36733.7,0,0
4,102.27,2.731,184.33,6.778,1874,36753.1,0,0
4,101.68,2.748,184.33,6.778,1874,36772.5,0,0
4,101.1,2.759,184.33,6.778,1874,36791.9,0,0
4,96.63,2.632,176.04,7.11,1849,36811.4,0,0
4,96.17,2.505,168.12,6.761,1863,36830.8,0,0
4,95.79,2.619,160.55,7.093,1888,36850.2,0,0
4,95.5,2.622,153.33,6.745,1863,36869.6,0,0
4,95.31,2.731,160.23,7.076,1838,36889.1,0,0
4,95.22,2.579,153.02,6.729,1863,36908.5,0,0
4,95.25,2.679,146.13,6.399,1888,36927.9,0,0
4,95.38,2.78,152.71,6.713,1913,36947.4,0,0
4,99.52,2.886,159.58,6.384,1938,36966.8,0,0
4,103.78,2.722,166.76,6.071,1931,36986.2,0,0
4,104.23,2.83,159.25,6.368,1906,37005.6,0,0
4,104.76,2.677,152.09,6.681,1931,37025.1,0,0
4,105.34,2.538,145.24,6.353,1956,37044.5,0,0
4,105.94,2.654,145.57,6.042,1981,37063.9,0,0
4,102.55,2.527,139.02,6.338,1992,37083.3,0,0
4,99.09,2.656,145.28,6.027,1967,37102.8,0,0
4,99.61,2.541,151.81,6.323,1942,37122.2,0,0
4,90.07,1.705,158.65,6.013,1967,37141.6,1,0
4,100.48,2.457,158.65,6.013,1967,37161.0,0,0
4,100.78,2.48,158.65,6.013,1967,37180.5,0,0
4,100.99,2.504,158.65,6.013,1967,37199.9,0,0
4,101.1,2.528,158.65,6.013,1967,37219.3,0,0
4,101.09,2.55,158.65,6.013,1967,37238.7,0,0
4,100.97,2.569,158.65,6.013,1967,37258.2,0,0
4,104.86,2.708,165.79,5.718,1942,37277.6,0,0
4,104.53,2.588,173.25,5.998,1917,37297.0,0,0
4,104.1,2.469,181.04,6.292,1892,37316.4,0,0
4,103.61,2.349,189.19,6.601,1917,37335.9,0,0
4,103.06,2.455,197.7,6.924,1892,37355.3,0,0
4,102.48,2.326,188.81,7.263,1917,37374.7,0,0
4,105.87,2.422,197.3,7.619,1892,37394.1,0,0
4,105.85,2.518,206.18,7.993,1867,37413.6,0,0
4,101.33,2.614,215.46,8.384,1842,37433.0,0,0
4,100.83,2.465,205.76,7.973,1817,37452.4,0,0
4,100.4,2.559,199.7,7.583,1842,37471.8,0,0
4,100.06,2.657,208.69,7.954,1867,37491.3,0,0
4,99.82,2.51,218.08,7.565,1877,37510.7,0,0
4,99.7,2.615,208.27,7.935,1852,37530.1,0,0
4,99.68,2.479,198.89,8.324,1877,37549.5,0,0
4,99.78,2.593,207.84,8.732,1852,37569.0,0,0
4,100.0,2.72,199.52,8.682,1827,37588.4,0,0
4,100.32,2.859,190.54,9.107,1802,37607.8,0,0
4,100.73,2.736,181.97,8.661,1827,37627.2,0,0
4,101.21,2.888,173.78,8.577,1852,37646.7,0,0
4,101.76,3.021,181.6,8.997,1877,37666.1,0,0
4,102.34,2.903,173.43,8.556,1852,37685.5,0,0
4,102.94,3.072,181.23,8.975,1827,37704.9,0,0
4,103.53,2.967,189.16,9.324,1852,37724.4,0,0
4,108.14,2.849,180.65,8.867,1877,37743.8,0,0
4,112.74,2.828,173.04,9.302,1902,37763.2,0,0
4,117.31,2.707,165.26,8.846,1877,37782.6,0,0
4,113.74,2.848,157.82,8.413,1902,37802.1,0,0
4,114.02,2.715,150.72,8.0,1877,37821.5,0,0
4,114.18,2.583,143.94,7.608,1902,37840.9,0,0
4,114.22,2.603,150.41,7.236,1877,37860.4,0,0
4,114.13,2.596,148.68,7.438,1852,37879.8,0,0
4,113.92,2.627,155.38,7.074,1827,37899.2,0,0
4,113.59,2.668,162.37,7.326,1852,37918.6,0,0
4,113.17,2.771,169.67,7.685,1853,37938.1,0,0
4,112.65,2.612,162.04,7.308,1878,37957.5,0,0
4,116.12,2.463,169.33,7.666,1853,37976.9,0,0
4,119.49,2.559,176.95,7.291,1828,37996.3,0,0
4,116.55,2.51,184.91,6.933,1853,38015.8,0,0
4,111.9,2.376,193.23,7.273,1832,38035.2,0,0
4,115.23,2.253,201.93,7.63,1807,38054.6,0,0
4,114.64,2.358,204.28,8.003,1832,38074.0,0,0
4,114.12,2.247,199.83,7.611,1807,38093.5,0,0
4,113.7,2.217,190.83,7.984,1782,38112.9,0,0
4,113.38,2.122,199.42,7.593,1807,38132.3,0,0
4,113.19,2.035,202.87,7.221,1832,38151.7,0,0
4,113.13,2.152,193.74,6.867,1857,38171.2,0,0
4,113.21,2.276,202.45,7.204,1832,38190.6,0,0
4,109.52,2.409,193.34,6.851,1807,38210.0,0,0
4,105.93,2.315,184.64,7.178,1782,38229.4,0,0
4,110.24,2.222,176.33,6.826,1807,38248.9,0,0
4,110.75,2.131,184.27,7.161,1832,38268.3,0,0
4,111.33,2.04,175.98,7.512,1857,38287.7,0,0
4,111.95,2.145,183.9,7.144,1832,38307.1,0,0
4,112.6,2.251,192.17,7.494,1807,38326.6,0,0
4,113.26,2.356,183.52,7.824,1782,38346.0,0,0
4,113.89,2.461,191.78,8.207,1807,38365.4,0,0
4,110.4,2.331,198.99,7.805,1782,38384.8,0,0
4,110.9,2.426,207.95,7.422,1757,38404.3,0,0
4,111.31,2.521,217.31,7.059,1732,38423.7,0,0
4,111.62,2.378,207.53,7.02,1707,38443.1,0,0
4,111.81,2.468,216.87,6.676,1732,38462.5,0,0
4,116.01,2.562,207.11,7.003,1707,38482.0,0,0
4,120.08,2.418,197.79,7.332,1682,38501.4,0,0
4,119.9,2.4,197.79,7.332,1682,38520.8,0,0
4,119.6,2.386,197.79,7.332,1682,38540.2,0,0
4,119.19,2.378,197.79,7.332,1682,38559.7,0,0
4,118.68,2.375,197.79,7.332,1682,38579.1,0,0
4,118.09,2.378,197.79,7.332,1682,38598.5,0,0
4,117.45,2.386,197.79,7.332,1682,38617.9,0,0
4,112.78,2.285,188.89,6.972,1707,38637.4,0,0
4,112.12,2.413,180.39,7.314,1732,38656.8,0,0
4,111.49,2.551,172.27,6.956,1707,38676.2,0,0
4,110.89,2.699,180.02,7.297,1682,38695.6,0,0
4,110.37,2.856,171.92,7.654,1657,38715.1,0,0
4,109.93,3.021,179.66,7.279,1632,38734.5,0,0
4,109.59,2.9,171.57,7.636,1657,38753.9,0,0
4,109.36,3.06,179.29,7.262,1682,38773.4,0,0
4,109.26,2.929,171.23,7.113,1707,38792.8,0,0
4,109.29,2.797,178.93,7.462,1682,38812.2,0,0
4,109.44,2.665,186.98,7.828,1700,38831.6,0,0
4,109.71,2.79,178.57,7.444,1675,38851.1,0,0
4,110.09,2.646,186.6,7.809,1700,38870.5,0,0
4,114.49,2.758,195.0,7.426,1725,38889.9,0,0
4,119.01,2.87,186.23,7.062,1700,38909.3,0,0
4,119.67,2.709,194.61,7.408,1725,38928.8,0,0
4,120.36,2.555,203.23,7.045,1700,38948.2,0,0
4,121.06,2.547,212.38,6.7,1725,38967.6,0,0
4,121.75,2.402,217.07,7.028,1750,38987.0,0,0
4,122.39,2.267,219.31,7.373,1775,39006.5,0,0
4,122.97,2.358,209.44,7.011,1800,39025.9,0,0
4,123.46,2.458,200.01,7.355,1813,39045.3,0,0
4,127.95,2.568,191.01,7.715,1828,39064.7,0,0
4,128.22,2.565,191.01,7.715,1828,39084.2,0,0
4,128.36,2.57,191.01,7.715,1828,39103.6,0,0
4,128.35,2.58,191.01,7.715,1828,39123.0,0,0
4,128.21,2.595,191.01,7.715,1828,39142.4,0,0
4,127.93,2.615,191.01,7.715,1828,39161.9,0,0
4,127.53,2.638,191.01,7.715,1828,39181.3,0,0
4,122.94,2.536,199.61,8.094,1853,39200.7,0,0
4,125.51,2.438,190.62,7.697,1878,39220.1,0,0
4,124.84,2.342,182.05,7.32,1903,39239.6,0,0
4,124.14,2.248,190.24,6.961,1881,39259.0,0,0
4,123.42,2.372,198.8,7.302,1906,39278.4,0,0
4,122.71,2.269,189.85,7.66,1881,39297.8,0,0
4,122.04,2.385,198.4,8.035,1856,39317.3,0,0
4,121.44,2.501,207.32,8.429,1831,39336.7,0,0
4,124.83,2.377,216.65,8.016,1856,39356.1,0,0
4,124.4,2.255,206.9,8.409,1881,39375.5,0,0
4,124.1,2.35,216.22,8.821,1856,39395.0,0,0
4,123.93,2.444,206.49,8.389,1881,39414.4,0,0
4,123.91,2.539,197.19,7.978,1856,39433.8,0,0
4,124.03,2.636,188.32,8.369,1831,39453.2,0,0
4,124.3,2.736,179.85,8.779,1806,39472.7,0,0
4,124.69,2.711,179.85,8.779,1806,39492.1,0,0
4,125.19,2.688,179.85,8.779,1806,39511.5,0,0
4,125.79,2.669,179.85,8.779,1806,39530.9,0,0
4,126.47,2.655,179.85,8.779,1806,39550.4,0,0
4,123.21,2.774,171.75,9.209,1831,39569.8,0,0
4,127.93,2.906,164.02,8.757,1856,39589.2,0,0
4,119.43,2.136,171.4,8.328,1881,39608.6,1,0
4,133.42,3.064,171.4,8.328,1881,39628.1,0,0
4,134.08,3.083,171.4,8.328,1881,39647.5,0,0
4,134.65,3.107,171.4,8.328,1881,39666.9,0,0
4,135.11,3.135,171.4,8.328,1881,39686.4,0,0
4,135.44,3.166,171.4,8.328,1881,39705.8,0,0
4,135.64,3.196,171.4,8.328,1881,39725.2,0,0
4,131.56,3.071,163.69,8.736,1906,39744.6,0,0
4,131.47,3.096,163.69,8.736,1906,39764.1,0,0
4,131.23,3.116,163.69,8.736,1906,39783.5,0,0
4,130.86,3.131,163.69,8.736,1906,39802.9,0,0
4,130.37,3.139,163.69,8.736,1906,39822.3,0,0
4,129.79,3.14,163.69,8.736,1906,39841.8,0,0
4,129.12,3.134,163.69,8.736,1906,39861.2,0,0
4,132.43,3.272,171.06,9.165,1931,39880.6,0,0
4,131.66,3.252,171.06,9.165,1931,39900.0,0,0
4,130.9,3.228,171.06,9.165,1931,39919.5,0,0
4,130.17,3.199,171.06,9.165,1931,39938.9,0,0
4,129.5,3.169,171.06,9.165,1931,39958.3,0,0
4,128.91,2.988,163.36,8.715,1956,39977.7,0,0
4,128.43,3.102,170.71,8.818,1931,39997.2,0,0
4,128.08,3.224,163.03,8.385,1956,40016.6,0,0
4,127.86,3.049,156.23,7.975,1931,40036.0,0,0
4,127.78,2.888,163.26,7.584,1906,40055.4,0,0
4,123.98,3.018,170.61,7.212,1931,40074.9,0,0
4,128.08,3.162,174.74,7.566,1956,40094.3,0,0
4,128.44,3.321,166.87,7.936,1981,40113.7,0,0
4,128.92,3.176,174.38,7.547,1956,40133.1,0,0
4,129.51,3.043,182.23,7.178,1931,40152.6,0,0
4,130.18,2.921,174.03,7.529,1956,40172.0,0,0
4,130.91,3.089,181.86,7.16,1981,40191.4,0,0
4,131.67,2.969,190.05,7.511,2006,40210.8,0,0
4,132.44,2.998,190.05,7.511,2006,40230.3,0,0
4,133.18,3.025,190.05,7.511,2006,40249.7,0,0
4,133.86,3.049,190.05,7.511,2006,40269.1,0,0
4,134.46,3.068,190.05,7.511,2006,40288.5,0,0
4,134.96,3.082,190.05,7.511,2006,40308.0,0,0
4,135.34,3.237,181.49,7.143,2031,40327.4,0,0
4,135.59,3.393,173.33,6.793,2006,40346.8,0,0
4,135.69,3.383,165.53,6.46,1981,40366.2,0,0
4,135.64,3.53,172.98,6.777,1956,40385.7,0,0
4,135.44,3.34,165.19,7.109,1967,40405.1,0,0
4,135.1,3.203,165.27,7.457,1992,40424.5,0,0
4,130.55,3.022,157.83,7.823,1967,40443.9,0,0
4,125.93,2.89,150.73,7.439,1942,40463.4,0,0
4,125.31,2.863,150.73,7.439,1942,40482.8,0,0
4,124.63,2.836,150.73,7.439,1942,40502.2,0,0
4,123.92,2.813,150.73,7.439,1942,40521.6,0,0
4,123.2,2.795,150.73,7.439,1942,40541.1,0,0
4,122.5,2.782,150.73,7.439,1942,40560.5,0,0
4,117.91,2.642,157.51,7.075,1967,40579.9,0,0
4,117.34,2.769,164.6,7.422,1992,40599.4,0,0
4,116.87,2.642,172.0,7.785,1967,40618.8,0,0
4,116.51,2.527,179.74,7.404,1992,40638.2,0,0
4,116.26,2.422,171.66,7.767,1967,40657.6,0,0
4,116.15,2.559,179.38,8.147,1992,40677.1,0,0
4,116.17,2.707,187.45,8.546,2017,40696.5,0,0
4,120.21,2.865,195.89,8.965,2042,40715.9,0,0
4,116.61,3.031,204.7,8.526,2017,40735.3,0,0
4,117.01,3.058,204.7,8.526,2017,40754.8,0,0
4,117.52,3.082,204.7,8.526,2017,40774.2,0,0
4,118.11,3.101,204.7,8.526,2017,40793.6,0,0
4,118.75,3.114,204.7,8.526,2017,40813.0,0,0
4,119.44,3.12,204.7,8.526,2017,40832.5,0,0
4,119.23,3.269,195.49,8.108,1992,40851.9,0,0
4,123.94,3.418,186.69,8.505,1967,40871.3,0,0
4,124.6,3.239,195.1,8.922,1942,40890.7,0,0
4,125.19,3.373,203.87,9.359,1917,40910.2,0,0
4,125.69,3.186,194.7,9.818,1942,40929.6,0,0
4,126.08,3.006,185.94,9.337,1917,40949.0,0,0
4,126.36,3.12,177.57,8.879,1921,40968.4,0,0
4,126.5,3.238,185.56,8.444,1896,40987.9,0,0
4,126.5,3.363,193.91,8.858,1921,41007.3,0,0
4,122.25,3.496,202.64,8.424,1946,41026.7,0,0
4,121.98,3.307,211.76,8.837,1971,41046.1,0,0
4,121.61,3.135,221.29,8.404,1946,41065.6,0,0
4,121.12,3.278,211.33,8.815,1945,41085.0,0,0
4,120.55,3.122,220.84,9.247,1970,41104.4,0,0
4,119.92,3.281,212.54,9.701,1995,41123.8,0,0
4,115.23,3.139,222.11,10.176,2020,41143.3,0,0
4,110.74,3.009,212.11,9.677,1995,41162.7,0,0
4,106.13,3.18,221.66,9.203,1970,41182.1,0,0
4,105.55,3.21,221.66,9.203,1970,41201.5,0,0
4,105.03,3.241,221.66,9.203,1970,41221.0,0,0
4,104.58,3.272,221.66,9.203,1970,41240.4,0,0
4,104.21,3.301,221.66,9.203,1970,41259.8,0,0
4,103.96,3.326,221.66,9.203,1970,41279.2,0,0
4,103.82,3.345,221.66,9.203,1970,41298.7,0,0
4,103.79,3.359,221.66,9.203,1970,41318.1,0,0
4,103.89,3.365,221.66,9.203,1970,41337.5,0,0
4,100.22,3.37,211.68,8.752,1945,41356.9,0,0
4,100.53,3.199,221.21,9.181,1920,41376.4,0,0
4,100.93,3.337,211.25,9.631,1945,41395.8,0,0
4,101.42,3.156,220.76,10.103,1920,41415.2,0,0
4,101.96,2.98,210.83,10.457,1945,41434.6,0,0
4,102.54,3.095,201.34,9.985,1970,41454.1,0,0
4,107.14,3.212,192.28,9.496,1945,41473.5,0,0
4,107.76,3.334,183.63,9.031,1920,41492.9,0,0
4,108.35,3.463,175.36,8.588,1895,41512.4,0,0
4,108.88,3.271,183.26,9.009,1870,41531.8,0,0
4,109.35,3.095,175.01,9.45,1895,41551.2,0,0
4,109.73,3.23,182.88,8.987,1870,41570.6,0,0
4,110.0,3.379,191.11,9.428,1895,41590.1,0,0
4,110.16,3.219,182.51,8.966,1920,41609.5,0,0
4,110.21,3.074,174.3,8.526,1895,41628.9,0,0
4,110.13,2.942,180.41,8.944,1920,41648.3,0,0
4,109.93,3.105,188.53,9.382,1895,41667.8,0,0
4,109.63,2.981,180.05,8.923,1870,41687.2,0,0
4,109.22,2.865,181.38,9.36,1845,41706.6,0,0
4,108.73,3.031,173.22,8.901,1870,41726.0,0,0
4,112.23,3.207,181.02,9.337,1845,41745.5,0,0
4,111.6,3.235,181.02,9.337,1845,41764.9,0,0
4,110.96,3.259,181.02,9.337,1845,41784.3,0,0
4,110.32,3.277,181.02,9.337,1845,41803.7,0,0
4,109.7,3.29,181.02,9.337,1845,41823.2,0,0
4,109.13,3.295,181.02,9.337,1845,41842.6,0,0
4,108.64,3.292,181.02,9.337,1845,41862.0,0,0
4,108.23,3.282,181.02,9.337,1845,41881.4,0,0
4,107.92,3.266,181.02,9.337,1845,41900.9,0,0
4,107.73,3.088,172.87,8.88,1870,41920.3,0,0
4,107.67,3.21,165.09,9.315,1845,41939.7,0,0
4,107.73,3.137,172.52,9.771,1870,41959.1,0,0
4,107.91,3.256,180.28,9.293,1895,41978.6,0,0
4,108.21,3.07,172.17,8.837,1870,41998.0,0,0
4,104.7,3.189,179.92,9.27,1895,42017.4,0,0
4,101.24,3.013,188.01,9.725,1870,42036.8,0,0
4,97.81,3.139,179.55,10.201,1895,42056.3,0,0
4,94.39,3.277,187.63,10.701,1870,42075.7,0,0
4,89.04,2.181,196.08,11.114,1845,42095.1,1,0
4,99.51,3.118,196.08,11.114,1845,42114.5,0,0
4,100.06,3.129,196.08,11.114,1845,42134.0,0,0
4,100.58,3.146,196.08,11.114,1845,42153.4,0,0
4,101.03,3.169,196.08,11.114,1845,42172.8,0,0
4,101.41,3.196,196.08,11.114,1845,42192.2,0,0
4,101.7,3.227,196.08,11.114,1845,42211.7,0,0
4,106.0,3.295,187.25,11.472,1870,42231.1,0,0
4,106.09,3.486,195.68,12.034,1895,42250.5,0,0
4,106.05,3.347,186.88,11.444,1870,42269.9,0,0
4,105.9,3.209,178.47,10.883,1845,42289.4,0,0
4,105.64,3.072,170.43,10.35,1870,42308.8,0,0
4,105.28,3.23,162.77,10.857,1895,42328.2,0,0
4,104.84,3.079,170.09,11.389,1920,42347.6,0,0
4,104.33,3.14,177.74,10.831,1945,42367.1,0,0
4,99.73,3.281,169.75,10.3,1920,42386.5,0,0
4,103.17,3.42,177.38,9.796,1945,42405.9,0,0
4,102.57,3.453,185.37,10.276,1970,42425.4,0,0
4,101.99,3.588,193.71,10.779,1995,42444.8,0,0
4,101.44,3.726,184.99,10.251,2020,42464.2,0,0
4,100.96,3.513,193.32,9.749,1995,42483.6,0,0
4,100.55,3.312,184.62,9.271,2020,42503.1,0,0
4,100.23,3.126,192.92,9.725,1995,42522.5,0,0
4,100.02,3.252,201.61,10.202,1970,42541.9,0,0
4,99.92,3.078,210.68,9.702,1995,42561.3,0,0
4,103.81,3.214,201.2,9.227,1970,42580.8,0,0
4,100.06,3.056,192.14,8.774,1945,42600.2,0,0
4,100.3,2.913,200.79,8.345,1920,42619.6,0,0
4,100.64,3.064,209.83,7.936,1945,42639.0,0,0
4,101.07,2.934,200.38,8.324,1920,42658.5,0,0
4,101.58,2.814,191.37,8.732,1931,42677.9,0,0
4,102.13,2.975,182.75,8.305,1906,42697.3,0,0
4,102.72,2.859,174.53,7.898,1931,42716.7,0,0
4,103.32,2.749,182.38,8.285,1956,42736.2,0,0
4,107.94,2.641,182.81,8.691,1981,42755.6,0,0
4,108.52,2.791,191.04,8.739,1956,42775.0,0,0
4,109.04,2.946,199.63,9.167,1962,42794.4,0,0
4,109.48,2.819,200.33,8.718,1987,42813.9,0,0
4,109.82,2.692,191.32,9.145,2012,42833.3,0,0
4,110.06,2.695,191.32,9.145,2012,42852.7,0,0
4,110.19,2.691,191.32,9.145,2012,42872.1,0,0
4,110.2,2.682,191.32,9.145,2012,42891.6,0,0
4,110.08,2.667,191.32,9.145,2012,42911.0,0,0
4,113.96,2.521,182.71,9.593,1987,42930.4,0,0
4,109.51,2.619,190.93,9.123,2012,42949.8,0,0
4,105.0,2.72,182.34,9.57,1987,42969.3,0,0
4,104.51,2.62,174.13,9.101,1962,42988.7,0,0
4,103.96,2.72,181.97,8.655,1937,43008.1,0,0
4,103.38,2.567,190.16,9.079,1962,43027.5,0,0
4,102.78,2.426,191.89,9.524,1987,43047.0,0,0
4,102.19,2.529,183.25,9.057,2012,43066.4,0,0
4,101.63,2.59,191.5,9.501,1987,43085.8,0,0
4,101.12,2.464,200.12,9.036,1962,43105.2,0,0
4,104.59,2.586,208.96,9.478,1984,43124.7,0,0
4,108.12,2.721,199.56,9.014,2009,43144.1,0,0
4,111.74,2.606,190.58,9.453,1984,43163.5,0,0
4,107.7,2.5,194.67,9.61,1959,43182.9,0,0
4,107.67,2.643,203.43,9.14,1934,43202.4,0,0
4,107.77,2.54,212.58,8.833,1959,43221.8,0,0
4,107.99,2.688,222.15,9.266,1934,43241.2,0,0
4,108.32,2.583,212.15,8.812,1959,43260.6,0,0
4,108.76,2.729,202.61,9.243,1934,43280.1,0,0
4,109.27,2.879,211.72,9.696,1909,43299.5,0,0
4,109.85,2.755,202.2,9.221,1934,43318.9,0,0
4,110.48,2.63,193.1,9.673,1909,43338.3,0,0
4,107.12,2.506,184.41,10.147,1884,43357.8,0,0
4,111.76,2.382,192.71,10.644,1909,43377.2,0,0
4,116.43,2.487,184.03,10.123,1884,43396.6,0,0
4,117.01,2.354,175.75,9.627,1859,43416.1,0,0
4,117.51,2.224,167.84,9.155,1884,43435.5,0,0
4,117.92,2.099,160.29,8.706,1909,43454.9,0,0
4,118.22,1.98,167.5,9.133,1934,43474.3,0,0
4,118.4,1.867,175.04,8.685,1909,43493.8,0,0
4,118.45,1.938,167.16,9.111,1884,43513.2,0,0
4,114.53,1.829,159.64,8.665,1859,43532.6,0,0
4,114.34,1.729,166.83,9.089,1884,43552.0,0,0
4,114.02,1.638,174.33,8.927,1909,43571.5,0,0
4,113.6,1.711,182.18,9.364,1934,43590.9,0,0
4,113.1,1.792,190.38,8.905,1909,43610.3,0,0
4,112.52,1.882,198.94,9.341,1934,43629.7,0,0
4,111.9,1.799,202.57,9.799,1909,43649.2,0,0
4,111.26,1.723,193.46,9.319,1934,43668.6,0,0
4,110.61,1.653,202.16,9.776,1959,43688.0,0,0
4,106.04,1.749,196.35,9.297,1934,43707.4,0,0
4,105.49,1.85,199.93,9.752,1909,43726.9,0,0
4,105.01,1.778,190.93,9.274,1884,43746.3,0,0
4,104.61,1.881,182.34,8.82,1909,43765.7,0,0
4,104.31,1.805,174.14,8.388,1884,43785.1,0,0
4,104.12,1.73,181.97,7.977,1859,43804.6,0,0
4,104.06,1.655,173.78,7.586,1884,43824.0,0,0
4,104.11,1.739,181.6,7.958,1909,43843.4,0,0
4,104.28,1.823,173.43,7.568,1934,43862.8,0,0
4,104.56,1.907,181.24,7.197,1959,43882.3,0,0
4,104.95,1.808,173.08,6.844,1934,43901.7,0,0
4,105.42,1.883,180.87,6.509,1909,43921.1,0,0
4,105.97,1.78,189.01,6.828,1884,43940.5,0,0
4,106.56,1.849,197.51,7.162,1859,43960.0,0,0
4,107.18,1.919,203.43,7.513,1884,43979.4,0,0
4,107.8,1.965,194.28,7.501,1883,43998.8,0,0
4,108.41,2.04,185.54,7.134,1858,44018.2,0,0
4,108.97,1.926,177.19,7.483,1833,44037.7,0,0
4,109.46,2.005,180.09,7.85,1858,44057.1,0,0
4,109.88,1.899,188.19,8.235,1861,44076.5,0,0
4,106.08,1.803,179.73,7.831,1886,44095.9,0,0
4,106.28,1.889,187.81,7.447,1861,44115.4,0,0
4,106.37,1.984,196.27,7.082,1886,44134.8,0,0
4,106.34,1.897,187.43,7.429,1861,44154.2,0,0
4,106.19,2.001,195.87,7.793,1886,44173.6,0,0
4,110.04,2.114,187.05,8.175,1911,44193.1,0,0
4,109.67,2.236,195.47,8.576,1886,44212.5,0,0
4,109.21,2.366,204.27,8.996,1911,44231.9,0,0
4,108.68,2.504,213.46,9.437,1936,44251.3,0,0
4,108.09,2.405,203.85,8.975,1961,44270.8,0,0
4,107.47,2.54,213.03,9.414,1936,44290.2,0,0
4,106.85,2.434,222.61,8.953,1911,44309.6,0,0
4,102.28,2.562,232.63,8.514,1886,44329.1,0,0
4,101.73,2.445,243.1,8.097,1906,44348.5,0,0
4,101.24,2.563,232.16,8.494,1881,44367.9,0,0
4,100.83,2.68,242.61,8.078,1906,44387.3,0,0
4,100.51,2.797,231.69,8.473,1881,44406.8,0,0
4,100.29,2.646,234.87,8.889,1856,44426.2,0,0
4,100.18,2.752,224.3,8.453,1831,44445.6,0,0
4,100.2,2.597,214.21,8.867,1806,44465.0,0,0
4,100.32,2.695,223.85,9.302,1781,44484.5,0,0
4,96.66,2.541,213.78,9.758,1806,44503.9,0,0
4,96.99,2.481,223.4,9.28,1789,44523.3,0,0
4,97.4,2.342,213.34,8.825,1764,44542.7,0,0
4,88.1,1.551,203.74,9.257,1789,44562.2,1,0
4,98.42,2.205,203.74,9.257,1789,44581.6,0,0
4,98.99,2.199,203.74,9.257,1789,44601.0,0,0
4,99.57,2.199,203.74,9.257,1789,44620.4,0,0
4,100.13,2.205,203.74,9.257,1789,44639.9,0,0
4,100.67,2.215,203.74,9.257,1789,44659.3,0,0
4,101.15,2.23,203.74,9.257,1789,44678.7,0,0
4,97.47,2.356,194.57,9.711,1814,44698.1,0,0
4,101.88,2.492,185.82,9.235,1839,44717.6,0,0
4,102.11,2.396,177.46,8.782,1864,44737.0,0,0
4,102.23,2.303,169.47,8.651,1839,44756.4,0,0
4,102.24,2.212,177.1,9.075,1864,44775.8,0,0
4,102.14,2.336,169.13,9.519,1889,44795.3,0,0
4,106.04,2.237,176.74,9.986,1914,44814.7,0,0
4,105.71,2.139,184.69,9.497,1889,44834.1,0,0
4,105.3,2.246,193.0,9.031,1914,44853.5,0,0
4,104.81,2.354,184.32,8.589,1939,44873.0,0,0
4,104.26,2.236,176.02,8.168,1914,44892.4,0,0
4,103.67,2.332,168.1,8.069,1889,44911.8,0,0
4,103.07,2.429,175.67,7.673,1881,44931.2,0,0
4,102.48,2.525,167.76,7.297,1856,44950.7,0,0
4,101.92,2.468,160.21,6.94,1881,44970.1,0,0
4,101.4,2.327,167.42,6.6,1856,44989.5,0,0
4,100.96,2.397,174.96,6.923,1881,45008.9,0,0
4,100.61,2.489,167.08,6.584,1856,45028.4,0,0
4,100.35,2.35,174.6,6.906,1881,45047.8,0,0
4,104.09,2.448,166.75,6.568,1906,45067.2,0,0
4,107.94,2.554,159.24,6.89,1931,45086.6,0,0
4,108.03,2.426,166.41,7.227,1956,45106.1,0,0
4,108.25,2.543,173.9,7.582,1981,45125.5,0,0
4,108.58,2.673,181.72,7.953,1956,45144.9,0,0
4,109.01,2.557,189.9,8.343,1981,45164.3,0,0
4,109.52,2.698,181.35,7.934,1956,45183.8,0,0
4,110.11,2.59,189.51,8.323,1981,45203.2,0,0
4,110.73,2.717,198.04,8.731,2006,45222.6,0,0
4,107.37,2.875,189.13,8.303,1981,45242.1,0,0
4,103.97,2.763,180.62,7.896,1956,45261.5,0,0
4,100.49,2.654,172.49,8.15,1931,45280.9,0,0
4,105.06,2.546,180.25,8.55,1956,45300.3,0,0
4,101.43,2.684,188.37,8.969,1981,45319.8,0,0
4,101.78,2.565,179.89,8.529,1976,45339.2,0,0
4,102.05,2.446,187.98,8.947,2001,45358.6,0,0
4,102.2,2.422,179.52,8.509,1976,45378.0,0,0
4,102.25,2.3,187.6,8.926,1951,45397.5,0,0
4,102.19,2.179,179.16,8.488,1976,45416.9,0,0
4,102.01,2.269,187.22,8.072,1951,45436.3,0,0
4,97.64,2.358,189.32,7.677,1976,45455.7,0,0
4,97.28,2.449,197.84,8.053,1951,45475.2,0,0
4,96.85,2.309,206.74,7.658,1976,45494.6,0,0
4,96.36,2.397,198.83,8.034,1951,45514.0,0,0
4,95.83,2.49,189.88,7.64,1926,45533.4,0,0
4,95.28,2.589,181.34,7.266,1901,45552.9,0,0
4,94.73,2.449,189.5,7.622,1876,45572.3,0,0
4,94.2,2.556,180.97,7.995,1863,45591.7,0,0
4,93.71,2.674,189.11,7.702,1838,45611.1,0,0
4,97.19,2.641,180.6,8.08,1863,45630.6,0,0
4,100.72,2.776,172.48,7.684,1838,45650.0,0,0
4,104.32,2.657,164.71,7.307,1863,45669.4,0,0
4,108.01,2.804,172.13,7.665,1888,45688.8,0,0
4,111.82,2.692,164.38,7.29,1878,45708.3,0,0
4,111.87,2.718,164.38,7.29,1878,45727.7,0,0
4,112.05,2.744,164.38,7.29,1878,45747.1,0,0
4,112.35,2.77,164.38,7.29,1878,45766.5,0,0
4,112.76,2.794,164.38,7.29,1878,45786.0,0,0
4,113.27,2.815,164.38,7.29,1878,45805.4,0,0
4,113.85,2.831,164.38,7.29,1878,45824.8,0,0
4,114.48,2.842,164.38,7.29,1878,45844.2,0,0
4,119.14,2.983,171.78,7.647,1853,45863.7,0,0
4,123.86,3.124,175.13,8.022,1828,45883.1,0,0
4,128.59,3.238,167.25,7.628,1853,45902.5,0,0
4,129.26,3.067,174.77,8.002,1878,45921.9,0,0
4,129.85,2.9,182.64,8.394,1853,45941.4,0,0
4,130.35,2.738,174.42,7.983,1828,45960.8,0,0
4,130.73,2.583,182.27,8.374,1803,45980.2,0,0
4,130.98,2.681,190.47,8.785,1778,45999.6,0,0
4,126.97,2.783,199.04,9.215,1803,46019.1,0,0
4,130.78,2.626,190.08,9.667,1797,46038.5,0,0
4,130.61,2.731,181.53,9.193,1772,46057.9,0,0
4,130.3,2.845,173.36,9.643,1747,46077.3,0,0
4,129.86,2.97,165.56,9.171,1772,46096.8,0,0
4,129.32,2.823,158.11,8.721,1797,46116.2,0,0
4,128.69,2.69,150.99,9.149,1772,46135.6,0,0
4,128.0,2.57,157.79,8.7,1747,46155.1,0,0
4,123.27,2.46,164.89,8.274,1772,46174.5,0,0
4,126.54,2.597,172.31,7.869,1797,46193.9,0,0
4,125.81,2.745,167.39,8.254,1772,46213.3,0,0
4,125.14,2.904,174.92,8.659,1767,46232.8,0,0
4,124.53,2.791,182.79,9.083,1742,46252.2,0,0
4,124.02,2.683,191.02,8.638,1717,46271.6,0,0
4,123.62,2.835,199.61,8.215,1692,46291.0,0,0
4,123.35,2.993,208.59,8.617,1667,46310.5,0,0
4,123.21,2.865,199.21,8.195,1692,46329.9,0,0
4,123.22,2.737,190.24,7.793,1706,46349.3,0,0
4,119.49,2.609,191.51,7.412,1731,46368.7,0,0
4,119.77,2.606,191.51,7.412,1731,46388.2,0,0
4,120.17,2.598,191.51,7.412,1731,46407.6,0,0
4,120.67,2.584,191.51,7.412,1731,46427.0,0,0
4,121.27,2.566,191.51,7.412,1731,46446.4,0,0
4,121.93,2.545,191.51,7.412,1731,46465.9,0,0
4,122.63,2.521,191.51,7.412,1731,46485.3,0,0
4,123.35,2.497,191.51,7.412,1731,46504.7,0,0
4,124.05,2.473,191.51,7.412,1731,46524.1,0,0
4,128.77,2.569,184.13,7.775,1756,46543.6,0,0
4,129.39,2.673,185.75,7.394,1731,46563.0,0,0
4,129.92,2.53,177.39,7.031,1756,46582.4,0,0
4,130.34,2.4,185.37,6.687,1781,46601.8,0,0
4,130.63,2.512,177.03,7.015,1806,46621.3,0,0
4,130.79,2.636,185.0,6.671,1831,46640.7,0,0
4,126.69,2.518,176.67,6.344,1806,46660.1,0,0
4,130.68,2.452,184.62,6.033,1781,46679.5,0,0
4,130.42,2.589,192.93,6.329,1756,46699.0,0,0
4,130.03,2.486,184.25,6.639,1781,46718.4,0,0
4,129.52,2.389,175.96,6.964,1798,46737.8,0,0
4,128.92,2.528,183.88,6.623,1773,46757.2,0,0
4,128.25,2.675,192.15,6.947,1748,46776.7,0,0
4,127.53,2.826,183.51,6.851,1723,46796.1,0,0
4,122.8,2.71,191.76,7.187,1698,46815.5,0,0
4,122.09,2.724,191.76,7.187,1698,46834.9,0,0
4,121.42,2.733,191.76,7.187,1698,46854.4,0,0
4,120.8,2.735,191.76,7.187,1698,46873.8,0,0
4,120.28,2.732,191.76,7.187,1698,46893.2,0,0
4,119.85,2.722,191.76,7.187,1698,46912.6,0,0
4,119.54,2.708,191.76,7.187,1698,46932.1,0,0
4,119.36,2.688,191.76,7.187,1698,46951.5,0,0
4,119.32,2.665,191.76,7.187,1698,46970.9,0,0
4,123.11,2.767,200.39,7.539,1723,46990.3,0,0
4,123.35,2.872,191.37,7.908,1748,47009.8,0,0
4,123.72,2.708,182.76,8.296,1773,47029.2,0,0
4,111.79,1.97,190.99,8.702,1748,47048.6,1,0
4,124.8,2.794,190.99,8.702,1748,47068.1,0,0
4,125.46,2.778,190.99,8.702,1748,47087.5,0,0
4,126.17,2.769,190.99,8.702,1748,47106.9,0,0
4,126.9,2.767,190.99,8.702,1748,47126.3,0,0
4,127.64,2.771,190.99,8.702,1748,47145.8,0,0
4,128.34,2.782,190.99,8.702,1748,47165.2,0,0
4,124.91,2.664,199.58,9.129,1723,47184.6,0,0
4,122.82,2.574,208.56,9.576,1698,47204.0,0,0
4,123.25,2.722,199.18,10.045,1723,47223.5,0,0
4,123.57,2.723,208.14,10.537,1748,47242.9,0,0
4,123.77,2.618,198.77,10.021,1773,47262.3,0,0
4,123.83,2.769,189.83,9.53,1748,47281.7,0,0
4,123.76,2.926,181.29,9.063,1773,47301.2,0,0
4,119.44,3.087,173.13,8.619,1798,47320.6,0,0
4,115.02,2.953,180.92,8.197,1823,47340.0,0,0
4,114.61,3.104,172.78,7.795,1848,47359.4,0,0
4,114.1,3.006,165.0,7.413,1823,47378.9,0,0
4,113.53,3.146,157.58,7.05,1798,47398.3,0,0
4,112.91,2.983,164.67,7.395,1823,47417.7,0,0
4,112.26,3.02,172.08,7.758,1848,47437.1,0,0
4,111.61,3.141,164.34,7.377,1823,47456.6,0,0
4,110.98,2.965,171.73,7.739,1798,47476.0,0,0
4,110.4,3.078,179.46,7.36,1823,47495.4,0,0
4,109.89,3.048,179.46,7.36,1823,47514.8,0,0
4,109.46,3.02,179.46,7.36,1823,47534.3,0,0
4,109.14,2.994,179.46,7.36,1823,47553.7,0,0
4,108.94,2.973,179.46,7.36,1823,47573.1,0,0
4,108.86,2.958,179.46,7.36,1823,47592.5,0,0
4,108.91,2.949,179.46,7.36,1823,47612.0,0,0
4,109.08,2.947,179.46,7.36,1823,47631.4,0,0
4,109.37,2.952,179.46,7.36,1823,47650.8,0,0
4,109.77,2.822,187.53,7.72,1798,47670.2,0,0
4,110.26,2.976,179.1,7.342,1773,47689.7,0,0
4,110.82,3.144,187.15,7.702,1768,47709.1,0,0
4,111.44,3.324,195.58,8.079,1793,47728.5,0,0
4,112.08,3.195,204.38,8.475,1818,47747.9,0,0
4,112.73,3.071,195.18,8.89,1843,47767.4,0,0
4,109.33,3.248,186.4,8.455,1818,47786.8,0,0
4,113.96,3.117,178.01,8.869,1843,47806.2,0,0
4,114.48,2.987,170.0,8.434,1868,47825.6,0,0
4,114.92,3.146,171.88,8.848,1893,47845.1,0,0
4,115.26,3.003,164.14,9.281,1868,47864.5,0,0
4,115.49,3.143,171.53,9.062,1893,47883.9,0,0
4,115.59,2.986,179.25,9.506,1868,47903.3,0,0
4,115.56,3.117,171.18,9.814,1893,47922.8,0,0
4,115.41,3.248,178.88,9.333,1918,47942.2,0,0
4,115.14,3.068,186.93,9.79,1893,47961.6,0,0
4,114.76,2.896,181.24,10.27,1868,47981.1,0,0
4,114.29,3.006,189.39,9.767,1843,48000.5,0,0
4,113.73,2.834,197.92,10.245,1868,48019.9,0,0
4,113.13,2.9,189.01,9.743,1893,48039.3,0,0
4,112.48,3.014,180.5,10.206,1918,48058.8,0,0
4,111.83,3.138,188.63,9.706,1943,48078.2,0,0
4,115.15,3.272,197.12,9.231,1918,48097.6,0,0
4,114.53,3.106,188.24,8.778,1893,48117.0,0,0
4,113.98,2.956,179.77,8.348,1918,48136.5,0,0
4,113.51,2.865,187.86,7.939,1893,48155.9,0,0
4,113.14,2.739,179.41,7.55,1918,48175.3,0,0
4,112.88,2.889,187.48,7.18,1893,48194.7,0,0
4,112.75,3.052,195.92,6.828,1868,48214.2,0,0
4,112.76,2.933,187.1,7.163,1893,48233.6,0,0
4,112.89,3.103,195.52,7.514,1868,48253.0,0,0
4,113.15,3.283,191.69,7.882,1891,48272.4,0,0
4,113.52,3.154,189.98,7.496,1866,48291.9,0,0
4,114.0,3.027,181.43,7.73,1891,48311.3,0,0
4,114.56,3.192,173.27,7.351,1916,48330.7,0,0
4,111.22,3.344,181.06,6.991,1941,48350.1,0,0
4,107.87,3.191,189.21,7.333,1916,48369.6,0,0
4,108.5,3.038,197.73,6.974,1891,48389.0,0,0
4,130.78,4.017,168.83,4.632,1866,48408.4,0,1
4,109.71,3.012,197.33,6.957,1841,48427.8,0,0
4,110.24,2.85,206.21,7.298,1866,48447.3,0,0
4,110.69,2.948,196.93,7.42,1841,48466.7,0,0
4,111.05,2.782,188.07,7.056,1866,48486.1,0,0
4,111.31,2.623,179.6,7.402,1841,48505.5,0,0
4,115.57,2.473,171.52,7.765,1816,48525.0,0,0
4,115.59,2.568,163.8,7.384,1841,48544.4,0,0
4,115.48,2.669,171.17,7.746,1866,48563.8,0,0
4,115.25,2.779,178.88,8.126,1891,48583.2,0,0
4,114.91,2.899,186.93,8.524,1866,48602.7,0,0
4,114.46,2.753,178.51,8.106,1891,48622.1,0,0
4,113.93,2.885,170.48,7.709,1866,48641.5,0,0
4,113.34,2.753,178.15,7.331,1891,48660.9,0,0
4,116.72,2.899,170.14,6.972,1916,48680.4,0,0
4,116.05,3.058,162.48,7.073,1891,48699.8,0,0
4,115.38,3.231,155.69,7.42,1866,48719.2,0,0
4,114.74,3.105,148.69,7.056,1891,48738.6,0,0
4,114.16,2.984,155.38,7.402,1916,48758.1,0,0
4,113.66,3.158,162.37,7.765,1941,48777.5,0,0
4,113.25,3.033,155.06,7.384,1961,48796.9,0,0
4,112.96,2.91,148.08,7.023,1936,48816.3,0,0
4,112.78,3.068,154.75,7.367,1961,48835.8,0,0
4,112.74,3.229,161.71,7.006,1936,48855.2,0,0
4,112.83,3.392,168.99,6.662,1911,48874.6,0,0
4,116.94,3.554,176.59,6.989,1936,48894.1,0,0
4,117.28,3.375,184.54,7.331,1911,48913.5,0,0
4,117.74,3.199,176.24,7.691,1886,48932.9,0,0
4,118.29,3.026,184.17,8.067,1911,48952.3,0,0
4,118.92,2.858,175.88,8.463,1886,48971.8,0,0
4,119.59,2.696,167.96,8.877,1911,48991.2,0,0
4,120.29,2.799,175.52,9.312,1886,49010.6,0,0
4,120.98,2.905,167.62,8.856,1911,49030.0,0,0
4,121.65,3.017,175.17,9.29,1936,49049.5,0,0
4,126.33,2.849,183.05,9.745,1961,49068.9,0,0
4,123.65,2.695,174.81,9.268,1986,49088.3,0,0
4,124.09,2.812,166.95,8.814,1961,49107.7,0,0
4,124.42,2.671,159.43,8.382,1986,49127.2,0,0
4,124.62,2.8,166.61,8.792,2011,49146.6,0,0
4,124.69,2.673,174.11,8.362,1986,49166.0,0,0
4,124.62,2.686,174.11,8.362,1986,49185.4,0,0
4,124.42,2.705,174.11,8.362,1986,49204.9,0,0
4,124.09,2.727,174.11,8.362,1986,49224.3,0,0
4,123.64,2.753,174.11,8.362,1986,49243.7,0,0
4,123.1,2.646,181.94,8.771,2011,49263.1,0,0
4,122.48,2.8,179.21,8.341,2036,49282.6,0,0
4,121.81,2.689,187.27,7.933,2020,49302.0,0,0
4,121.11,2.579,178.84,7.544,1995,49321.4,0,0
4,120.41,2.719,186.89,7.174,1978,49340.8,0,0
4,119.73,2.861,195.3,7.526,1953,49360.3,0,0
4,119.11,3.004,204.09,7.895,1928,49379.7,0,0
4,121.23,3.147,194.91,7.508,1903,49399.1,0,0
4,116.85,3.289,198.34,7.14,1878,49418.5,0,0
4,116.51,3.117,189.41,6.79,1853,49438.0,0,0
4,116.29,2.947,197.94,6.457,1878,49457.4,0,0
4,116.2,2.783,189.03,6.774,1903,49476.8,0,0
4,116.24,2.891,197.54,7.106,1928,49496.2,0,0
4,104.78,2.1,188.65,6.758,1903,49515.7,1,0
4,116.72,2.972,188.65,6.758,1903,49535.1,0,0
4,117.14,2.945,188.65,6.758,1903,49554.5,0,0
4,117.66,2.922,188.65,6.758,1903,49573.9,0,0
4,118.26,2.904,188.65,6.758,1903,49593.4,0,0
4,118.92,2.892,188.65,6.758,1903,49612.8,0,0
4,119.61,2.887,188.65,6.758,1903,49632.2,0,0
4,124.32,2.762,197.14,7.089,1878,49651.6,0,0
4,125.02,2.637,206.01,6.741,1858,49671.1,0,0
4,125.67,2.524,214.24,7.072,1883,49690.5,0,0
4,126.26,2.42,211.03,7.418,1858,49709.9,0,0
4,126.75,2.557,220.53,7.055,1833,49729.3,0,0
4,127.12,2.705,210.61,7.4,1858,49748.8,0,0
4,127.38,2.6,220.08,7.038,1883,49768.2,0,0
4,127.49,2.751,210.18,7.383,1908,49787.6,0,0
4,127.47,2.642,204.67,7.744,1933,49807.1,0,0
4,127.31,2.789,195.46,7.365,1908,49826.5,0,0
4,127.02,2.94,186.66,7.446,1883,49845.9,0,0
4,126.6,3.093,195.06,7.811,1858,49865.3,0,0
4,130.15,2.949,186.29,8.194,1883,49884.8,0,0
4,125.47,2.805,194.67,7.965,1868,49904.2,0,0
4,124.8,2.931,203.43,7.575,1843,49923.6,0,0
4,124.09,3.057,212.58,7.946,1868,49943.0,0,0
4,123.37,3.182,222.15,7.557,1843,49962.5,0,0
4,122.67,3.307,232.15,7.187,1868,49981.9,0,0
4,122.01,3.12,242.59,6.835,1893,50001.3,0,0
4,117.49,3.098,231.68,7.169,1868,50020.7,0,0
4,117.0,3.216,235.69,6.818,1843,50040.2,0,0
4,116.61,3.341,246.3,7.152,1818,50059.6,0,0
4,116.35,3.474,235.21,7.503,1843,50079.0,0,0
4,116.21,3.288,224.63,7.135,1868,50098.4,0,0
4,112.33,3.432,214.52,6.785,1843,50117.9,0,0
4,112.46,3.427,214.52,6.785,1843,50137.3,0,0
4,112.71,3.43,214.52,6.785,1843,50156.7,0,0
4,113.08,3.441,214.52,6.785,1843,50176.1,0,0
4,113.55,3.46,214.52,6.785,1843,50195.6,0,0
4,114.11,3.485,214.52,6.785,1843,50215.0,0,0
4,114.72,3.516,214.52,6.785,1843,50234.4,0,0
4,111.4,3.379,204.87,6.453,1818,50253.8,0,0
4,112.05,3.248,214.09,6.769,1793,50273.3,0,0
4,112.69,3.121,204.45,7.101,1818,50292.7,0,0
4,113.29,3.299,213.65,7.449,1793,50312.1,0,0
4,113.84,3.482,204.04,7.084,1768,50331.5,0,0
4,118.41,3.669,194.86,6.854,1793,50351.0,0,0
4,118.8,3.859,203.62,6.518,1818,50370.4,0,0
4,119.08,4.049,212.79,6.229,1843,50389.8,0,0
4,119.23,3.851,203.21,6.534,1818,50409.2,0,0
4,119.25,4.023,194.07,6.855,1793,50428.7,0,0
4,119.15,3.81,185.33,6.519,1768,50448.1,0,0
4,118.92,3.92,180.74,6.838,1793,50467.5,0,0
4,118.57,3.825,172.61,6.503,1818,50486.9,0,0
4,118.11,3.79,172.61,6.503,1818,50506.4,0,0
4,117.57,3.753,172.61,6.503,1818,50525.8,0,0
4,116.96,3.717,172.61,6.503,1818,50545.2,0,0
4,116.31,3.685,172.61,6.503,1818,50564.6,0,0
4,115.63,3.658,172.61,6.503,1818,50584.1,0,0
4,118.94,3.811,180.38,6.822,1793,50603.5,0,0
4,122.23,3.98,172.26,6.487,1768,50622.9,0,0
4,117.68,3.784,169.12,6.17,1743,50642.3,0,0
4,117.16,3.789,169.12,6.17,1743,50661.8,0,0
4,116.73,3.802,169.12,6.17,1743,50681.2,0,0
4,116.42,3.824,169.12,6.17,1743,50700.6,0,0
4,116.24,3.853,169.12,6.17,1743,50720.1,0,0
4,112.31,3.7,176.74,6.472,1768,50739.5,0,0
4,109.98,3.763,168.78,6.155,1743,50758.9,0,0
4,111.69,3.618,176.38,5.853,1718,50778.3,0,0
4,115.92,3.476,168.44,5.566,1743,50797.8,0,0
4,116.37,3.674,176.02,5.294,1768,50817.2,0,0
4,116.91,3.877,183.94,5.034,1743,50836.6,0,0
4,117.52,3.71,192.22,5.281,1718,50856.0,0,0
4,118.19,3.901,183.57,5.54,1743,50875.5,0,0
4,122.88,3.717,175.31,5.268,1718,50894.9,0,0
4,123.59,3.535,183.2,5.526,1708,50914.3,0,0
4,124.27,3.353,184.68,5.256,1683,50933.7,0,0
4,124.9,3.175,192.99,4.998,1708,50953.2,0,0
4,125.45,3.304,184.3,5.243,1683,50972.6,0,0
4,125.9,3.211,176.01,4.986,1708,50992.0,0,0
4,126.24,3.333,173.15,5.23,1733,51011.4,0,0
4,126.45,3.301,173.15,5.23,1733,51030.9,0,0
4,126.52,3.27,173.15,5.23,1733,51050.3,0,0
4,126.46,3.242,173.15,5.23,1733,51069.7,0,0
4,126.26,3.218,173.15,5.23,1733,51089.1,0,0
4,125.93,3.201,173.15,5.23,1733,51108.6,0,0
4,125.48,3.19,173.15,5.23,1733,51128.0,0,0
4,124.93,3.187,173.15,5.23,1733,51147.4,0,0
4,128.36,3.039,180.94,5.487,1708,51166.8,0,0
4,127.66,2.904,177.47,5.218,1733,51186.3,0,0
4,126.92,2.781,185.46,5.473,1708,51205.7,0,0
4,126.19,2.671,193.81,5.742,1733,51225.1,0,0
4,125.48,2.824,185.09,5.46,1708,51244.5,0,0
4,124.82,2.988,176.76,5.728,1683,51264.0,0,0
4,124.23,3.162,184.71,6.009,1658,51283.4,0,0
4,127.65,3.038,176.4,6.303,1633,51302.8,0,0
4,127.27,3.063,176.4,6.303,1633,51322.2,0,0
4,127.02,3.084,176.4,6.303,1633,51341.7,0,0
4,126.92,3.1,176.4,6.303,1633,51361.1,0,0
4,126.96,3.109,176.4,6.303,1633,51380.5,0,0
4,127.15,3.111,176.4,6.303,1633,51399.9,0,0
4,127.48,3.106,176.4,6.303,1633,51419.4,0,0
4,127.93,3.095,176.4,6.303,1633,51438.8,0,0
4,128.5,3.077,176.4,6.303,1633,51458.2,0,0
4,133.1,3.201,168.46,5.994,1608,51477.6,0,0
4,137.81,3.326,176.04,6.288,1633,51497.1,0,0
4,138.6,3.295,176.04,6.288,1633,51516.5,0,0
4,139.41,3.263,176.04,6.288,1633,51535.9,0,0
4,140.2,3.233,176.04,6.288,1633,51555.3,0,0
4,140.93,3.205,176.04,6.288,1633,51574.8,0,0
4,141.59,3.183,176.04,6.288,1633,51594.2,0,0
4,142.14,3.166,176.04,6.288,1633,51613.6,0,0
4,142.57,3.157,176.04,6.288,1633,51633.0,0,0
4,138.74,3.003,183.96,6.221,1608,51652.5,0,0
4,138.87,3.009,183.96,6.221,1608,51671.9,0,0
4,138.85,3.021,183.96,6.221,1608,51691.3,0,0
4,138.68,3.04,183.96,6.221,1608,51710.8,0,0
4,138.37,3.064,183.96,6.221,1608,51730.2,0,0
4,137.92,3.091,183.96,6.221,1608,51749.6,0,0
4,137.36,3.121,183.96,6.221,1608,51769.0,0,0
4,136.7,3.151,183.96,6.221,1608,51788.5,0,0
4,140.0,3.028,192.24,6.526,1633,51807.9,0,0
4,139.21,3.052,192.24,6.526,1633,51827.3,0,0
4,138.4,3.072,192.24,6.526,1633,51846.7,0,0
4,137.61,3.087,192.24,6.526,1633,51866.2,0,0
4,136.87,3.095,192.24,6.526,1633,51885.6,0,0
4,136.19,3.097,192.24,6.526,1633,51905.0,0,0
4,135.62,3.091,192.24,6.526,1633,51924.4,0,0
4,135.17,3.079,192.24,6.526,1633,51943.9,0,0
4,134.86,3.061,192.24,6.526,1633,51963.3,0,0
4,134.7,3.038,192.24,6.526,1633,51982.7,0,0
4,121.22,2.108,192.24,6.526,1633,52002.1,1,0
4,134.84,2.983,192.24,6.526,1633,52021.6,0,0
4,135.14,2.954,192.24,6.526,1633,52041.0,0,0
4,135.57,2.927,192.24,6.526,1633,52060.4,0,0
4,136.14,2.902,192.24,6.526,1633,52079.8,0,0
4,136.8,2.882,192.24,6.526,1633,52099.3,0,0
4,137.54,2.868,192.24,6.526,1633,52118.7,0,0
4,134.34,2.998,183.59,6.424,1658,52138.1,0,0
4,131.12,2.853,191.85,6.109,1683,52157.5,0,0
4,131.87,2.721,200.49,6.109,1681,52177.0,0,0
4,132.58,2.602,191.46,6.344,1706,52196.4,0,0
4,133.22,2.493,182.85,6.655,1681,52215.8,0,0
4,133.78,2.634,174.62,6.981,1706,52235.2,0,0
4,134.23,2.786,182.48,6.639,1731,52254.7,0,0
4,130.43,2.948,190.69,6.313,1706,52274.1,0,0
4,134.72,3.119,199.27,6.004,1731,52293.5,0,0
4,134.76,3.147,199.27,6.004,1731,52312.9,0,0
4,134.64,3.172,199.27,6.004,1731,52332.4,0,0
4,134.38,3.193,199.27,6.004,1731,52351.8,0,0
4,133.99,3.207,199.27,6.004,1731,52371.2,0,0
4,137.56,3.369,190.3,6.298,1706,52390.6,0,0
4,136.94,3.37,190.3,6.298,1706,52410.1,0,0
4,136.23,3.363,190.3,6.298,1706,52429.5,0,0
4,135.47,3.348,190.3,6.298,1706,52448.9,0,0
4,134.69,3.328,190.3,6.298,1706,52468.3,0,0
4,133.91,3.302,190.3,6.298,1706,52487.8,0,0
4,133.17,3.273,190.3,6.298,1706,52507.2,0,0
4,132.49,3.086,198.87,6.607,1681,52526.6,0,0
4,131.9,2.91,189.92,6.283,1706,52546.0,0,0
4,131.41,3.022,198.46,5.975,1681,52565.5,0,0
4,131.06,3.141,191.95,5.683,1656,52584.9,0,0
4,130.85,2.97,200.58,5.961,1681,52604.3,0,0
4,130.79,2.814,191.56,5.669,1656,52623.8,0,0
4,130.89,2.688,182.94,5.947,1631,52643.2,0,0
4,131.13,2.817,177.54,6.238,1606,52662.6,0,0
4,131.51,2.751,185.53,5.932,1581,52682.0,0,0
4,132.01,2.897,177.18,6.223,1606,52701.5,0,0
4,132.62,2.776,185.15,5.918,1631,52720.9,0,0
4,133.32,2.665,193.48,6.208,1656,52740.3,0,0
4,136.33,2.818,184.78,6.512,1681,52759.7,0,0
4,141.13,2.982,176.46,6.831,1656,52779.2,0,0
4,141.95,3.156,168.52,6.497,1631,52798.6,0,0
4,142.73,3.337,176.11,6.178,1606,52818.0,0,0
4,143.46,3.524,168.18,5.876,1631,52837.4,0,0
4,144.09,3.716,175.75,6.164,1656,52856.9,0,0
4,144.62,3.553,183.66,6.466,1631,52876.3,0,0
4,145.01,3.731,175.39,6.782,1656,52895.7,0,0
4,145.25,3.91,167.5,6.45,1681,52915.1,0,0
4,145.34,3.714,175.04,6.134,1706,52934.6,0,0
4,149.39,3.52,168.9,5.833,1731,52954.0,0,0
4,149.16,3.497,168.9,5.833,1731,52973.4,0,0
4,148.78,3.47,168.9,5.833,1731,52992.8,0,0
4,148.25,3.439,168.9,5.833,1731,53012.3,0,0
4,147.61,3.406,168.9,5.833,1731,53031.7,0,0
4,146.88,3.535,176.5,5.548,1706,53051.1,0,0
4,146.08,3.554,184.44,5.819,1681,53070.5,0,0
4,145.24,3.356,185.12,5.534,1706,53090.0,0,0
4,144.4,3.494,176.79,5.805,1687,53109.4,0,0
4,143.58,3.646,168.84,5.521,1712,53128.8,0,0
4,146.76,3.464,161.24,5.25,1737,53148.2,0,0
4,142.15,3.298,168.5,5.508,1762,53167.7,0,0
4,141.59,3.148,170.76,5.238,1737,53187.1,0,0
4,141.16,3.025,163.07,4.981,1712,53206.5,0,0
4,140.88,3.192,170.41,5.225,1737,53225.9,0,0
4,140.76,3.374,162.74,4.969,1762,53245.4,0,0
4,140.81,3.569,170.07,5.213,1787,53264.8,0,0
4,141.01,3.43,177.72,5.468,1762,53284.2,0,0
4,141.37,3.629,185.72,5.2,1737,53303.6,0,0
4,137.96,3.486,194.07,4.945,1712,53323.1,0,0
4,138.56,3.344,202.81,5.188,1737,53342.5,0,0
4,139.26,3.202,193.68,5.069,1712,53361.9,0,0
4,140.03,3.061,184.96,4.82,1687,53381.3,0,0
4,140.85,3.214,193.29,4.988,1662,53400.8,0,0
4,141.67,3.058,184.59,5.233,1637,53420.2,0,0
4,142.47,2.904,176.28,5.489,1662,53439.6,0,0
4,139.15,3.029,184.22,5.758,1687,53459.0,0,0
4,139.81,2.864,175.93,6.04,1712,53478.5,0,0
4,140.35,2.705,168.01,5.744,1721,53497.9,0,0
4,140.78,2.552,175.57,5.463,1746,53517.3,0,0
4,141.07,2.649,167.67,5.731,1771,53536.8,0,0
4,141.21,2.749,175.21,6.011,1796,53556.2,0,0
4,141.2,2.689,183.1,6.306,1821,53575.6,0,0
4,141.03,2.796,174.86,5.997,1796,53595.0,0,0
4,140.72,2.645,166.99,6.291,1771,53614.5,0,0
4,140.27,2.702,162.9,6.599,1746,53633.9,0,0
4,139.7,2.567,155.57,6.923,1721,53653.3,0,0
4,139.03,2.692,148.57,6.583,1746,53672.7,0,0
4,138.29,2.83,155.26,6.261,1721,53692.2,0,0
4,134.2,2.981,148.27,5.954,1746,53711.6,0,0
4,129.43,2.858,154.94,5.662,1721,53731.0,0,0
4,128.69,3.021,147.97,5.385,1746,53750.4,0,0
4,127.99,3.196,141.31,5.649,1771,53769.9,0,0
4,127.36,3.382,134.95,5.925,1765,53789.3,0,0
4,126.82,3.458,141.03,6.216,1740,53808.7,0,0
4,126.4,3.656,134.68,5.911,1715,53828.1,0,0
4,126.1,3.506,128.62,5.622,1690,53847.6,0,0
4,125.94,3.414,122.83,5.897,1715,53867.0,0,0
4,125.93,3.591,117.3,6.186,1739,53886.4,0,0
4,126.06,3.424,122.58,6.489,1764,53905.8,0,0
4,126.34,3.586,117.07,6.807,1739,53925.3,0,0
4,126.74,3.748,122.34,6.473,1764,53944.7,0,0
4,127.26,3.55,127.84,6.791,1789,53964.1,0,0
4,127.88,3.695,133.59,6.458,1808,53983.5,0,0
4,124.61,3.489,139.6,6.774,1833,54003.0,0,0
4,125.32,3.457,139.6,6.774,1833,54022.4,0,0
4,126.05,3.424,139.6,6.774,1833,54041.8,0,0
4,126.78,3.391,139.6,6.774,1833,54061.2,0,0
4,127.46,3.361,139.6,6.774,1833,54080.7,0,0
4,128.09,3.336,139.6,6.774,1833,54100.1,0,0
4,128.62,3.316,139.6,6.774,1833,54119.5,0,0
4,129.06,3.303,139.6,6.774,1833,54138.9,0,0
4,129.37,3.298,139.6,6.774,1833,54158.4,0,0
4,133.66,3.142,145.89,7.106,1858,54177.8,0,0
4,133.7,3.304,152.45,6.758,1838,54197.2,0,0
4,133.59,3.481,159.31,6.427,1813,54216.6,0,0
4,133.34,3.338,166.48,6.495,1838,54236.1,0,0
4,132.96,3.206,158.99,6.176,1863,54255.5,0,0
4,132.45,3.081,166.14,6.479,1888,54274.9,0,0
4,131.85,2.961,173.62,6.797,1913,54294.3,0,0
4,131.17,2.846,165.81,6.463,1888,54313.8,0,0
4,130.44,3.008,173.27,6.147,1863,54333.2,0,0
4,125.69,3.175,181.07,5.846,1888,54352.6,0,0
4,124.97,3.102,189.21,5.559,1913,54372.0,0,0
4,124.27,2.964,191.07,5.832,1938,54391.5,0,0
4,123.64,2.825,182.47,6.054,1913,54410.9,0,0
4,123.08,2.687,174.26,5.758,1888,54430.3,0,0
4,122.68,2.55,182.1,6.04,1863,54449.8,0,0
4,110.11,1.861,190.29,6.336,1838,54469.2,1,0
4,122.15,2.64,190.29,6.336,1838,54488.6,0,0
4,122.08,2.618,190.29,6.336,1838,54508.0,0,0
4,122.17,2.594,190.29,6.336,1838,54527.5,0,0
4,122.39,2.569,190.29,6.336,1838,54546.9,0,0
4,122.74,2.544,190.29,6.336,1838,54566.3,0,0
4,123.21,2.522,190.29,6.336,1838,54585.7,0,0
4,123.77,2.623,181.73,6.646,1813,54605.2,0,0
4,124.42,2.483,173.55,6.321,1838,54624.6,0,0
4,125.12,2.356,165.74,6.63,1813,54644.0,0,0
4,125.85,2.465,158.29,6.391,1788,54663.4,0,0
4,126.58,2.35,165.41,6.704,1813,54682.9,0,0
4,127.28,2.245,157.96,6.375,1838,54702.3,0,0
4,127.93,2.268,150.86,6.063,1813,54721.7,0,0
4,128.5,2.386,157.64,6.36,1838,54741.1,0,0
4,128.97,2.523,164.74,6.672,1863,54760.6,0,0
4,129.33,2.669,172.15,6.999,1888,54780.0,0,0
4,129.55,2.566,179.9,6.656,1863,54799.4,0,0
4,129.64,2.465,187.99,6.329,1838,54818.8,0,0
4,129.58,2.605,179.53,6.64,1863,54838.3,0,0
4,129.38,2.75,187.61,6.965,1838,54857.7,0,0
4,129.05,2.897,179.17,7.167,1813,54877.1,0,0
4,132.69,3.046,187.23,6.816,1793,54896.5,0,0
4,128.05,2.903,195.66,7.15,1818,54916.0,0,0
4,127.42,2.899,195.66,7.15,1818,54935.4,0,0
4,126.72,2.889,195.66,7.15,1818,54954.8,0,0
4,126.0,2.873,195.66,7.15,1818,54974.2,0,0
4,125.27,2.853,195.66,7.15,1818,54993.7,0,0
4,124.56,2.829,195.66,7.15,1818,55013.1,0,0
4,123.9,2.802,195.66,7.15,1818,55032.5,0,0
4,123.31,2.775,195.66,7.15,1818,55051.9,0,0
4,119.02,2.881,204.46,7.5,1843,55071.4,0,0
4,122.55,2.993,195.26,7.133,1818,55090.8,0,0
4,122.3,3.114,186.48,7.482,1843,55110.2,0,0
4,122.19,2.949,178.08,7.116,1868,55129.6,0,0
4,122.22,3.08,186.1,7.292,1859,55149.1,0,0
4,122.4,2.929,194.47,7.65,1884,55168.5,0,0
4,118.81,2.793,203.22,8.025,1859,55187.9,0,0
4,123.13,2.938,199.57,8.418,1834,55207.3,0,0
4,123.67,2.955,199.57,8.418,1834,55226.8,0,0
4,124.29,2.978,199.57,8.418,1834,55246.2,0,0
4,124.98,3.005,199.57,8.418,1834,55265.6,0,0
4,125.7,3.034,199.57,8.418,1834,55285.0,0,0
4,126.43,3.063,199.57,8.418,1834,55304.5,0,0
4,127.15,3.091,199.57,8.418,1834,55323.9,0,0
4,131.88,2.967,190.59,8.83,1859,55343.3,0,0
4,136.58,3.131,182.01,9.263,1834,55362.8,0,0
4,133.02,2.996,190.2,9.717,1859,55382.2,0,0
4,129.33,2.963,198.76,10.193,1834,55401.6,0,0
4,129.6,2.823,189.82,9.694,1809,55421.0,0,0
4,129.73,2.684,198.36,9.219,1834,55440.5,0,0
4,129.72,2.545,207.29,8.767,1809,55459.9,0,0
4,129.57,2.653,197.96,9.196,1834,55479.3,0,0
4,125.18,2.507,189.05,9.647,1809,55498.7,0,0
4,120.69,2.604,197.56,9.174,1834,55518.2,0,0
4,116.13,2.704,206.45,9.624,1809,55537.6,0,0
4,115.58,2.678,206.45,9.624,1809,55557.0,0,0
4,114.97,2.653,206.45,9.624,1809,55576.4,0,0
4,114.32,2.63,206.45,9.624,1809,55595.9,0,0
4,113.65,2.612,206.45,9.624,1809,55615.3,0,0
4,113.0,2.598,206.45,9.624,1809,55634.7,0,0
4,112.39,2.59,206.45,9.624,1809,55654.1,0,0
4,115.76,2.464,197.16,10.095,1834,55673.6,0,0
4,115.26,2.587,188.29,9.601,1859,55693.0,0,0
4,114.87,2.473,179.81,9.13,1884,55712.4,0,0
4,114.6,2.608,187.9,9.578,1859,55731.8,0,0
4,114.45,2.754,196.18,9.108,1834,55751.3,0,0
4,114.44,2.913,187.35,8.662,1809,55770.7,0,0
4,110.67,3.082,195.78,9.087,1834,55790.1,0,0
4,110.91,3.112,195.78,9.087,1834,55809.5,0,0
4,111.26,3.14,195.78,9.087,1834,55829.0,0,0
4,111.71,3.166,195.78,9.087,1834,55848.4,0,0
4,112.25,3.187,195.78,9.087,1834,55867.8,0,0
4,112.85,3.202,195.78,9.087,1834,55887.2,0,0
4,113.5,3.211,195.78,9.087,1834,55906.7,0,0
4,114.16,3.058,204.59,8.641,1809,55926.1,0,0
4,114.82,3.199,195.38,8.218,1834,55945.5,0,0
4,115.44,3.034,204.18,7.815,1859,55964.9,0,0
4,116.01,2.871,194.99,8.022,1834,55984.4,0,0
4,116.5,2.986,186.21,7.629,1809,56003.8,0,0
4,121.0,3.102,187.32,8.003,1834,56023.2,0,0
4,117.18,3.22,195.75,8.395,1809,56042.6,0,0
4,113.23,3.036,204.56,8.806,1808,56062.1,0,0
4,117.38,2.864,213.77,9.238,1783,56081.5,0,0
4,117.29,2.704,204.15,8.785,1808,56100.9,0,0
4,117.07,2.814,213.34,9.216,1833,56120.3,0,0
4,116.74,2.934,203.74,8.764,1808,56139.8,0,0
4,116.3,2.786,212.9,8.335,1783,56159.2,0,0
4,115.78,2.918,203.32,7.926,1808,56178.6,0,0
4,115.18,2.784,194.17,7.538,1833,56198.0,0,0
4,114.54,2.662,202.91,7.907,1858,56217.5,0,0
4,113.88,2.551,195.88,8.295,1833,56236.9,0,0
4,113.23,2.448,204.69,8.701,1808,56256.3,0,0
4,112.59,2.351,195.48,9.127,1783,56275.8,0,0
4,112.02,2.488,186.69,8.68,1808,56295.2,0,0
4,111.51,2.633,195.09,9.106,1833,56314.6,0,0
4,111.1,2.573,186.31,9.552,1858,56334.0,0,0
4,110.79,2.718,194.69,10.02,1833,56353.5,0,0
4,110.61,2.604,203.45,10.511,1858,56372.9,0,0
4,114.43,2.49,194.3,9.996,1883,56392.3,0,0
4,114.5,2.496,194.3,9.996,1883,56411.7,0,0
4,114.7,2.497,194.3,9.996,1883,56431.2,0,0
4,115.02,2.492,194.3,9.996,1883,56450.6,0,0
4,115.46,2.481,194.3,9.996,1883,56470.0,0,0
4,115.99,2.466,194.3,9.996,1883,56489.4,0,0
4,116.59,2.447,194.3,9.996,1883,56508.9,0,0
4,117.25,2.425,194.3,9.996,1883,56528.3,0,0
4,117.93,2.402,194.3,9.996,1883,56547.7,0,0
4,118.61,2.319,185.55,9.506,1908,56567.1,0,0
4,119.27,2.187,177.2,9.972,1933,56586.6,0,0
4,119.88,2.274,169.23,9.483,1908,56606.0,0,0
4,120.42,2.15,176.85,9.018,1933,56625.4,0,0
4,120.87,2.243,168.89,8.577,1908,56644.8,0,0
4,121.89,2.278,176.49,8.997,1883,56664.3,0,0
4,117.99,2.168,184.43,8.556,1858,56683.7,0,0
4,122.19,2.069,192.73,8.975,1851,56703.1,0,0
4,122.15,1.979,201.4,8.851,1876,56722.5,0,0
4,121.96,1.982,210.47,9.285,1851,56742.0,0,0
4,121.66,2.094,200.99,8.83,1826,56761.4,0,0
4,121.24,2.215,210.04,9.263,1851,56780.8,0,0
4,120.72,2.344,219.49,8.809,1876,56800.2,0,0
4,120.13,2.48,209.61,9.24,1901,56819.7,0,0
4,115.45,2.382,219.05,9.693,1926,56839.1,0,0
4,112.11,2.285,209.19,9.218,1901,56858.5,0,0
4,107.47,2.41,218.6,8.767,1926,56877.9,0,0
4,106.87,2.42,218.6,8.767,1926,56897.4,0,0
4,106.3,2.425,218.6,8.767,1926,56916.8,0,0
4,105.79,2.425,218.6,8.767,1926,56936.2,0,0
4,94.83,1.693,218.6,8.767,1926,56955.6,1,0
4,105.04,2.409,218.6,8.767,1926,56975.1,0,0
4,104.83,2.393,218.6,8.767,1926,56994.5,0,0
4,104.73,2.375,218.6,8.767,1926,57013.9,0,0
4,104.75,2.353,218.6,8.767,1926,57033.3,0,0
4,104.9,2.331,218.6,8.767,1926,57052.8,0,0
4,105.16,2.308,218.6,8.767,1926,57072.2,0,0
4,109.43,2.397,208.77,8.337,1901,57091.6,0,0
4,109.9,2.264,199.37,8.746,1926,57111.0,0,0
4,110.46,2.357,190.4,9.174,1907,57130.5,0,0
4,111.06,2.234,198.97,9.624,1932,57149.9,0,0
4,111.7,2.336,207.92,10.095,1907,57169.3,0,0
4,112.36,2.449,217.28,10.59,1932,57188.8,0,0
4,112.99,2.338,207.5,10.071,1907,57208.2,0,0
4,109.53,2.236,216.84,9.577,1882,57227.6,0,0
4,105.97,2.253,207.08,9.108,1907,57247.0,0,0
4,106.39,2.381,197.76,9.055,1882,57266.5,0,0
4,106.73,2.519,206.66,8.612,1907,57285.9,0,0
4,106.95,2.665,215.96,9.034,1932,57305.3,0,0
4,107.07,2.562,225.68,8.591,1957,57324.7,0,0
4,107.06,2.708,235.83,9.012,1982,57344.2,0,0
4,106.95,2.86,225.22,9.453,1957,57363.6,0,0
4,106.71,3.015,235.36,8.99,1932,57383.0,0,0
4,106.38,3.173,224.77,8.55,1957,57402.4,0,0
4,101.88,3.331,234.88,8.969,1932,57421.9,0,0
4,105.45,3.49,224.31,9.408,1957,57441.3,0,0
4,104.9,3.314,214.22,8.947,1932,57460.7,0,0
4,104.3,3.14,204.58,8.509,1907,57480.1,0,0
4,103.7,2.969,213.78,8.926,1882,57499.6,0,0
4,103.1,2.804,204.16,9.363,1857,57519.0,0,0
4,102.54,2.646,194.97,9.822,1832,57538.4,0,0
4,102.99,2.746,186.2,9.34,1857,57557.8,0,0
4,102.55,2.72,186.2,9.34,1857,57577.3,0,0
4,102.2,2.695,186.2,9.34,1857,57596.7,0,0
4,101.95,2.674,186.2,9.34,1857,57616.1,0,0
4,101.82,2.657,186.2,9.34,1857,57635.5,0,0
4,101.8,2.646,186.2,9.34,1857,57655.0,0,0
4,101.9,2.641,186.2,9.34,1857,57674.4,0,0
4,102.11,2.643,186.2,9.34,1857,57693.8,0,0
4,98.53,2.523,177.82,9.798,1832,57713.2,0,0
4,98.93,2.658,185.82,10.278,1857,57732.7,0,0
4,99.4,2.806,194.19,10.782,1882,57752.1,0,0
4,99.94,2.965,202.92,10.254,1857,57771.5,0,0
4,100.51,2.849,212.06,10.756,1832,57790.9,0,0
4,101.09,3.015,221.6,11.283,1807,57810.4,0,0
4,101.67,2.898,231.04,11.591,1832,57829.8,0,0
4,102.23,3.063,220.65,11.023,1807,57849.2,0,0
4,102.73,3.094,230.58,11.564,1782,57868.6,0,0
4,102.61,2.963,220.2,10.997,1757,57888.1,0,0
4,107.06,2.831,230.11,10.458,1732,57907.5,0,0
4,107.33,2.836,230.11,10.458,1732,57926.9,0,0
4,107.48,2.834,230.11,10.458,1732,57946.3,0,0
4,107.52,2.826,230.11,10.458,1732,57965.8,0,0
4,107.44,2.812,230.11,10.458,1732,57985.2,0,0
4,103.14,2.659,219.75,9.946,1757,58004.6,0,0
4,106.94,2.51,209.86,9.458,1782,58024.0,0,0
4,106.55,2.607,200.42,8.995,1807,58043.5,0,0
4,106.07,2.706,209.44,8.554,1832,58062.9,0,0
4,105.52,2.551,200.02,8.973,1807,58082.3,0,0
4,104.94,2.65,191.01,8.826,1832,58101.8,0,0
4,104.33,2.503,182.42,9.259,1807,58121.2,0,0
4,103.73,2.369,190.63,8.805,1782,58140.6,0,0
4,103.15,2.473,182.05,8.374,1807,58160.0,0,0
4,102.62,2.588,190.24,8.784,1782,58179.5,0,0
4,106.07,2.714,198.8,9.214,1757,58198.9,0,0
4,105.67,2.723,198.8,9.214,1757,58218.3,0,0
4,105.38,2.738,198.8,9.214,1757,58237.7,0,0
4,105.2,2.758,198.8,9.214,1757,58257.2,0,0
4,105.14,2.782,198.8,9.214,1757,58276.6,0,0
4,105.2,2.808,198.8,9.214,1757,58296.0,0,0
4,105.38,2.835,198.8,9.214,1757,58315.4,0,0
4,105.67,2.862,198.8,9.214,1757,58334.9,0,0
4,106.07,2.887,198.8,9.214,1757,58354.3,0,0
4,102.62,3.047,189.86,8.763,1732,58373.7,0,0
4,99.2,2.917,181.31,9.192,1707,58393.1,0,0
4,99.76,2.927,181.31,9.192,1707,58412.6,0,0
4,100.34,2.931,181.31,9.192,1707,58432.0,0,0
4,100.92,2.928,181.31,9.192,1707,58451.4,0,0
4,101.48,2.919,181.31,9.192,1707,58470.8,0,0
4,102.0,2.904,181.31,9.192,1707,58490.3,0,0
4,102.46,2.884,181.31,9.192,1707,58509.7,0,0
4,102.85,2.722,189.47,9.643,1732,58529.1,0,0
4,103.14,2.568,180.95,10.115,1757,58548.5,0,0
4,103.32,2.665,189.09,10.611,1782,58568.0,0,0
4,103.4,2.566,197.6,10.091,1757,58587.4,0,0
4,103.36,2.666,206.49,10.585,1782,58606.8,0,0
4,103.21,2.519,215.78,11.104,1757,58626.2,0,0
4,102.96,2.384,206.07,11.648,1782,58645.7,0,0
4,102.6,2.49,215.34,12.219,1757,58665.1,0,0
4,102.17,2.487,215.34,12.219,1757,58684.5,0,0
4,101.67,2.49,215.34,12.219,1757,58703.9,0,0
4,101.12,2.498,215.34,12.219,1757,58723.4,0,0
4,100.54,2.513,215.34,12.219,1757,58742.8,0,0
4,99.96,2.531,215.34,12.219,1757,58762.2,0,0
4,99.39,2.554,215.34,12.219,1757,58781.6,0,0
4,98.86,2.578,215.34,12.219,1757,58801.1,0,0
4,102.31,2.728,215.02,12.124,1754,58820.5,0,0
4,101.89,2.621,224.69,11.53,1779,58839.9,0,0
4,101.58,2.517,222.92,12.095,1754,58859.3,0,0
4,101.36,2.656,232.95,12.687,1779,58878.8,0,0
4,101.26,2.798,222.47,12.066,1754,58898.2,0,0
4,97.4,2.673,212.46,11.474,1779,58917.6,0,0
4,97.53,2.547,222.02,10.912,1804,58937.0,0,0
4,97.77,2.666,232.01,10.377,1829,58956.5,0,0
4,98.11,2.529,221.57,9.869,1854,58975.9,0,0
4,98.53,2.636,211.6,9.385,1829,58995.3,0,0
4,99.02,2.583,202.08,9.845,1854,59014.7,0,0
4,99.56,2.439,192.98,9.363,1829,59034.2,0,0
4,100.14,2.532,184.91,8.904,1854,59053.6,0,0
4,100.72,2.523,191.04,8.468,1879,59073.0,0,0
4,101.29,2.619,182.44,8.292,1854,59092.5,0,0
4,101.83,2.721,174.23,7.886,1879,59111.9,0,0
4,102.31,2.831,182.07,8.272,1904,59131.3,0,0
4,102.72,2.68,173.88,8.332,1929,59150.7,0,0
4,103.05,2.8,181.71,7.923,1904,59170.2,0,0
4,103.27,2.663,189.88,8.312,1929,59189.6,0,0
4,103.38,2.794,198.43,7.904,1904,59209.0,0,0
4,103.39,2.69,207.36,8.292,1879,59228.4,0,0
4,103.28,2.576,198.03,7.885,1854,59247.9,0,0
4,98.95,2.72,189.11,8.272,1829,59267.3,0,0
4,94.55,2.876,197.62,8.677,1854,59286.7,0,0
4,94.17,3.043,206.52,9.102,1829,59306.1,0,0
4,93.73,2.925,197.22,8.656,1804,59325.6,0,0
4,93.24,2.811,206.1,9.08,1829,59345.0,0,0
4,92.71,2.698,215.37,8.635,1854,59364.4,0,0
4,92.17,2.586,225.07,9.059,1879,59383.8,0,0
4,91.64,2.724,235.19,9.502,1904,59403.3,0,0
4,82.03,2.004,224.61,9.037,1929,59422.7,1,0
4,90.69,2.865,224.61,9.037,1929,59442.1,0,0
4,90.3,2.861,224.61,9.037,1929,59461.5,0,0
4,89.99,2.85,224.61,9.037,1929,59481.0,0,0
4,89.76,2.834,224.61,9.037,1929,59500.4,0,0
4,89.64,2.814,224.61,9.037,1929,59519.8,0,0
4,89.62,2.79,224.61,9.037,1929,59539.2,0,0
4,93.59,2.631,214.5,9.48,1904,59558.7,0,0
4,97.68,2.73,224.15,9.015,1929,59578.1,0,0
4,101.88,2.835,214.07,8.573,1904,59597.5,0,0
4,102.29,2.946,223.7,8.153,1879,59616.9,0,0
4,102.78,2.784,213.63,7.754,1902,59636.4,0,0
4,103.33,2.903,223.25,8.134,1927,59655.8,0,0
4,103.92,3.033,213.2,8.339,1902,59675.2,0,0
4,104.53,2.885,203.61,7.931,1927,59694.6,0,0
4,105.13,2.751,212.77,7.542,1902,59714.1,0,0
4,105.7,2.895,203.2,7.912,1883,59733.5,0,0
4,106.22,3.053,212.34,8.299,1908,59752.9,0,0
4,106.68,2.929,221.89,8.706,1891,59772.3,0,0
4,107.05,3.098,211.91,8.279,1916,59791.8,0,0
4,107.32,2.977,221.45,8.685,1941,59811.2,0,0
4,107.48,2.862,231.41,9.111,1966,59830.6,0,0
4,107.52,3.027,221.0,9.557,1991,59850.0,0,0
4,107.44,3.198,225.86,9.089,1966,59869.5,0,0
4,107.25,3.065,215.7,9.534,1991,59888.9,0,0
4,102.86,2.932,205.99,9.067,1966,59908.3,0,0
4,102.48,2.798,196.72,9.511,1991,59927.7,0,0
4,102.02,2.934,205.57,9.045,1966,59947.2,0,0
4,101.5,3.07,214.83,8.602,1941,59966.6,0,0
4,100.94,3.204,205.16,9.023,1916,59986.0,0,0
4,100.36,3.338,195.93,8.581,1891,60005.5,0,0
4,99.78,3.154,187.11,8.161,1866,60024.9,0,0
4,99.22,3.277,195.53,8.561,1891,60044.3,0,0
4,102.64,3.402,186.73,8.141,1866,60063.7,0,0
4,106.08,3.531,195.13,8.54,1891,60083.2,0,0
4,101.78,3.33,203.91,8.959,1916,60102.6,0,0
4,105.39,3.461,194.74,8.52,1891,60122.0,0,0
4,109.08,3.272,203.5,8.175,1866,60141.4,0,0
4,109.02,3.256,203.5,8.175,1866,60160.9,0,0
4,109.08,3.247,203.5,8.175,1866,60180.3,0,0
4,109.26,3.245,203.5,8.175,1866,60199.7,0,0
4,109.56,3.252,203.5,8.175,1866,60219.1,0,0
4,113.88,3.423,194.34,7.774,1891,60238.6,0,0
4,118.33,3.4,203.09,7.393,1916,60258.0,0,0
4,118.94,3.592,202.06,7.756,1941,60277.4,0,0
4,119.61,3.451,192.96,7.375,1916,60296.8,0,0
4,120.3,3.652,184.28,7.014,1891,60316.3,0,0
4,121.0,3.864,192.57,6.67,1916,60335.7,0,0
4,121.68,3.712,201.24,6.997,1941,60355.1,0,0
4,122.31,3.562,196.05,7.34,1966,60374.5,0,0
4,122.86,3.413,204.87,7.7,1991,60394.0,0,0
4,127.42,3.264,195.65,7.322,1966,60413.4,0,0
4,127.78,3.272,195.65,7.322,1966,60432.8,0,0
4,128.02,3.272,195.65,7.322,1966,60452.2,0,0
4,128.12,3.266,195.65,7.322,1966,60471.7,0,0
4,128.08,3.252,195.65,7.322,1966,60491.1,0,0
4,127.9,3.232,195.65,7.322,1966,60510.5,0,0
4,127.58,3.207,195.65,7.322,1966,60529.9,0,0
4,150.0,4.192,175.65,5.322,1966,60549.4,0,1
4,122.54,3.3,186.85,7.681,1991,60568.8,0,0
4,121.94,3.111,178.44,8.058,1966,60588.2,0,0
4,121.29,3.231,186.47,8.453,1941,60607.6,0,0
4,120.59,3.358,194.86,8.038,1916,60627.1,0,0
4,119.89,3.496,186.43,8.432,1941,60646.5,0,0
4,119.21,3.646,194.81,8.845,1916,60665.9,0,0
4,118.57,3.812,186.05,8.412,1891,60685.3,0,0
4,118.01,3.628,177.68,8.824,1916,60704.8,0,0
4,117.53,3.789,169.68,8.392,1891,60724.2,0,0
4,117.16,3.989,177.32,8.373,1916,60743.6,0,0
4,116.91,3.823,169.34,7.963,1891,60763.0,0,0
4,116.79,3.669,162.8,8.353,1916,60782.5,0,0
4,116.8,3.881,170.13,7.944,1941,60801.9,0,0
4,115.37,3.731,162.48,8.333,1916,60821.3,0,0
4,119.54,3.947,169.79,8.742,1891,60840.7,0,0
4,123.86,4.174,177.43,8.313,1905,60860.2,0,0
4,124.38,4.004,179.56,7.906,1930,60879.6,0,0
4,125.0,3.836,187.64,8.293,1955,60899.0,0,0
4,125.69,3.668,196.09,7.9,1979,60918.5,0,0
4,126.41,3.558,187.26,7.513,1954,60937.9,0,0
4,127.15,3.387,195.69,7.881,1929,60957.3,0,0
4,127.87,3.217,186.88,7.495,1939,60976.7,0,0
4,132.61,3.356,195.29,7.862,1914,60996.2,0,0
4,133.24,3.495,204.08,8.158,1939,61015.6,0,0
4,133.78,3.301,194.9,8.557,1914,61035.0,0,0
4,134.21,3.429,186.13,8.138,1889,61054.4,0,0
4,134.5,3.233,194.5,8.537,1914,61073.9,0,0
4,134.66,3.356,185.75,8.955,1939,61093.3,0,0
4,134.66,3.485,177.39,8.516,1964,61112.7,0,0
4,134.52,3.623,169.41,8.934,1939,61132.1,0,0
4,134.24,3.427,161.79,8.496,1914,61151.6,0,0
4,129.74,3.248,169.07,8.912,1889,61171.0,0,0
4,133.3,3.099,176.67,9.349,1894,61190.4,0,0
4,132.68,2.951,168.72,9.506,1919,61209.8,0,0
4,131.98,3.101,161.13,9.041,1894,61229.3,0,0
4,131.24,3.266,168.38,8.598,1869,61248.7,0,0
4,130.48,3.13,175.96,8.176,1894,61268.1,0,0
4,129.73,3.005,183.88,8.577,1888,61287.5,0,0
4,129.02,2.887,192.15,8.997,1913,61307.0,0,0
4,128.37,2.776,183.5,9.073,1888,61326.4,0,0
4,127.81,2.937,191.76,8.628,1863,61345.8,0,0
4,127.37,2.82,183.13,9.051,1888,61365.2,0,0
4,127.05,2.978,191.37,9.494,1913,61384.7,0,0
4,126.87,2.852,182.76,9.029,1889,61404.1,0,0
4,126.84,3.001,190.99,9.472,1914,61423.5,0,0
4,126.95,3.151,187.57,9.007,1889,61442.9,0,0
4,127.21,2.999,187.63,9.449,1914,61462.4,0,0
4,127.6,3.135,179.19,8.986,1939,61481.8,0,0
4,128.11,3.27,187.25,9.426,1964,61501.2,0,0
4,128.72,3.093,195.68,9.888,1939,61520.6,0,0
4,129.4,3.215,186.87,10.372,1914,61540.1,0,0
4,130.14,3.339,195.28,9.864,1889,61559.5,0,0
4,130.9,3.466,186.5,10.348,1864,61578.9,0,0
4,131.65,3.268,194.89,10.855,1889,61598.3,0,0
4,132.37,3.083,186.12,10.323,1914,61617.8,0,0
4,133.03,2.912,194.49,10.829,1889,61637.2,0,0
4,133.61,3.033,202.92,10.298,1904,61656.6,0,0
4,134.07,3.165,193.79,10.392,1929,61676.0,0,0
4,134.41,3.311,188.61,9.883,1904,61695.5,0,0
4,130.5,3.471,180.12,9.836,1929,61714.9,0,0
4,130.56,3.482,180.12,9.836,1929,61734.3,0,0
4,130.47,3.5,180.12,9.836,1929,61753.7,0,0
4,130.24,3.524,180.12,9.836,1929,61773.2,0,0
4,129.89,3.554,180.12,9.836,1929,61792.6,0,0
4,129.41,3.588,180.12,9.836,1929,61812.0,0,0
4,128.84,3.623,180.12,9.836,1929,61831.5,0,0
4,128.18,3.657,180.12,9.836,1929,61850.9,0,0
4,127.48,3.689,180.12,9.836,1929,61870.3,0,0
4,122.74,3.89,188.23,10.318,1954,61889.7,0,0
4,109.83,2.87,186.61,9.812,1929,61909.2,1,0
4,121.35,4.115,186.61,9.812,1929,61928.6,0,0
4,120.72,4.122,186.61,9.812,1929,61948.0,0,0
4,120.16,4.119,186.61,9.812,1929,61967.4,0,0
4,119.71,4.108,186.61,9.812,1929,61986.9,0,0
4,119.37,4.087,186.61,9.812,1929,62006.3,0,0
4,119.15,4.06,186.61,9.812,1929,62025.7,0,0
4,115.19,3.833,178.21,9.331,1904,62045.1,0,0
4,115.25,3.981,186.23,8.874,1928,62064.6,0,0
4,115.44,3.753,184.17,9.309,1953,62084.0,0,0
4,115.75,3.539,192.45,9.765,1978,62103.4,0,0
4,116.18,3.339,201.11,10.244,2003,62122.8,0,0
4,116.71,3.473,192.06,9.742,1978,62142.3,0,0
4,121.26,3.617,200.71,10.219,1953,62161.7,0,0
4,121.94,3.43,191.67,10.55,1928,62181.1,0,0
4,122.64,3.26,183.05,10.033,1953,62200.5,0,0
4,123.36,3.107,184.15,9.541,1978,62220.0,0,0
4,124.05,2.967,175.86,10.009,2003,62239.4,0,0
4,124.69,2.854,183.77,10.499,1978,62258.8,0,0
4,125.26,2.736,175.5,9.985,1953,62278.2,0,0
4,125.73,2.627,176.07,9.496,1978,62297.7,0,0
4,126.09,2.525,183.99,9.961,1953,62317.1,0,0
4,126.33,2.672,192.27,9.996,1928,62336.5,0,0
4,126.43,2.568,200.92,10.485,1903,62355.9,0,0
4,126.4,2.714,191.88,9.972,1878,62375.4,0,0
4,130.34,2.604,200.52,10.46,1903,62394.8,0,0
4,134.13,2.492,191.49,10.973,1878,62414.2,0,0
4,133.68,2.501,191.49,10.973,1878,62433.6,0,0
4,133.12,2.505,191.49,10.973,1878,62453.1,0,0
4,132.47,2.502,191.49,10.973,1878,62472.5,0,0
4,131.75,2.494,191.49,10.973,1878,62491.9,0,0
4,131.0,2.482,191.49,10.973,1878,62511.3,0,0
4,130.24,2.464,191.49,10.973,1878,62530.8,0,0
4,125.54,2.327,193.6,11.268,1853,62550.2,0,0
4,120.93,2.416,202.31,10.716,1828,62569.6,0,0
4,124.27,2.507,211.41,10.191,1851,62589.0,0,0
4,123.76,2.484,211.41,10.191,1851,62608.5,0,0
4,123.36,2.462,211.41,10.191,1851,62627.9,0,0
4,123.09,2.443,211.41,10.191,1851,62647.3,0,0
4,122.96,2.429,211.41,10.191,1851,62666.7,0,0
4,122.98,2.42,211.41,10.191,1851,62686.2,0,0
4,127.02,2.301,201.9,10.691,1826,62705.6,0,0
4,127.32,2.304,201.9,10.691,1826,62725.0,0,0
4,127.75,2.312,201.9,10.691,1826,62744.5,0,0
4,128.29,2.325,201.9,10.691,1826,62763.9,0,0
4,128.92,2.342,201.9,10.691,1826,62783.3,0,0
4,125.66,2.308,210.98,11.214,1851,62802.7,0,0
4,130.38,2.441,201.49,10.665,1876,62822.2,0,0
4,131.14,2.351,210.56,11.187,1901,62841.6,0,0
4,131.88,2.259,220.03,10.639,1876,62861.0,0,0
4,132.59,2.169,210.13,10.118,1851,62880.4,0,0
4,133.22,2.08,200.67,9.622,1876,62899.9,0,0
4,137.86,2.191,191.64,9.151,1851,62919.3,0,0
4,134.19,2.304,186.51,9.599,1876,62938.7,0,0
4,134.49,2.379,189.38,10.069,1901,62958.1,0,0
4,134.65,2.49,180.86,9.576,1926,62977.6,0,0
4,134.66,2.362,189.0,9.107,1951,62997.0,0,0
4,134.53,2.237,197.5,9.553,1976,63016.4,0,0
4,134.25,2.114,188.61,9.085,1951,63035.8,0,0
4,133.85,2.197,197.1,9.53,1976,63055.3,0,0
4,133.32,2.072,205.97,9.063,1951,63074.7,0,0
4,132.7,2.151,196.7,8.619,1926,63094.1,0,0
4,132.01,2.233,205.55,8.197,1951,63113.5,0,0
4,131.27,2.32,196.3,8.598,1926,63133.0,0,0
4,130.51,2.413,187.47,9.02,1951,63152.4,0,0
4,129.75,2.515,195.91,8.578,1976,63171.8,0,0
4,129.04,2.627,187.09,8.733,2001,63191.2,0,0
4,128.39,2.75,178.67,8.305,2026,63210.7,0,0
4,127.83,2.802,170.63,8.712,2015,63230.1,0,0
4,127.38,2.948,178.31,9.139,1990,63249.5,0,0
4,130.95,3.108,170.29,8.691,1965,63268.9,0,0
4,126.87,2.981,177.95,9.117,1940,63288.4,0,0
4,122.96,2.863,170.01,9.564,1915,63307.8,0,0
4,119.18,3.03,177.66,9.095,1940,63327.2,0,0
4,121.65,3.206,185.66,9.541,1965,63346.6,0,0
4,118.11,3.391,194.01,10.008,1940,63366.1,0,0
4,122.5,3.583,185.28,9.518,1915,63385.5,0,0
4,127.01,3.435,183.94,9.052,1890,63404.9,0,0
4,131.65,3.618,192.22,8.98,1915,63424.3,0,0
4,132.39,3.803,200.87,9.42,1890,63443.8,0,0
4,133.17,3.623,195.36,9.881,1915,63463.2,0,0
4,133.93,3.444,186.57,9.397,1890,63482.6,0,0
4,134.67,3.596,178.18,8.937,1915,63502.0,0,0
4,135.34,3.404,186.19,9.375,1940,63521.5,0,0
4,140.02,3.542,177.82,9.834,1965,63540.9,0,0
4,143.98,3.68,169.81,9.352,1990,63560.3,0,0
4,144.35,3.82,162.17,8.894,1965,63579.7,0,0
4,144.57,3.602,169.47,8.458,1990,63599.2,0,0
4,144.64,3.397,161.84,8.044,1965,63618.6,0,0
4,144.55,3.206,154.56,7.649,1940,63638.0,0,0
4,144.3,3.031,147.61,7.275,1915,63657.5,0,0
4,143.91,2.87,154.25,7.631,1890,63676.9,0,0
4,143.39,2.724,161.19,7.257,1865,63696.3,0,0
4,138.69,2.591,168.44,7.613,1890,63715.7,0,0
4,137.99,2.721,160.86,7.24,1865,63735.2,0,0
4,137.23,2.601,153.62,6.885,1890,63754.6,0,0
4,136.44,2.742,160.54,7.222,1865,63774.0,0,0
4,135.65,2.896,167.76,7.576,1840,63793.4,0,0
4,134.89,2.782,160.21,7.939,1815,63812.9,0,0
4,134.19,2.944,153.0,8.328,1840,63832.3,0,0
4,133.57,2.83,159.89,8.736,1865,63851.7,0,0
4,133.06,2.719,167.08,8.308,1890,63871.1,0,0
4,136.56,2.872,174.6,8.148,1865,63890.6,0,0
4,136.31,3.03,182.46,8.547,1840,63910.0,0,0
4,136.22,3.191,174.25,8.746,1865,63929.4,0,0
4,136.28,3.046,182.09,9.175,1883,63948.8,0,0
4,136.5,2.901,185.95,8.725,1888,63968.3,0,0
4,136.86,2.757,194.31,8.297,1863,63987.7,0,0
4,137.37,2.878,203.06,8.704,1838,64007.1,0,0
4,137.98,2.724,193.92,8.278,1863,64026.5,0,0
4,138.69,2.833,202.65,8.683,1859,64046.0,0,0
4,135.8,2.674,193.53,8.258,1834,64065.4,0,0
4,136.59,2.674,184.82,7.853,1809,64084.8,0,0
4,137.38,2.521,176.5,7.644,1784,64104.2,0,0
4,138.15,2.378,168.56,7.269,1809,64123.7,0,0
4,138.87,2.471,163.91,7.625,1834,64143.1,0,0
4,139.5,2.572,171.28,7.999,1859,64162.5,0,0
4,140.04,2.682,163.57,7.607,1834,64181.9,0,0
4,140.45,2.674,163.57,7.607,1834,64201.4,0,0
4,140.72,2.673,163.57,7.607,1834,64220.8,0,0
4,140.83,2.679,163.57,7.607,1834,64240.2,0,0
4,140.8,2.691,163.57,7.607,1834,64259.6,0,0
4,140.61,2.708,163.57,7.607,1834,64279.1,0,0
4,140.28,2.729,163.57,7.607,1834,64298.5,0,0
4,139.81,2.754,163.57,7.607,1834,64317.9,0,0
4,139.23,2.781,163.57,7.607,1834,64337.3,0,0
4,134.5,2.943,170.94,7.234,1859,64356.8,0,0
4,116.77,1.979,178.63,7.589,1834,64376.2,1,0
4,129.01,2.849,178.63,7.589,1834,64395.6,0,0
4,128.26,2.868,178.63,7.589,1834,64415.0,0,0
4,127.53,2.881,178.63,7.589,1834,64434.5,0,0
4,126.84,2.888,178.63,7.589,1834,64453.9,0,0
4,126.23,2.889,178.63,7.589,1834,64473.3,0,0
4,125.71,2.883,178.63,7.589,1834,64492.7,0,0
4,129.2,2.784,170.59,7.217,1809,64512.2,0,0
4,125.03,2.634,178.27,7.571,1784,64531.6,0,0
4,121.01,2.739,186.29,7.942,1809,64551.0,0,0
4,117.14,2.846,177.9,7.552,1826,64570.5,0,0
4,121.16,2.954,185.91,7.922,1801,64589.9,0,0
4,121.45,3.066,177.54,7.912,1826,64609.3,0,0
4,121.85,2.892,171.15,7.524,1801,64628.7,0,0
4,122.37,3.006,178.85,7.893,1826,64648.2,0,0
4,122.97,3.129,171.92,7.506,1851,64667.6,0,0
4,127.6,3.264,179.65,7.138,1876,64687.0,0,0
4,124.35,3.099,187.74,7.488,1854,64706.4,0,0
4,127.18,2.95,196.18,7.121,1832,64725.9,0,0
4,123.88,2.815,187.36,6.772,1807,64745.3,0,0
4,120.48,2.692,178.92,6.44,1782,64764.7,0,0
4,121.06,2.84,170.87,6.756,1807,64784.1,0,0
4,121.56,2.726,178.56,7.087,1813,64803.6,0,0
4,121.95,2.8,186.6,6.886,1788,64823.0,0,0
4,122.23,2.963,194.99,7.223,1763,64842.4,0,0
4,122.38,3.135,203.77,7.577,1788,64861.8,0,0
4,122.4,3.167,212.94,7.948,1813,64881.3,0,0
4,122.28,3.039,203.36,7.588,1788,64900.7,0,0
4,122.03,3.204,212.51,7.216,1813,64920.1,0,0
4,121.67,3.064,208.17,7.57,1788,64939.5,0,0
4,117.11,2.923,217.54,7.941,1763,64959.0,0,0
4,116.57,2.923,217.54,7.941,1763,64978.4,0,0
4,115.96,2.916,217.54,7.941,1763,64997.8,0,0
4,115.31,2.903,217.54,7.941,1763,65017.2,0,0
4,114.64,2.885,217.54,7.941,1763,65036.7,0,0
4,113.98,2.862,217.54,7.941,1763,65056.1,0,0
4,113.36,2.837,217.54,7.941,1763,65075.5,0,0
4,112.78,2.81,217.54,7.941,1763,65094.9,0,0
4,116.2,2.649,207.75,7.552,1788,65114.4,0,0
4,114.64,2.499,198.4,7.84,1813,65133.8,0,0
4,118.23,2.598,189.48,8.224,1788,65153.2,0,0
4,118.05,2.705,180.95,7.821,1813,65172.6,0,0
4,118.01,2.822,172.81,7.438,1801,65192.1,0,0
4,118.11,2.951,167.73,7.786,1776,65211.5,0,0
4,118.34,3.093,160.18,8.168,1751,65230.9,0,0
4,118.7,3.251,167.39,8.568,1776,65250.3,0,0
4,119.16,3.11,174.92,8.988,1801,65269.8,0,0
4,119.72,2.981,182.79,9.428,1826,65289.2,0,0
4,120.36,3.15,191.02,9.89,1801,65308.6,0,0
4,125.02,3.026,182.42,9.406,1826,65328.0,0,0
4,125.75,3.203,190.63,8.945,1801,65347.5,0,0
4,126.47,3.078,199.21,9.383,1826,65366.9,0,0
4,127.17,2.958,208.18,9.843,1851,65386.3,0,0
4,127.81,2.876,217.54,10.325,1876,65405.7,0,0
4,128.37,3.033,207.75,9.819,1901,65425.2,0,0
4,128.82,3.191,198.41,9.67,1876,65444.6,0,0
4,129.16,3.351,189.48,10.144,1901,65464.0,0,0
4,129.36,3.189,180.95,9.647,1926,65483.5,0,0
4,129.43,3.333,172.81,9.381,1951,65502.9,0,0
4,129.35,3.477,180.58,9.841,1926,65522.3,0,0
4,129.14,3.62,177.05,9.358,1951,65541.7,0,0
4,124.69,3.609,185.02,8.9,1926,65561.2,0,0
4,124.24,3.577,185.02,8.9,1926,65580.6,0,0
4,123.7,3.542,185.02,8.9,1926,65600.0,0,0
4,123.08,3.508,185.02,8.9,1926,65619.4,0,0
4,122.4,3.477,185.02,8.9,1926,65638.9,0,0
4,121.7,3.45,185.02,8.9,1926,65658.3,0,0
4,120.99,3.428,185.02,8.9,1926,65677.7,0,0
4,120.31,3.414,185.02,8.9,1926,65697.1,0,0
4,115.75,3.571,193.34,9.336,1901,65716.6,0,0
4,119.13,3.401,202.04,9.793,1876,65736.0,0,0
4,114.77,3.575,192.95,9.314,1899,65755.4,0,0
4,110.54,3.766,201.63,8.857,1924,65774.8,0,0
4,114.22,3.974,194.08,8.423,1899,65794.3,0,0
4,114.13,4.181,185.35,8.01,1924,65813.7,0,0
4,114.18,4.018,193.69,7.618,1899,65833.1,0,0
4,114.36,3.863,202.4,7.991,1874,65852.5,0,0
4,114.66,3.712,193.3,7.6,1899,65872.0,0,0
4,115.08,3.595,196.89,7.227,1874,65891.4,0,0
4,119.52,3.448,205.75,7.581,1899,65910.8,0,0
4,120.13,3.301,215.01,7.953,1915,65930.2,0,0
4,120.8,3.473,205.34,8.343,1940,65949.7,0,0
4,121.5,3.646,196.1,7.934,1965,65969.1,0,0
4,122.21,3.818,187.27,7.545,1940,65988.5,0,0
4,122.89,3.625,178.85,7.915,1915,66007.9,0,0
4,123.53,3.67,186.89,8.303,1890,66027.4,0,0
4,124.1,3.82,195.3,8.709,1915,66046.8,0,0
4,128.68,3.971,198.11,8.283,1890,66066.2,0,0
4,124.95,3.746,207.03,7.877,1865,66085.6,0,0
4,129.31,3.531,197.71,7.491,1890,66105.1,0,0
4,129.42,3.666,206.61,7.124,1865,66124.5,0,0
4,129.4,3.459,197.31,6.775,1890,66143.9,0,0
4,129.23,3.597,188.43,6.443,1915,66163.3,0,0
4,128.93,3.404,192.26,6.758,1940,66182.8,0,0
4,128.5,3.227,200.91,7.09,1965,66202.2,0,0
4,127.97,3.377,191.87,6.742,1940,66221.6,0,0
4,127.35,3.542,200.5,6.412,1915,66241.0,0,0
4,130.7,3.724,209.53,6.726,1890,66260.5,0,0
4,129.96,3.924,200.1,7.056,1915,66279.9,0,0
4,129.21,3.763,209.1,7.401,1890,66299.3,0,0
4,128.47,3.977,218.51,7.764,1865,66318.7,0,0
4,127.78,4.207,208.68,7.384,1840,66338.2,0,0
4,127.15,4.045,218.07,7.745,1815,66357.6,0,0
4,126.63,4.025,208.26,7.366,1840,66377.0,0,0
4,126.21,3.865,198.89,7.727,1865,66396.5,0,0
4,129.82,3.706,194.09,8.105,1890,66415.9,0,0
4,125.79,3.902,202.82,7.708,1865,66435.3,0,0
4,125.79,3.728,205.5,8.086,1840,66454.7,0,0
4,125.94,3.553,196.26,7.69,1815,66474.2,0,0
4,126.23,3.721,187.42,7.313,1840,66493.6,0,0
4,126.64,3.887,195.86,7.671,1823,66513.0,0,0
4,127.17,3.681,204.67,8.047,1798,66532.4,0,0
4,127.8,3.481,213.88,8.441,1773,66551.9,0,0
4,128.49,3.286,204.26,8.516,1748,66571.3,0,0
4,125.24,3.099,195.07,8.933,1773,66590.7,0,0
4,129.98,3.217,186.29,8.495,1798,66610.1,0,0
4,126.69,3.033,194.67,8.912,1807,66629.6,0,0
4,127.37,3.007,194.67,8.912,1807,66649.0,0,0
4,127.99,2.984,194.67,8.912,1807,66668.4,0,0
4,128.52,2.967,194.67,8.912,1807,66687.8,0,0
4,128.94,2.956,194.67,8.912,1807,66707.3,0,0
4,129.24,2.952,194.67,8.912,1807,66726.7,0,0
4,129.4,2.956,194.67,8.912,1807,66746.1,0,0
4,129.42,3.108,185.91,8.475,1782,66765.5,0,0
4,129.3,2.976,177.54,8.06,1757,66785.0,0,0
4,129.05,2.854,172.93,8.454,1782,66804.4,0,0
4,128.66,3.017,165.15,8.869,1807,66823.8,0,0
4,115.35,2.03,172.58,8.434,1782,66843.2,1,0
4,127.57,2.928,172.58,8.434,1782,66862.7,0,0
4,126.91,2.956,172.58,8.434,1782,66882.1,0,0
4,126.2,2.981,172.58,8.434,1782,66901.5,0,0
4,125.47,3.002,172.58,8.434,1782,66920.9,0,0
4,124.75,3.018,172.58,8.434,1782,66940.4,0,0
4,124.06,3.027,172.58,8.434,1782,66959.8,0,0
4,119.5,2.912,178.07,8.847,1757,66979.2,0,0
4,122.89,3.048,186.08,8.414,1782,66998.6,0,0
4,126.34,2.892,177.71,8.002,1757,67018.1,0,0
4,129.9,2.739,185.7,8.394,1732,67037.5,0,0
4,129.7,2.719,185.7,8.394,1732,67056.9,0,0
4,129.65,2.696,185.7,8.394,1732,67076.3,0,0
4,129.75,2.671,185.7,8.394,1732,67095.8,0,0
4,130.0,2.645,185.7,8.394,1732,67115.2,0,0
4,130.39,2.62,185.7,8.394,1732,67134.6,0,0
4,130.9,2.598,185.7,8.394,1732,67154.0,0,0
4,131.51,2.579,185.7,8.394,1732,67173.5,0,0
4,132.2,2.565,185.7,8.394,1732,67192.9,0,0
4,128.97,2.679,177.35,7.982,1707,67212.3,0,0
4,125.72,2.804,169.37,7.591,1732,67231.7,0,0
4,126.45,2.674,176.99,7.963,1757,67251.2,0,0
4,127.15,2.812,169.02,7.573,1732,67270.6,0,0
4,127.79,2.965,161.42,7.202,1707,67290.0,0,0
4,128.35,2.844,168.68,7.555,1710,67309.4,0,0
4,128.81,2.732,176.27,7.925,1735,67328.9,0,0
4,133.26,2.89,168.34,7.537,1710,67348.3,0,0
4,133.48,3.058,161.87,7.906,1735,67367.7,0,0
4,133.55,2.975,169.16,8.293,1760,67387.2,0,0
4,133.48,2.856,176.77,8.7,1785,67406.6,0,0
4,133.26,3.013,170.74,9.126,1810,67426.0,0,0
4,132.91,3.174,178.42,8.828,1785,67445.4,0,0
4,132.43,3.336,186.45,9.26,1760,67464.9,0,0
4,131.85,3.179,178.06,9.022,1785,67484.3,0,0
4,131.19,3.233,170.05,9.284,1810,67503.7,0,0
4,130.47,3.376,177.7,9.739,1835,67523.1,0,0
4,129.73,3.196,185.69,9.262,1860,67542.6,0,0
4,128.97,3.02,177.34,8.808,1835,67562.0,0,0
4,128.25,2.85,176.14,9.239,1810,67581.4,0,0
4,131.51,2.959,184.07,9.692,1835,67600.8,0,0
4,130.9,2.931,184.07,9.692,1835,67620.3,0,0
4,130.39,2.903,184.07,9.692,1835,67639.7,0,0
4,130.0,2.879,184.07,9.692,1835,67659.1,0,0
4,129.75,2.858,184.07,9.692,1835,67678.5,0,0
4,129.65,2.843,184.07,9.692,1835,67698.0,0,0
4,129.7,2.834,184.07,9.692,1835,67717.4,0,0
4,126.01,2.968,192.35,10.167,1810,67736.8,0,0
4,130.24,2.83,183.7,9.669,1785,67756.2,0,0
4,126.8,2.706,191.96,9.195,1760,67775.7,0,0
4,127.36,2.722,191.96,9.195,1760,67795.1,0,0
4,128.01,2.743,191.96,9.195,1760,67814.5,0,0
4,128.72,2.768,191.96,9.195,1760,67833.9,0,0
4,129.46,2.795,191.96,9.195,1760,67853.4,0,0
4,130.22,2.822,191.96,9.195,1760,67872.8,0,0
4,130.95,2.848,191.96,9.195,1760,67892.2,0,0
4,131.63,2.871,191.96,9.195,1760,67911.6,0,0
4,128.16,2.752,183.33,8.745,1735,67931.1,0,0
4,128.66,2.632,175.08,8.316,1760,67950.5,0,0
4,129.05,2.766,167.2,7.909,1735,67969.9,0,0
4,129.3,2.635,159.67,7.521,1710,67989.3,0,0
4,129.42,2.756,152.49,7.89,1735,68008.8,0,0
4,129.4,2.877,159.35,7.503,1760,68028.2,0,0
4,129.24,2.998,152.18,7.135,1785,68047.6,0,0
4,128.94,2.833,159.03,6.786,1760,68067.0,0,0
4,132.61,2.686,166.18,7.118,1735,68086.5,0,0
4,132.07,2.789,173.66,7.467,1760,68105.9,0,0
4,131.43,2.894,165.85,7.101,1785,68125.3,0,0
4,130.73,2.73,173.05,7.449,1810,68144.7,0,0
4,129.99,2.837,180.83,7.814,1835,68164.2,0,0
4,129.23,2.953,188.97,8.197,1810,68183.6,0,0
4,128.49,2.797,197.48,7.795,1785,68203.0,0,0
4,127.8,2.923,206.36,8.177,1810,68222.4,0,0
4,123.25,3.055,215.65,7.777,1835,68241.9,0,0
4,118.83,2.915,205.94,7.396,1810,68261.3,0,0
4,118.44,2.927,205.94,7.396,1810,68280.7,0,0
4,118.17,2.946,205.94,7.396,1810,68300.2,0,0
4,118.03,2.969,205.94,7.396,1810,68319.6,0,0
4,118.03,2.997,205.94,7.396,1810,68339.0,0,0
4,118.16,3.026,205.94,7.396,1810,68358.4,0,0
4,118.43,3.055,205.94,7.396,1810,68377.9,0,0
4,118.81,3.082,205.94,7.396,1810,68397.3,0,0
4,115.39,3.256,199.37,7.033,1835,68416.7,0,0
4,112.01,3.435,208.34,7.378,1860,68436.1,0,0
4,112.61,3.45,208.34,7.378,1860,68455.6,0,0
4,113.26,3.459,208.34,7.378,1860,68475.0,0,0
4,113.92,3.46,208.34,7.378,1860,68494.4,0,0
4,114.57,3.453,208.34,7.378,1860,68513.8,0,0
4,115.19,3.438,208.34,7.378,1860,68533.3,0,0
4,115.75,3.418,208.34,7.378,1860,68552.7,0,0
4,116.23,3.392,208.34,7.378,1860,68572.1,0,0
4,116.61,3.523,211.4,7.016,1835,68591.5,0,0
4,116.89,3.322,220.91,7.36,1810,68611.0,0,0
4,117.04,3.448,210.97,6.999,1835,68630.4,0,0
4,117.06,3.58,201.48,7.342,1860,68649.8,0,0
4,116.96,3.721,210.54,7.702,1835,68669.2,0,0
4,116.73,3.874,201.84,7.325,1810,68688.7,0,0
4,120.48,3.67,192.76,6.966,1835,68708.1,0,0
4,120.02,3.661,192.76,6.966,1835,68727.5,0,0
4,119.47,3.661,192.76,6.966,1835,68746.9,0,0
4,118.85,3.669,192.76,6.966,1835,68766.4,0,0
4,118.19,3.686,192.76,6.966,1835,68785.8,0,0
4,117.51,3.71,192.76,6.966,1835,68805.2,0,0
4,116.83,3.741,192.76,6.966,1835,68824.6,0,0
4,116.18,3.775,192.76,6.966,1835,68844.1,0,0
4,119.52,3.694,184.09,7.307,1860,68863.5,0,0
4,118.99,3.551,175.8,6.949,1835,68882.9,0,0
4,118.56,3.411,183.71,7.29,1824,68902.3,0,0
4,118.25,3.602,175.45,7.647,1849,68921.8,0,0
4,118.06,3.799,183.34,8.022,1874,68941.2,0,0
4,118.01,3.632,191.59,7.629,1899,68960.6,0,0
4,118.1,3.815,182.97,7.255,1906,68980.0,0,0
4,118.32,3.979,181.4,6.899,1931,68999.5,0,0
4,118.67,4.16,189.57,6.561,1956,69018.9,0,0
4,119.13,3.943,198.1,6.883,1931,69038.3,0,0
4,119.68,4.107,189.18,7.22,1956,69057.7,0,0
4,120.31,3.879,180.67,7.323,1931,69077.2,0,0
4,120.99,3.66,183.81,6.964,1906,69096.6,0,0
4,117.69,3.603,192.08,7.305,1881,69116.0,0,0
4,118.38,3.397,200.73,7.663,1906,69135.4,0,0
4,119.03,3.205,209.76,8.039,1931,69154.9,0,0
4,119.63,3.332,200.32,7.645,1956,69174.3,0,0
4,120.16,3.469,191.3,8.02,1931,69193.7,0,0
4,120.59,3.288,199.91,8.413,1906,69213.2,0,0
4,120.92,3.123,208.91,8.825,1931,69232.6,0,0
4,121.12,3.273,199.51,9.257,1956,69252.0,0,0
4,118.4,3.439,190.53,8.804,1981,69271.4,0,0
4,122.46,3.29,186.67,9.235,1956,69290.9,0,0
4,122.27,3.154,183.01,8.782,1981,69310.3,0,0
4,109.75,2.333,174.78,9.213,1956,69329.7,1,0
4,121.52,3.364,174.78,9.213,1956,69349.1,0,0
4,120.99,3.396,174.78,9.213,1956,69368.6,0,0
4,120.38,3.429,174.78,9.213,1956,69388.0,0,0
4,119.73,3.459,174.78,9.213,1956,69407.4,0,0
4,119.04,3.486,174.78,9.213,1956,69426.8,0,0
4,118.35,3.507,174.78,9.213,1956,69446.3,0,0
4,121.64,3.352,182.64,9.664,1981,69465.7,0,0
4,117.06,3.52,174.42,9.792,1956,69485.1,0,0
4,116.51,3.519,174.42,9.792,1956,69504.5,0,0
4,116.06,3.51,174.42,9.792,1956,69524.0,0,0
4,115.71,3.493,174.42,9.792,1956,69543.4,0,0
4,115.48,3.471,174.42,9.792,1956,69562.8,0,0
4,115.39,3.443,174.42,9.792,1956,69582.2,0,0
4,111.55,3.576,166.57,9.313,1931,69601.7,0,0
4,115.6,3.371,174.07,8.856,1906,69621.1,0,0
4,115.9,3.179,166.24,8.44,1931,69640.5,0,0
4,116.31,2.999,173.72,8.854,1956,69659.9,0,0
4,116.82,3.118,181.53,9.287,1931,69679.4,0,0
4,117.42,3.247,189.7,9.651,1906,69698.8,0,0
4,118.07,3.078,198.24,9.178,1881,69718.2,0,0
4,118.75,2.925,189.32,8.729,1906,69737.6,0,0
4,115.43,2.822,180.8,9.156,1881,69757.1,0,0
4,116.08,2.83,180.8,9.156,1881,69776.5,0,0
4,116.69,2.844,180.8,9.156,1881,69795.9,0,0
4,117.23,2.864,180.8,9.156,1881,69815.3,0,0
4,117.69,2.889,180.8,9.156,1881,69834.8,0,0
4,118.04,2.916,180.8,9.156,1881,69854.2,0,0
4,118.28,2.944,180.8,9.156,1881,69873.6,0,0
4,118.39,2.972,180.8,9.156,1881,69893.0,0,0
4,118.38,2.998,180.8,9.156,1881,69912.5,0,0
4,114.12,3.165,172.66,8.708,1856,69931.9,0,0
4,109.76,3.031,164.89,8.281,1881,69951.3,0,0
4,109.4,2.897,171.81,7.875,1906,69970.7,0,0
4,108.96,3.041,164.07,8.261,1881,69990.2,0,0
4,108.43,2.893,156.69,7.856,1856,70009.6,0,0
4,107.86,2.746,149.64,8.113,1881,70029.0,0,0
4,107.25,2.602,156.37,8.511,1906,70048.4,0,0
4,110.61,2.708,163.41,8.928,1931,70067.9,0,0
4,109.98,2.557,156.06,8.49,1906,70087.3,0,0
4,109.38,2.656,163.08,8.906,1881,70106.7,0,0
4,108.85,2.504,155.74,8.47,1856,70126.2,0,0
4,108.39,2.599,162.75,8.885,1881,70145.6,0,0
4,108.03,2.452,170.07,8.847,1906,70165.0,0,0
4,107.78,2.317,162.42,8.414,1881,70184.4,0,0
4,107.65,2.413,169.73,8.826,1856,70203.9,0,0
4,107.64,2.288,174.03,8.394,1831,70223.3,0,0
4,111.64,2.394,181.87,8.805,1856,70242.7,0,0
4,108.0,2.511,190.05,9.236,1881,70262.1,0,0
4,104.44,2.64,190.26,9.689,1856,70281.6,0,0
4,104.87,2.654,190.26,9.689,1856,70301.0,0,0
4,105.38,2.673,190.26,9.689,1856,70320.4,0,0
4,105.95,2.696,190.26,9.689,1856,70339.8,0,0
4,106.56,2.722,190.26,9.689,1856,70359.3,0,0
4,107.18,2.749,190.26,9.689,1856,70378.7,0,0
4,107.79,2.774,190.26,9.689,1856,70398.1,0,0
4,108.38,2.798,190.26,9.689,1856,70417.5,0,0
4,112.98,2.683,195.01,9.214,1831,70437.0,0,0
4,117.54,2.828,203.79,8.763,1856,70456.4,0,0
4,117.93,2.974,212.96,8.333,1831,70475.8,0,0
4,118.21,2.835,203.37,7.925,1806,70495.2,0,0
4,118.37,2.798,212.53,7.537,1781,70514.7,0,0
4,118.4,2.923,222.09,7.906,1806,70534.1,0,0
4,118.3,3.047,212.1,8.293,1831,70553.5,0,0
4,118.07,3.082,221.64,8.7,1806,70572.9,0,0
4,117.73,2.909,211.67,8.273,1831,70592.4,0,0
4,117.28,3.021,221.19,8.679,1806,70611.8,0,0
4,120.81,3.135,211.24,8.254,1831,70631.2,0,0
4,116.14,2.957,220.74,7.849,1806,70650.6,0,0
4,115.5,3.071,210.81,8.234,1831,70670.1,0,0
4,114.83,2.902,214.71,8.637,1856,70689.5,0,0
4,114.17,3.024,205.05,8.214,1831,70708.9,0,0
4,113.53,2.868,214.28,8.616,1806,70728.3,0,0
4,112.95,3.002,223.92,8.194,1831,70747.8,0,0
4,112.45,2.861,213.84,8.596,1806,70767.2,0,0
4,112.04,3.008,220.09,9.017,1831,70786.6,0,0
4,111.74,2.88,210.19,9.36,1839,70806.0,0,0
4,111.56,3.041,200.73,8.902,1814,70825.5,0,0
4,111.51,2.92,191.7,8.465,1839,70844.9,0,0
4,111.58,2.807,200.32,8.88,1864,70864.3,0,0
4,111.79,2.834,200.32,8.88,1864,70883.7,0,0
4,112.11,2.86,200.32,8.88,1864,70903.2,0,0
4,112.54,2.885,200.32,8.88,1864,70922.6,0,0
4,113.07,2.905,200.32,8.88,1864,70942.0,0,0
4,113.66,2.921,200.32,8.88,1864,70961.4,0,0
4,110.32,3.071,191.31,8.445,1889,70980.9,0,0
4,110.97,2.927,199.92,8.859,1914,71000.3,0,0
4,111.61,3.064,190.92,9.293,1889,71019.7,0,0
4,112.23,2.907,199.51,9.748,1864,71039.2,0,0
4,112.8,2.752,190.53,10.226,1857,71058.6,0,0
4,117.38,2.864,198.21,10.727,1882,71078.0,0,0
4,117.81,2.84,198.21,10.727,1882,71097.4,0,0
4,118.13,2.814,198.21,10.727,1882,71116.9,0,0
4,118.33,2.786,198.21,10.727,1882,71136.3,0,0
4,118.4,2.76,198.21,10.727,1882,71155.7,0,0
4,118.35,2.736,198.21,10.727,1882,71175.1,0,0
4,118.16,2.716,198.21,10.727,1882,71194.6,0,0
4,117.86,2.701,198.21,10.727,1882,71214.0,0,0
4,117.45,2.692,198.21,10.727,1882,71233.4,0,0
4,121.01,2.56,207.13,10.201,1874,71252.8,0,0
4,120.41,2.441,197.81,10.701,1899,71272.3,0,0
4,119.75,2.567,206.71,11.226,1924,71291.7,0,0
4,119.06,2.459,216.02,10.676,1899,71311.1,0,0
4,118.37,2.596,206.3,10.153,1874,71330.5,0,0
4,117.7,2.494,197.01,9.655,1899,71350.0,0,0
4,117.08,2.638,205.88,9.182,1874,71369.4,0,0
4,116.53,2.792,215.14,9.632,1899,71388.8,0,0
4,119.97,2.789,224.82,9.16,1924,71408.2,0,0
4,119.61,2.812,224.82,9.16,1924,71427.7,0,0
4,119.37,2.831,224.82,9.16,1924,71447.1,0,0
4,119.27,2.846,224.82,9.16,1924,71466.5,0,0
4,119.31,2.854,224.82,9.16,1924,71485.9,0,0
4,119.48,2.857,224.82,9.16,1924,71505.4,0,0
4,119.78,2.853,224.82,9.16,1924,71524.8,0,0
4,120.21,2.842,224.82,9.16,1924,71544.2,0,0
4,120.73,2.826,224.82,9.16,1924,71563.6,0,0
4,121.34,2.671,214.71,9.609,1949,71583.1,0,0
4,122.01,2.775,205.05,9.138,1974,71602.5,0,0
4,122.72,2.881,195.82,8.69,1949,71621.9,0,0
4,123.43,2.99,187.01,8.264,1924,71641.3,0,0
4,124.13,3.105,178.59,8.669,1899,71660.8,0,0
4,124.78,2.93,186.63,9.094,1924,71680.2,0,0
4,125.37,3.049,178.23,8.648,1949,71699.6,0,0
4,125.86,2.925,186.25,8.225,1974,71719.0,0,0
4,122.14,2.776,194.63,8.095,1949,71738.5,0,0
4,120.4,2.907,203.39,8.274,1924,71757.9,0,0
4,120.52,2.912,203.39,8.274,1924,71777.3,0,0
4,120.51,2.924,203.39,8.274,1924,71796.7,0,0
4,120.37,2.942,203.39,8.274,1924,71816.2,0,0
4,120.1,2.965,203.39,8.274,1924,71835.6,0,0
4,119.72,2.992,203.39,8.274,1924,71855.0,0,0
4,119.23,3.02,203.39,8.274,1924,71874.4,0,0
4,118.66,3.05,203.39,8.274,1924,71893.9,0,0
4,122.07,3.225,212.54,8.68,1949,71913.3,0,0
4,117.37,3.408,202.98,8.254,1974,71932.7,0,0
4,116.68,3.266,212.11,7.85,1949,71952.2,0,0
4,116.02,3.439,202.57,7.465,1924,71971.6,0,0
4,115.39,3.283,211.68,7.099,1949,71991.0,0,0
4,114.82,3.443,221.21,7.447,1950,72010.4,0,0
4,118.24,3.272,211.25,7.082,1925,72029.9,0,0
4,117.84,3.416,220.76,7.429,1900,72049.3,0,0
4,117.56,3.233,210.83,7.793,1875,72068.7,0,0
4,117.42,3.055,220.31,8.175,1850,72088.1,0,0
4,117.41,2.883,210.4,8.576,1875,72107.6,0,0
4,117.53,2.993,200.93,8.156,1900,72127.0,0,0
4,117.78,2.821,191.89,7.756,1875,72146.4,0,0
4,118.16,2.929,200.52,8.136,1900,72165.8,0,0
4,118.65,2.765,191.5,8.535,1925,72185.3,0,0
4,119.22,2.614,182.88,8.117,1950,72204.7,0,0
4,119.86,2.726,191.11,7.719,1975,72224.1,0,0
4,120.55,2.849,199.71,7.341,1950,72243.5,0,0
4,121.25,2.711,208.7,6.981,1925,72263.0,0,0
4,117.92,2.586,201.6,7.323,1950,72282.4,0,0
4,118.56,2.722,192.53,7.682,1975,72301.8,0,0
4,119.14,2.608,183.87,7.305,1950,72321.2,0,0
4,119.64,2.502,175.59,6.947,1925,72340.7,0,0
4,120.04,2.404,183.49,6.607,1921,72360.1,0,0
4,120.33,2.311,191.75,6.283,1896,72379.5,0,0
4,120.5,2.221,183.12,6.591,1921,72398.9,0,0
4,120.53,2.349,174.88,6.914,1896,72418.4,0,0
4,120.43,2.254,167.01,6.575,1871,72437.8,0,0
4,116.1,2.16,174.53,6.898,1846,72457.2,0,0
4,119.86,2.066,166.67,7.236,1871,72476.6,0,0
4,119.41,1.971,159.17,6.881,1846,72496.1,0,0
4,118.87,1.877,166.34,6.544,1821,72515.5,0,0
4,118.26,1.783,164.59,6.223,1846,72534.9,0,0
4,117.6,1.861,157.19,5.918,1821,72554.3,0,0
4,120.92,1.939,164.26,6.208,1796,72573.8,0,0
4,116.24,2.016,156.87,5.904,1821,72593.2,0,0
4,119.55,2.095,157.04,5.615,1846,72612.6,0,0
4,122.87,2.174,164.11,5.34,1821,72632.0,0,0
4,118.4,2.169,156.72,5.078,1796,72651.5,0,0
4,117.97,2.252,149.67,4.829,1771,72670.9,0,0
4,117.65,2.34,156.4,5.066,1795,72690.3,0,0
4,117.45,2.213,163.44,5.314,1820,72709.7,0,0
4,117.39,2.308,170.8,5.574,1795,72729.2,0,0
4,117.47,2.192,178.48,5.848,1820,72748.6,0,0
4,117.68,2.086,186.51,6.134,1795,72768.0,0,0
4,118.02,1.991,178.12,6.435,1770,72787.4,0,0
4,118.47,2.096,186.14,6.119,1795,72806.9,0,0
4,122.95,2.211,194.51,6.419,1770,72826.3,0,0
4,119.64,2.122,185.76,6.105,1747,72845.7,0,0
4,116.33,2.244,179.22,6.404,1722,72865.2,0,0
4,117.01,2.282,187.29,6.718,1697,72884.6,0,0
4,117.69,2.415,178.86,6.388,1722,72904.0,0,0
4,118.34,2.357,186.86,6.075,1697,72923.4,0,0
4,118.95,2.261,193.5,6.373,1672,72942.9,0,0
4,119.48,2.384,193.08,6.685,1647,72962.3,0,0
4,119.92,2.51,184.39,6.358,1672,72981.7,0,0
4,120.25,2.636,183.47,6.669,1647,73001.1,0,0
4,120.45,2.509,191.73,6.996,1622,73020.6,0,0
4,116.41,2.384,200.36,6.653,1647,73040.0,0,0
4,116.36,2.487,191.34,6.327,1622,73059.4,0,0
4,116.19,2.512,182.73,6.637,1597,73078.8,0,0
4,115.89,2.612,190.95,6.962,1577,73098.3,0,0
4,115.49,2.464,185.77,7.304,1602,73117.7,0,0
4,114.99,2.324,184.42,7.662,1627,73137.1,0,0
4,114.42,2.412,192.72,8.037,1602,73156.5,0,0
4,113.8,2.505,184.04,7.643,1577,73176.0,0,0
4,113.15,2.365,192.33,8.018,1602,73195.4,0,0
4,116.48,2.237,183.67,8.007,1592,73214.8,0,0
4,119.77,2.12,175.41,7.615,1617,73234.2,0,0
4,123.08,2.217,167.51,7.242,1642,73253.7,0,0
4,122.5,2.324,175.05,7.18,1667,73273.1,0,0
4,122.01,2.218,182.93,7.532,1692,73292.5,0,0
4,121.63,2.122,174.7,7.163,1667,73311.9,0,0
4,121.39,2.239,182.56,7.514,1692,73331.4,0,0
4,125.16,2.366,190.77,7.837,1717,73350.8,0,0
4,121.31,2.323,182.19,8.221,1692,73370.2,0,0
4,121.48,2.346,182.19,8.221,1692,73389.6,0,0
4,121.79,2.369,182.19,8.221,1692,73409.1,0,0
4,122.21,2.39,182.19,8.221,1692,73428.5,0,0
4,122.74,2.408,182.19,8.221,1692,73447.9,0,0
4,119.66,2.539,190.39,8.623,1667,73467.3,0,0
4,120.32,2.671,198.95,8.201,1642,73486.8,0,0
4,121.01,2.805,190.0,7.799,1667,73506.2,0,0
4,121.72,2.939,181.45,8.181,1692,73525.6,0,0
4,122.41,2.791,173.29,7.78,1667,73545.0,0,0
4,123.05,2.73,165.49,7.399,1664,73564.5,0,0
4,123.63,2.843,172.93,7.036,1689,73583.9,0,0
4,124.12,2.955,180.72,7.381,1696,73603.3,0,0
4,128.61,3.069,172.58,7.02,1721,73622.7,0,0
4,128.88,3.186,180.35,7.363,1746,73642.2,0,0
4,129.01,3.254,188.47,7.003,1771,73661.6,0,0
4,129.01,3.38,179.99,6.66,1746,73681.0,0,0
4,128.86,3.514,172.33,6.333,1771,73700.4,0,0
4,128.58,3.582,164.58,6.644,1796,73719.9,0,0
4,128.17,3.738,157.17,6.318,1821,73739.3,0,0
4,127.65,3.91,164.24,6.628,1846,73758.7,0,0
4,123.84,4.1,156.85,6.303,1871,73778.2,0,0
4,123.19,3.914,149.79,6.266,1846,73797.6,0,0
4,122.49,3.745,156.54,5.958,1821,73817.0,0,0
4,121.78,3.953,163.58,5.667,1796,73836.4,0,0
4,121.08,4.031,156.22,5.389,1821,73855.9,0,0
4,120.42,3.874,149.19,5.493,1796,73875.3,0,0
4,123.75,3.873,155.9,5.762,1821,73894.7,0,0
4,127.13,4.098,162.92,6.044,1796,73914.1,0,0
4,122.81,4.076,170.25,6.341,1821,73933.6,0,0
4,122.51,4.106,170.25,6.341,1821,73953.0,0,0
4,122.35,4.13,170.25,6.341,1821,73972.4,0,0
4,122.34,4.146,170.25,6.341,1821,73991.8,0,0
4,122.46,4.153,170.25,6.341,1821,74011.3,0,0
4,125.66,3.951,162.59,6.03,1846,74030.7,0,0
4,129.61,3.755,169.9,6.325,1871,74050.1,0,0
4,126.22,3.558,177.55,6.635,1846,74069.5,0,0
4,122.88,3.364,169.56,6.31,1821,74089.0,0,0
4,127.51,3.497,161.93,6.001,1796,74108.4,0,0
4,128.23,3.299,169.22,6.295,1821,74127.8,0,0
4,128.98,3.11,176.83,6.603,1796,74147.2,0,0
4,129.72,2.933,168.87,6.927,1771,74166.7,0,0
4,130.43,3.046,161.27,6.588,1746,74186.1,0,0
4,131.07,3.168,154.02,6.265,1771,74205.5,0,0
4,131.62,2.997,160.95,6.572,1796,74224.9,0,0
4,132.07,2.842,168.19,6.894,1771,74244.4,0,0
4,128.28,2.974,160.62,6.556,1746,74263.8,0,0
4,128.46,2.976,160.62,6.556,1746,74283.2,0,0
4,128.5,2.986,160.62,6.556,1746,74302.6,0,0
4,128.41,3.002,160.62,6.556,1746,74322.1,0,0
4,128.17,3.023,160.62,6.556,1746,74341.5,0,0
4,127.81,3.049,160.62,6.556,1746,74360.9,0,0
4,127.33,3.078,160.62,6.556,1746,74380.3,0,0
4,126.75,3.108,160.62,6.556,1746,74399.8,0,0
4,130.15,3.288,167.85,6.235,1721,74419.2,0,0
4,129.42,3.316,167.85,6.235,1721,74438.6,0,0
4,128.68,3.341,167.85,6.235,1721,74458.0,0,0
4,127.93,3.359,167.85,6.235,1721,74477.5,0,0
4,127.22,3.371,167.85,6.235,1721,74496.9,0,0
4,126.57,3.376,167.85,6.235,1721,74516.3,0,0
4,125.99,3.373,167.85,6.235,1721,74535.7,0,0
4,125.53,3.363,167.85,6.235,1721,74555.2,0,0
4,121.29,3.506,160.3,6.54,1746,74574.6,0,0
4,124.97,3.649,167.51,6.22,1721,74594.0,0,0
4,128.78,3.445,175.05,5.915,1696,74613.4,0,0
4,132.74,3.577,167.17,5.625,1721,74632.9,0,0
4,132.98,3.543,167.17,5.625,1721,74652.3,0,0
4,133.35,3.509,167.17,5.625,1721,74671.7,0,0
4,133.86,3.478,167.17,5.625,1721,74691.1,0,0
4,134.47,3.452,167.17,5.625,1721,74710.6,0,0
4,139.12,3.267,159.65,5.35,1746,74730.0,0,0
4,135.93,3.412,152.46,5.087,1771,74749.4,0,0
4,132.72,3.57,159.33,5.337,1796,74768.9,0,0
4,129.47,3.403,166.49,5.598,1814,74788.3,0,0
4,134.23,3.579,173.99,5.872,1789,74807.7,0,0
4,138.99,3.426,166.16,5.75,1814,74827.1,0,0
4,135.53,3.617,158.68,5.611,1839,74846.6,0,0
4,136.03,3.824,165.82,5.886,1864,74866.0,0,0
4,136.41,3.675,158.36,5.598,1839,74885.4,0,0
4,136.65,3.533,165.49,5.872,1814,74904.8,0,0
4,136.75,3.737,172.93,6.16,1839,74924.3,0,0
4,132.57,3.588,180.71,5.858,1814,74943.7,0,0
4,132.38,3.787,188.85,6.145,1839,74963.1,0,0
4,132.05,3.883,197.34,6.446,1814,74982.5,0,0
4,131.59,3.709,206.22,6.13,1789,75002.0,0,0
4,131.03,3.891,207.86,6.43,1764,75021.4,0,0
4,130.38,3.7,217.22,6.746,1789,75040.8,0,0
4,125.65,3.511,226.99,6.415,1814,75060.2,0,0
4,124.93,3.659,216.78,6.729,1789,75079.7,0,0
4,124.2,3.459,207.02,6.4,1764,75099.1,0,0
4,123.5,3.265,197.71,6.713,1739,75118.5,0,0
4,122.84,3.39,188.81,7.042,1764,75137.9,0,0
4,122.26,3.339,197.31,7.387,1789,75157.4,0,0
4,121.77,3.466,188.43,7.025,1764,75176.8,0,0
4,118.73,3.271,179.95,7.369,1739,75196.2,0,0
4,122.37,3.197,171.85,7.008,1714,75215.6,0,0
4,118.37,3.027,179.58,7.352,1739,75235.1,0,0
4,118.4,3.161,171.5,6.992,1764,75254.5,0,0
4,118.56,3.31,179.22,7.254,1789,75273.9,0,0
4,118.85,3.155,171.7,6.899,1764,75293.3,0,0
4,119.26,3.115,163.97,6.561,1789,75312.8,0,0
4,119.78,2.983,171.35,6.882,1814,75332.2,0,0
4,120.38,3.15,163.64,7.219,1839,75351.6,0,0
4,121.04,3.026,171.01,7.077,1814,75371.0,0,0
4,121.74,2.908,163.31,6.73,1789,75390.5,0,0
4,122.45,3.077,170.66,7.06,1764,75409.9,0,0
4,123.14,3.255,178.34,7.406,1789,75429.3,0,0
4,123.8,3.439,186.36,7.043,1764,75448.7,0,0
4,124.38,3.297,194.75,7.388,1739,75468.2,0,0
4,126.33,3.473,203.51,7.238,1764,75487.6,0,0
4,128.52,3.316,212.67,7.593,1739,75507.0,0,0
4,128.79,3.478,203.1,7.221,1714,75526.4,0,0
4,128.93,3.307,193.96,7.574,1689,75545.9,0,0
4,128.93,3.137,185.23,7.946,1664,75565.3,0,0
4,128.79,3.269,193.57,8.05,1689,75584.7,0,0
4,128.51,3.089,184.86,8.445,1714,75604.1,0,0
4,132.2,3.21,176.54,8.031,1689,75623.6,0,0
4,131.67,3.18,176.54,8.031,1689,75643.0,0,0
4,131.05,3.149,176.54,8.031,1689,75662.4,0,0
4,130.36,3.12,176.54,8.031,1689,75681.9,0,0
4,129.62,3.093,176.54,8.031,1689,75701.3,0,0
4,128.87,3.071,176.54,8.031,1689,75720.7,0,0
4,124.16,3.201,168.6,7.638,1714,75740.1,0,0
4,127.43,3.31,176.18,8.012,1739,75759.6,0,0
4,126.8,3.307,176.18,8.012,1739,75779.0,0,0
4,126.25,3.313,176.18,8.012,1739,75798.4,0,0
4,125.82,3.326,176.18,8.012,1739,75817.8,0,0
4,125.52,3.346,176.18,8.012,1739,75837.3,0,0
4,125.35,3.372,176.18,8.012,1739,75856.7,0,0
4,125.32,3.403,176.18,8.012,1739,75876.1,0,0
4,125.45,3.436,176.18,8.012,1739,75895.5,0,0
4,125.71,3.469,176.18,8.012,1739,75915.0,0,0
4,126.1,3.501,176.18,8.012,1739,75934.4,0,0
4,126.61,3.529,176.18,8.012,1739,75953.8,0,0
4,127.22,3.553,176.18,8.012,1739,75973.2,0,0
4,127.9,3.57,176.18,8.012,1739,75992.7,0,0
4,132.62,3.408,184.11,8.404,1714,76012.1,0,0
4,137.4,3.574,175.83,7.993,1739,76031.5,0,0
4,134.16,3.397,167.91,7.601,1714,76050.9,0,0
4,134.89,3.221,175.47,7.973,1689,76070.4,0,0
4,135.55,3.307,167.57,8.364,1664,76089.8,0,0
4,136.13,3.125,175.11,8.774,1689,76109.2,0,0
4,136.6,3.246,170.47,8.344,1664,76128.6,0,0
4,136.94,3.061,162.8,7.935,1639,76148.1,0,0
4,137.14,2.886,170.12,7.546,1664,76167.5,0,0
4,137.19,2.859,170.12,7.546,1664,76186.9,0,0
4,137.08,2.835,170.12,7.546,1664,76206.3,0,0
4,136.84,2.816,170.12,7.546,1664,76225.8,0,0
4,136.45,2.801,170.12,7.546,1664,76245.2,0,0
4,135.95,2.793,170.12,7.546,1664,76264.6,0,0
4,135.34,2.792,170.12,7.546,1664,76284.0,0,0
4,138.69,2.664,177.78,7.916,1689,76303.5,0,0
4,133.9,2.547,185.78,8.304,1678,76322.9,0,0
4,133.13,2.44,188.69,8.711,1703,76342.3,0,0
4,132.36,2.577,180.2,9.138,1728,76361.7,0,0
4,131.62,2.476,172.09,9.585,1753,76381.2,0,0
4,130.94,2.62,175.77,10.055,1778,76400.6,0,0
4,130.34,2.772,167.86,9.562,1753,76420.0,0,0
4,129.86,2.932,175.41,9.472,1778,76439.4,0,0
4,129.49,2.813,183.31,9.937,1753,76458.9,0,0
4,129.27,2.696,191.55,10.423,1778,76478.3,0,0
4,129.2,2.578,200.17,10.673,1803,76497.7,0,0
4,129.27,2.709,202.99,10.448,1778,76517.1,0,0
4,129.49,2.839,207.78,9.936,1753,76536.6,0,0
4,129.85,2.97,198.43,9.45,1778,76556.0,0,0
4,130.34,2.816,207.36,9.913,1753,76575.4,0,0
4,130.94,2.912,198.03,10.398,1778,76594.9,0,0
4,131.61,2.751,189.12,10.908,1803,76614.3,0,0
4,132.35,2.596,180.61,10.373,1778,76633.7,0,0
4,133.12,2.694,188.74,9.865,1753,76653.1,0,0
4,133.89,2.54,197.23,10.348,1728,76672.6,0,0
4,138.68,2.638,188.36,9.841,1703,76692.0,0,0
4,139.4,2.742,196.83,9.359,1678,76711.4,0,0
4,140.03,2.854,205.69,8.901,1703,76730.8,0,0
4,140.55,2.976,214.95,8.464,1728,76750.3,0,0
4,140.95,3.111,205.27,8.879,1753,76769.7,0,0
4,141.2,3.236,214.51,9.314,1778,76789.1,0,0
4,141.3,3.088,204.86,8.858,1803,76808.5,0,0
4,141.25,2.953,214.08,8.424,1778,76828.0,0,0
4,136.94,2.83,204.44,8.011,1753,76847.4,0,0
4,140.7,2.716,195.24,8.404,1778,76866.8,0,0
4,137.23,2.609,204.03,8.76,1803,76886.2,0,0
4,136.65,2.634,204.03,8.76,1803,76905.7,0,0
4,135.98,2.66,204.03,8.76,1803,76925.1,0,0
4,135.24,2.684,204.03,8.76,1803,76944.5,0,0
4,134.47,2.705,204.03,8.76,1803,76963.9,0,0
4,137.67,2.852,194.85,8.331,1828,76983.4,0,0
4,140.85,2.915,186.08,8.739,1803,77002.8,0,0
4,140.1,2.781,177.71,8.311,1828,77022.2,0,0
4,139.43,2.648,185.7,7.904,1853,77041.6,0,0
4,138.87,2.515,177.35,8.291,1828,77061.1,0,0
4,138.44,2.624,169.36,8.697,1853,77080.5,0,0
4,138.14,2.733,161.74,8.271,1878,77099.9,0,0
4,138.01,2.712,161.74,8.271,1878,77119.3,0,0
4,138.03,2.688,161.74,8.271,1878,77138.8,0,0
4,138.22,2.662,161.74,8.271,1878,77158.2,0,0
4,138.55,2.636,161.74,8.271,1878,77177.6,0,0
4,139.03,2.612,161.74,8.271,1878,77197.0,0,0
4,143.55,2.716,169.02,8.677,1853,77216.5,0,0
4,144.27,2.827,176.63,8.251,1828,77235.9,0,0
4,145.06,2.95,168.68,7.847,1853,77255.3,0,0
4,145.9,2.802,161.09,7.463,1828,77274.7,0,0
4,146.75,2.937,164.97,7.097,1853,77294.2,0,0
4,147.58,3.086,157.54,7.445,1828,77313.6,0,0
4,148.37,3.101,157.54,7.445,1828,77333.0,0,0
4,149.07,3.122,157.54,7.445,1828,77352.4,0,0
4,149.67,3.148,157.54,7.445,1828,77371.9,0,0
4,150.0,3.177,157.54,7.445,1828,77391.3,0,0
4,150.0,3.208,157.54,7.445,1828,77410.7,0,0
4,150.0,3.238,157.54,7.445,1828,77430.1,0,0
4,150.0,3.267,157.54,7.445,1828,77449.6,0,0
4,150.0,3.292,157.54,7.445,1828,77469.0,0,0
4,146.05,3.161,164.63,7.809,1853,77488.4,0,0
4,145.6,3.326,157.22,8.192,1878,77507.9,0,0
4,145.02,3.173,150.15,7.791,1903,77527.3,0,0
4,144.34,3.324,143.39,7.409,1878,77546.7,0,0
4,143.58,3.475,149.84,7.046,1903,77566.1,0,0
4,142.77,3.625,156.59,7.391,1928,77585.6,0,0
4,137.95,3.774,163.63,7.029,1953,77605.0,0,0
4,133.19,3.564,171.0,7.373,1978,77624.4,0,0
4,132.46,3.532,171.0,7.373,1978,77643.8,0,0
4,131.8,3.498,171.0,7.373,1978,77663.3,0,0
4,131.23,3.465,171.0,7.373,1978,77682.7,0,0
4,130.78,3.434,171.0,7.373,1978,77702.1,0,0
4,130.46,3.407,171.0,7.373,1978,77721.5,0,0
4,126.39,3.352,163.3,7.012,1958,77741.0,0,0
4,126.37,3.337,163.3,7.012,1958,77760.4,0,0
4,126.48,3.331,163.3,7.012,1958,77779.8,0,0
4,126.75,3.332,163.3,7.012,1958,77799.2,0,0
4,127.14,3.342,163.3,7.012,1958,77818.7,0,0
4,127.65,3.359,163.3,7.012,1958,77838.1,0,0
4,124.32,3.22,155.95,6.668,1934,77857.5,0,0
4,124.98,3.092,148.94,6.342,1909,77876.9,0,0
4,125.7,3.27,155.64,6.652,1884,77896.4,0,0
4,126.43,3.461,162.64,6.978,1909,77915.8,0,0
4,127.16,3.661,169.96,7.32,1884,77935.2,0,0
4,127.85,3.516,177.61,6.962,1882,77954.6,0,0
4,128.49,3.712,169.62,6.621,1907,77974.1,0,0
4,124.95,3.555,177.25,6.945,1882,77993.5,0,0
4,125.38,3.74,169.27,7.285,1907,78012.9,0,0
4,125.7,3.838,164.38,6.928,1932,78032.3,0,0
4,125.88,3.852,156.98,6.589,1907,78051.8,0,0
4,125.93,4.026,164.04,6.266,1932,78071.2,0,0
4,125.85,4.199,171.42,6.573,1957,78090.6,0,0
4,129.73,4.371,179.14,6.895,1982,78110.0,0,0
4,129.87,4.149,171.08,7.233,1957,78129.5,0,0
4,129.39,4.168,163.38,6.879,1932,78148.9,0,0
4,128.81,3.93,167.95,7.216,1944,78168.3,0,0
4,128.16,3.706,175.51,7.569,1969,78187.7,0,0
4,127.45,3.849,167.61,7.198,1944,78207.2,0,0
4,126.72,3.636,160.07,6.846,1969,78226.6,0,0
4,125.98,3.44,167.27,6.51,1994,78246.0,0,0
4,122.22,3.591,174.8,6.829,1969,78265.4,0,0
4,121.59,3.585,174.8,6.829,1969,78284.9,0,0
4,121.03,3.588,174.8,6.829,1969,78304.3,0,0
4,120.57,3.599,174.8,6.829,1969,78323.7,0,0
4,120.23,3.619,174.8,6.829,1969,78343.1,0,0
4,123.9,3.71,166.93,6.494,1944,78362.6,0,0
4,119.95,3.562,174.44,6.813,1969,78382.0,0,0
3,97.5,2.379,208.37,9.422,1988,0.0,0,0
3,102.03,2.515,198.99,9.883,2013,17.4,0,0
3,102.54,2.535,198.99,9.883,2013,34.8,0,0
3,103.02,2.554,198.99,9.883,2013,52.2,0,0
3,103.45,2.57,198.99,9.883,2013,69.6,0,0
3,103.83,2.582,198.99,9.883,2013,87.0,0,0
3,104.13,2.59,198.99,9.883,2013,104.4,0,0
3,100.24,2.717,193.77,9.399,1988,121.7,0,0
3,100.38,2.586,202.49,8.938,1963,139.1,0,0
3,100.43,2.704,211.6,8.5,1938,156.5,0,0
3,100.38,2.564,221.12,8.854,1942,173.9,0,0
3,100.26,2.672,211.17,8.42,1917,191.3,0,0
3,100.04,2.781,201.67,8.833,1942,208.7,0,0
3,99.76,2.627,210.74,9.266,1967,226.1,0,0
3,99.4,2.73,201.26,9.72,1942,243.5,0,0
3,98.99,2.577,192.2,10.196,1967,260.9,0,0
3,102.57,2.677,183.56,9.696,1992,278.3,0,0
3,102.06,2.784,191.82,9.221,2017,295.7,0,0
3,101.53,2.632,200.45,8.769,2020,313.1,0,0
3,101.01,2.742,199.03,8.34,1995,330.5,0,0
3,100.49,2.6,207.99,8.748,2020,347.9,0,0
3,100.01,2.469,198.63,8.32,1995,365.2,0,0
3,99.57,2.522,207.57,8.727,1970,382.6,0,0
3,99.2,2.498,216.91,9.155,1995,400.0,0,0
3,98.89,2.627,221.88,9.604,1970,417.4,0,0
3,98.65,2.514,211.9,9.133,1945,434.8,0,0
3,98.51,2.409,202.36,9.581,1920,452.2,0,0
3,98.46,2.544,193.26,9.111,1935,469.6,0,0
3,98.49,2.442,201.95,8.665,1910,487.0,0,0
3,98.62,2.345,211.04,8.24,1885,504.4,0,0
3,98.84,2.479,220.54,7.836,1910,521.8,0,0
3,99.13,2.619,230.46,8.22,1885,539.2,0,0
3,99.5,2.511,220.09,7.817,1860,556.6,0,0
3,99.93,2.472,229.99,8.201,1885,574.0,0,0
3,100.4,2.602,219.64,8.602,1910,591.3,0,0
3,100.91,2.735,229.53,9.024,1935,608.7,0,0
3,97.44,2.869,219.2,8.582,1910,626.1,0,0
3,97.94,2.867,219.2,8.582,1910,643.5,0,0
3,98.44,2.86,219.2,8.582,1910,660.9,0,0
3,98.9,2.849,219.2,8.582,1910,678.3,0,0
3,99.33,2.833,219.2,8.582,1910,695.7,0,0
3,99.69,2.813,219.2,8.582,1910,713.1,0,0
3,100.0,2.791,219.2,8.582,1910,730.5,0,0
3,100.22,2.768,219.2,8.582,1910,747.9,0,0
3,100.37,2.744,219.2,8.582,1910,765.3,0,0
3,104.54,2.851,209.34,8.161,1885,782.7,0,0
3,100.39,2.693,199.92,7.963,1910,800.1,0,0
3,100.28,2.674,199.92,7.963,1910,817.5,0,0
3,100.07,2.659,199.92,7.963,1910,834.8,0,0
3,99.8,2.649,199.92,7.963,1910,852.2,0,0
3,99.45,2.644,199.92,7.963,1910,869.6,0,0
3,99.04,2.643,199.92,7.963,1910,887.0,0,0
3,98.59,2.648,199.92,7.963,1910,904.4,0,0
3,96.63,2.53,208.91,8.353,1935,921.8,0,0
3,96.13,2.544,208.91,8.353,1935,939.2,0,0
3,95.63,2.561,208.91,8.353,1935,956.6,0,0
3,95.14,2.581,208.91,8.353,1935,974.0,0,0
3,94.68,2.602,208.91,8.353,1935,991.4,0,0
3,94.26,2.625,208.91,8.353,1935,1008.8,0,0
3,93.9,2.648,208.91,8.353,1935,1026.2,0,0
3,93.6,2.797,199.51,7.944,1960,1043.6,0,0
3,93.37,2.952,190.53,7.555,1935,1060.9,0,0
3,93.22,3.112,199.11,7.185,1910,1078.3,0,0
3,93.16,2.976,208.07,7.537,1935,1095.7,0,0
3,93.18,3.127,198.7,7.167,1910,1113.1,0,0
3,89.41,3.28,207.65,7.464,1885,1130.5,0,0
3,89.59,3.12,198.3,7.099,1860,1147.9,0,0
3,89.85,2.962,189.38,7.446,1885,1165.3,0,0
3,90.18,3.091,197.24,7.082,1910,1182.7,0,0
3,90.56,3.221,188.36,7.429,1885,1200.1,0,0
3,90.98,3.352,179.88,7.793,1910,1217.5,0,0
3,91.44,3.166,186.24,7.411,1935,1234.9,0,0
3,90.37,2.988,194.62,7.774,1910,1252.3,0,0
3,90.84,3.105,203.37,7.393,1885,1269.7,0,0
3,91.3,2.931,212.53,7.755,1860,1287.1,0,0
3,91.73,3.048,222.09,7.375,1885,1304.4,0,0
3,92.13,2.994,232.08,7.737,1860,1321.8,0,0
3,92.48,3.121,242.53,7.357,1885,1339.2,0,0
3,92.77,2.96,253.44,7.718,1910,1356.6,0,0
3,92.99,2.812,242.04,7.34,1935,1374.0,0,0
3,93.13,2.678,231.14,7.699,1910,1391.4,0,0
3,93.2,2.554,220.74,7.322,1935,1408.8,0,0
3,93.18,2.441,230.68,6.963,1910,1426.2,0,0
3,93.08,2.572,241.06,6.622,1935,1443.6,0,0
3,92.9,2.714,230.21,6.789,1910,1461.0,0,0
3,92.65,2.867,219.85,6.456,1935,1478.4,0,0
3,92.34,2.752,229.74,6.772,1910,1495.8,0,0
3,91.96,2.91,219.4,6.441,1885,1513.2,0,0
3,95.6,2.793,209.53,6.125,1910,1530.6,0,0
3,95.13,2.816,209.53,6.125,1910,1547.9,0,0
3,94.64,2.835,209.53,6.125,1910,1565.3,0,0
3,94.15,2.852,209.53,6.125,1910,1582.7,0,0
3,93.67,2.864,209.53,6.125,1910,1600.1,0,0
3,93.21,2.871,209.53,6.125,1910,1617.5,0,0
3,92.79,2.873,209.53,6.125,1910,1634.9,0,0
3,92.42,2.87,209.53,6.125,1910,1652.3,0,0
3,88.22,2.725,218.96,5.825,1935,1669.7,0,0
3,84.1,2.777,228.81,5.539,1960,1687.1,0,0
3,80.08,2.628,239.11,5.811,1935,1704.5,0,0
3,83.89,2.734,249.87,6.096,1952,1721.9,0,0
3,83.91,2.843,261.11,5.801,1927,1739.3,0,0
3,84.0,2.683,249.36,6.086,1902,1756.7,0,0
3,84.16,2.788,260.58,6.384,1927,1774.0,0,0
3,84.4,2.82,251.22,6.071,1952,1791.4,0,0
3,84.7,2.664,262.52,6.067,1977,1808.8,0,0
3,85.05,2.671,250.71,5.77,1952,1826.2,0,0
3,85.44,2.529,239.43,5.487,1927,1843.6,0,0
3,85.87,2.399,230.4,5.756,1952,1861.0,0,0
3,86.31,2.473,220.03,5.474,1977,1878.4,0,0
3,86.77,2.51,229.93,5.742,2002,1895.8,0,0
3,87.21,2.636,219.59,6.024,2027,1913.2,0,0
3,87.63,2.52,212.89,6.319,2002,1930.6,0,0
3,88.01,2.412,222.47,6.629,1977,1948.0,0,0
3,88.35,2.313,212.46,6.304,1952,1965.4,0,0
3,88.64,2.443,202.9,6.613,1927,1982.8,0,0
3,88.86,2.346,193.77,6.937,1902,2000.2,0,0
3,89.0,2.252,202.49,7.277,1877,2017.5,0,0
3,89.07,2.381,193.38,6.92,1852,2034.9,0,0
3,89.07,2.514,184.68,6.581,1851,2052.3,0,0
3,88.98,2.41,192.99,6.903,1826,2069.7,0,0
3,84.71,2.307,201.67,7.242,1851,2087.1,0,0
3,84.49,2.206,210.75,6.887,1876,2104.5,0,0
3,84.21,2.317,220.23,7.224,1901,2121.9,0,0
3,83.88,2.207,210.32,6.87,1882,2139.3,0,0
3,83.5,2.31,200.85,6.534,1857,2156.7,0,0
3,83.1,2.414,209.89,6.854,1882,2174.1,0,0
3,82.67,2.287,219.34,7.19,1907,2191.5,0,0
3,82.24,2.17,209.47,6.837,1882,2208.9,0,0
3,81.82,2.154,209.47,6.837,1882,2226.3,0,0
3,81.42,2.137,209.47,6.837,1882,2243.6,0,0
3,81.05,2.119,209.47,6.837,1882,2261.0,0,0
3,80.72,2.1,209.47,6.837,1882,2278.4,0,0
3,80.45,2.083,209.47,6.837,1882,2295.8,0,0
3,80.24,2.067,209.47,6.837,1882,2313.2,0,0
3,80.09,2.152,218.89,7.172,1875,2330.6,0,0
3,80.02,2.244,209.04,6.821,1850,2348.0,0,0
3,80.02,2.344,199.64,6.487,1875,2365.4,0,0
3,80.1,2.228,208.62,6.805,1900,2382.8,0,0
3,76.35,2.336,218.01,7.138,1925,2400.2,0,0
3,76.56,2.341,218.01,7.138,1925,2417.6,0,0
3,76.82,2.351,218.01,7.138,1925,2435.0,0,0
3,77.14,2.365,218.01,7.138,1925,2452.4,0,0
3,77.49,2.382,218.01,7.138,1925,2469.8,0,0
3,77.88,2.401,218.01,7.138,1925,2487.1,0,0
3,78.28,2.421,218.01,7.138,1925,2504.5,0,0
3,78.69,2.442,218.01,7.138,1925,2521.9,0,0
3,79.09,2.463,218.01,7.138,1925,2539.3,0,0
3,83.53,2.544,208.2,7.488,1950,2556.7,0,0
3,83.9,2.561,208.2,7.488,1950,2574.1,0,0
3,84.23,2.575,208.2,7.488,1950,2591.5,0,0
3,84.51,2.585,208.2,7.488,1950,2608.9,0,0
3,84.72,2.591,208.2,7.488,1950,2626.3,0,0
3,84.87,2.592,208.2,7.488,1950,2643.7,0,0
3,89.07,2.713,217.57,7.855,1925,2661.1,0,0
3,89.07,2.704,217.57,7.855,1925,2678.5,0,0
3,89.0,2.691,217.57,7.855,1925,2695.9,0,0
3,88.84,2.675,217.57,7.855,1925,2713.2,0,0
3,88.62,2.655,217.57,7.855,1925,2730.6,0,0
3,88.34,2.76,219.94,7.47,1900,2748.0,0,0
3,87.99,2.605,229.84,7.836,1875,2765.4,0,0
3,87.6,2.707,240.18,7.452,1850,2782.8,0,0
3,87.18,2.555,229.37,7.817,1825,2800.2,0,0
3,86.74,2.658,219.05,7.434,1850,2817.6,0,0
3,86.29,2.514,228.91,7.07,1825,2835.0,0,0
3,81.87,2.622,218.61,6.723,1850,2852.4,0,0
3,81.47,2.488,228.45,6.394,1875,2869.8,0,0
3,81.09,2.365,218.17,6.62,1900,2887.2,0,0
3,80.76,2.253,227.98,6.945,1875,2904.6,0,0
3,80.48,2.368,238.24,7.285,1850,2922.0,0,0
3,84.15,2.264,227.52,7.642,1875,2939.4,0,0
3,87.87,2.386,217.28,7.869,1850,2956.7,0,0
3,91.67,2.519,227.06,7.484,1875,2974.1,0,0
3,91.66,2.661,237.28,7.85,1900,2991.5,0,0
3,91.73,2.631,247.96,8.235,1875,3008.9,0,0
3,91.89,2.782,236.8,8.638,1900,3026.3,0,0
3,92.13,2.67,247.45,9.062,1875,3043.7,0,0
3,92.44,2.562,236.32,8.618,1850,3061.1,0,0
3,92.81,2.702,246.95,9.04,1875,3078.5,0,0
3,93.23,2.847,235.84,8.597,1850,3095.9,0,0
3,93.69,2.721,225.23,9.018,1825,3113.3,0,0
3,98.16,2.595,235.14,9.46,1850,3130.7,0,0
3,98.68,2.721,224.56,8.997,1825,3148.1,0,0
3,99.18,2.847,234.67,9.437,1800,3165.5,0,0
3,99.67,2.737,224.11,8.975,1775,3182.8,0,0
3,100.12,2.854,234.19,9.415,1800,3200.2,0,0
3,100.52,2.7,223.65,9.549,1775,3217.6,0,0
3,100.86,2.809,233.72,10.017,1800,3235.0,0,0
3,101.13,2.92,244.23,10.508,1825,3252.4,0,0
3,101.32,2.756,233.24,10.794,1800,3269.8,0,0
3,101.42,2.601,243.74,10.265,1825,3287.2,0,0
3,101.43,2.703,240.18,10.768,1800,3304.6,0,0
3,101.36,2.555,240.26,11.296,1790,3322.0,0,0
3,101.2,2.417,229.45,10.742,1815,3339.4,0,0
3,100.95,2.29,239.77,11.268,1790,3356.8,0,0
3,104.72,2.392,249.87,10.716,1815,3374.2,0,0
3,100.25,2.504,261.11,11.241,1790,3391.6,0,0
3,99.82,2.386,249.36,11.211,1815,3409.0,0,0
3,99.34,2.278,260.58,10.662,1790,3426.3,0,0
3,98.84,2.178,272.31,11.184,1765,3443.7,0,0
3,98.33,2.297,260.06,10.636,1742,3461.1,0,0
3,97.82,2.318,271.76,11.157,1717,3478.5,0,0
3,97.33,2.45,259.53,11.704,1742,3495.9,0,0
3,96.88,2.589,271.21,11.13,1717,3513.3,0,0
3,100.39,2.737,259.0,10.585,1692,3530.7,0,0
3,103.94,2.893,247.35,10.066,1667,3548.1,0,0
3,103.64,3.054,258.48,10.56,1692,3565.5,0,0
3,103.43,2.927,246.85,10.042,1687,3582.9,0,0
3,103.32,2.908,235.74,10.534,1662,3600.3,0,0
3,103.29,3.059,246.24,10.018,1687,3617.7,0,0
3,103.37,3.212,235.16,9.527,1662,3635.1,0,0
3,93.18,2.356,245.74,9.06,1638,3652.5,1,0
3,103.8,3.36,245.74,9.06,1638,3669.8,0,0
3,104.13,3.349,245.74,9.06,1638,3687.2,0,0
3,104.54,3.332,245.74,9.06,1638,3704.6,0,0
3,105.01,3.31,245.74,9.06,1638,3722.0,0,0
3,105.53,3.285,245.74,9.06,1638,3739.4,0,0
3,106.07,3.258,245.74,9.06,1638,3756.8,0,0
3,102.62,3.075,234.68,9.504,1613,3774.2,0,0
3,102.88,2.903,227.04,9.97,1638,3791.6,0,0
3,103.39,2.95,216.82,9.482,1663,3809.0,0,0
3,103.87,2.788,207.06,9.017,1681,3826.4,0,0
3,104.29,2.638,197.75,9.459,1656,3843.8,0,0
3,104.65,2.499,188.85,9.222,1631,3861.2,0,0
3,104.94,2.373,180.49,9.674,1656,3878.6,0,0
3,105.14,2.257,172.37,10.148,1681,3895.9,0,0
3,105.26,2.367,180.13,10.494,1656,3913.3,0,0
3,105.29,2.488,188.23,9.98,1681,3930.7,0,0
3,105.22,2.38,179.76,9.491,1656,3948.1,0,0
3,105.07,2.493,187.85,9.026,1631,3965.5,0,0
3,104.82,2.391,179.4,8.583,1656,3982.9,0,0
3,104.5,2.527,187.47,9.004,1681,4000.3,0,0
3,104.11,2.426,190.43,8.563,1693,4017.7,0,0
3,103.67,2.447,190.43,8.563,1693,4035.1,0,0
3,103.18,2.468,190.43,8.563,1693,4052.5,0,0
3,102.66,2.486,190.43,8.563,1693,4069.9,0,0
3,102.13,2.502,190.43,8.563,1693,4087.3,0,0
3,101.6,2.515,190.43,8.563,1693,4104.7,0,0
3,101.09,2.523,190.43,8.563,1693,4122.1,0,0
3,104.55,2.472,198.99,8.143,1718,4139.4,0,0
3,104.1,2.59,192.07,8.542,1693,4156.8,0,0
3,103.73,2.461,200.71,8.124,1718,4174.2,0,0
3,103.42,2.57,191.68,8.522,1743,4191.6,0,0
3,103.2,2.679,183.05,8.104,1718,4209.0,0,0
3,103.07,2.534,191.29,8.19,1693,4226.4,0,0
3,103.04,2.394,199.9,8.591,1668,4243.8,0,0
3,103.1,2.488,208.89,9.012,1693,4261.2,0,0
3,103.26,2.348,218.29,9.454,1698,4278.6,0,0
3,99.61,2.317,208.47,9.707,1723,4296.0,0,0
3,103.83,2.408,217.85,9.231,1748,4313.4,0,0
3,100.31,2.276,208.05,9.684,1773,4330.8,0,0
3,100.75,2.154,198.69,9.209,1748,4348.2,0,0
3,101.24,2.106,189.75,8.758,1723,4365.5,0,0
3,101.76,2.202,198.28,9.187,1748,4382.9,0,0
3,102.29,2.094,189.36,9.637,1773,4400.3,0,0
3,102.82,2.198,180.84,9.165,1748,4417.7,0,0
3,103.33,2.31,188.98,9.614,1773,4435.1,0,0
3,103.81,2.433,197.48,10.085,1798,4452.5,0,0
3,100.16,2.566,206.37,10.579,1773,4469.9,0,0
3,96.42,2.461,215.65,11.098,1748,4487.3,0,0
3,99.56,2.601,213.74,10.554,1723,4504.7,0,0
3,103.88,2.497,223.36,11.071,1748,4522.1,0,0
3,104.0,2.519,223.36,11.071,1748,4539.5,0,0
3,104.04,2.54,223.36,11.071,1748,4556.9,0,0
3,103.99,2.559,223.36,11.071,1748,4574.3,0,0
3,103.84,2.575,223.36,11.071,1748,4591.7,0,0
3,103.62,2.587,223.36,11.071,1748,4609.0,0,0
3,107.4,2.72,233.41,11.614,1723,4626.4,0,0
3,107.01,2.855,222.9,11.045,1748,4643.8,0,0
3,106.55,2.991,212.87,10.503,1773,4661.2,0,0
3,106.06,3.128,222.45,9.993,1798,4678.6,0,0
3,105.53,2.967,212.44,9.503,1773,4696.0,0,0
3,104.98,2.809,202.88,9.969,1798,4713.4,0,0
3,104.44,2.924,193.75,9.48,1773,4730.8,0,0
3,103.91,3.041,185.03,9.016,1798,4748.2,0,0
3,107.35,3.161,193.36,8.574,1823,4765.6,0,0
3,106.89,3.133,193.36,8.574,1823,4783.0,0,0
3,106.49,3.107,193.36,8.574,1823,4800.4,0,0
3,106.17,3.082,193.36,8.574,1823,4817.8,0,0
3,105.93,3.06,193.36,8.574,1823,4835.1,0,0
3,105.79,3.042,193.36,8.574,1823,4852.5,0,0
3,105.74,3.029,193.36,8.574,1823,4869.9,0,0
3,105.79,3.021,193.36,8.574,1823,4887.3,0,0
3,105.94,3.02,193.36,8.574,1823,4904.7,0,0
3,102.29,3.169,184.66,8.994,1848,4922.1,0,0
3,98.69,3.331,176.35,8.553,1873,4939.5,0,0
3,99.07,3.187,179.77,8.134,1848,4956.9,0,0
3,99.5,3.053,171.68,8.533,1823,4974.3,0,0
3,99.98,3.224,173.96,8.115,1798,4991.7,0,0
3,100.48,3.095,181.78,8.501,1821,5009.1,0,0
3,101.01,3.272,189.97,8.085,1796,5026.5,0,0
3,101.53,3.142,181.42,7.688,1771,5043.9,0,0
3,102.04,3.015,173.25,7.312,1796,5061.3,0,0
3,106.58,2.892,181.05,7.67,1821,5078.6,0,0
3,102.95,2.77,172.9,8.046,1846,5096.0,0,0
3,99.23,2.649,180.68,7.651,1821,5113.4,0,0
3,99.53,2.657,180.68,7.651,1821,5130.8,0,0
3,99.74,2.661,180.68,7.651,1821,5148.2,0,0
3,99.88,2.659,180.68,7.651,1821,5165.6,0,0
3,99.92,2.653,180.68,7.651,1821,5183.0,0,0
3,99.88,2.643,180.68,7.651,1821,5200.4,0,0
3,95.64,2.755,172.55,8.026,1796,5217.8,0,0
3,95.44,2.736,172.55,8.026,1796,5235.2,0,0
3,95.16,2.715,172.55,8.026,1796,5252.6,0,0
3,94.83,2.692,172.55,8.026,1796,5270.0,0,0
3,94.43,2.669,172.55,8.026,1796,5287.4,0,0
3,93.99,2.646,172.55,8.026,1796,5304.7,0,0
3,93.53,2.625,172.55,8.026,1796,5322.1,0,0
3,89.04,2.732,180.32,8.42,1821,5339.5,0,0
3,88.58,2.847,188.43,8.007,1846,5356.9,0,0
3,88.13,2.971,196.91,7.636,1821,5374.3,0,0
3,87.71,3.1,205.77,8.01,1846,5391.7,0,0
3,87.32,2.95,196.51,7.618,1821,5409.1,0,0
3,86.99,3.096,187.67,7.991,1846,5426.5,0,0
3,86.72,3.107,187.67,7.991,1846,5443.9,0,0
3,86.52,3.123,187.67,7.991,1846,5461.3,0,0
3,86.39,3.144,187.67,7.991,1846,5478.7,0,0
3,86.34,3.168,187.67,7.991,1846,5496.1,0,0
3,86.37,3.195,187.67,7.991,1846,5513.5,0,0
3,86.49,3.222,187.67,7.991,1846,5530.9,0,0
3,86.67,3.25,187.67,7.991,1846,5548.2,0,0
3,86.93,3.276,187.67,7.991,1846,5565.6,0,0
3,85.85,3.142,196.11,8.383,1871,5583.0,0,0
3,86.22,3.161,196.11,8.383,1871,5600.4,0,0
3,86.63,3.175,196.11,8.383,1871,5617.8,0,0
3,87.07,3.184,196.11,8.383,1871,5635.2,0,0
3,87.52,3.188,196.11,8.383,1871,5652.6,0,0
3,87.98,3.186,196.11,8.383,1871,5670.0,0,0
3,88.42,3.178,196.11,8.383,1871,5687.4,0,0
3,92.9,3.013,204.94,8.277,1867,5704.8,0,0
3,93.29,2.91,195.72,7.871,1892,5722.2,0,0
3,93.64,2.752,190.94,7.485,1917,5739.6,0,0
3,93.92,2.861,199.53,7.852,1892,5757.0,0,0
3,94.14,2.701,208.51,7.467,1917,5774.4,0,0
3,94.27,2.677,208.51,7.467,1917,5791.7,0,0
3,94.33,2.655,208.51,7.467,1917,5809.1,0,0
3,94.3,2.634,208.51,7.467,1917,5826.5,0,0
3,94.19,2.616,208.51,7.467,1917,5843.9,0,0
3,94.0,2.601,208.51,7.467,1917,5861.3,0,0
3,93.74,2.591,208.51,7.467,1917,5878.7,0,0
3,93.41,2.586,208.51,7.467,1917,5896.1,0,0
3,93.03,2.585,208.51,7.467,1917,5913.5,0,0
3,92.6,2.59,208.51,7.467,1917,5930.9,0,0
3,92.15,2.599,208.51,7.467,1917,5948.3,0,0
3,91.67,2.739,217.89,7.101,1942,5965.7,0,0
3,91.2,2.625,227.7,6.753,1967,5983.1,0,0
3,90.73,2.772,237.94,7.084,1942,6000.5,0,0
3,90.29,2.93,227.24,7.432,1967,6017.8,0,0
3,89.89,2.814,217.01,7.796,1992,6035.2,0,0
3,89.54,2.701,226.78,8.178,1967,6052.6,0,0
3,89.26,2.854,236.98,8.578,1992,6070.0,0,0
3,89.08,2.736,226.32,8.999,2017,6087.4,0,0
3,88.94,2.752,226.32,8.999,2017,6104.8,0,0
3,88.88,2.764,226.32,8.999,2017,6122.2,0,0
3,88.91,2.772,226.32,8.999,2017,6139.6,0,0
3,89.01,2.774,226.32,8.999,2017,6157.0,0,0
3,89.2,2.639,216.13,8.558,2042,6174.4,0,0
3,89.45,2.758,206.41,8.692,2067,6191.8,0,0
3,89.78,2.763,215.7,9.118,2092,6209.2,0,0
3,90.16,2.615,205.99,9.565,2067,6226.6,0,0
3,90.58,2.721,215.26,10.033,2042,6244.0,0,0
3,91.03,2.57,205.57,9.542,2017,6261.3,0,0
3,91.51,2.671,211.97,9.074,2042,6278.7,0,0
3,96.0,2.7,204.0,9.519,2017,6296.1,0,0
3,100.52,2.805,213.18,9.985,1992,6313.5,0,0
3,101.0,2.784,213.18,9.985,1992,6330.9,0,0
3,101.44,2.765,213.18,9.985,1992,6348.3,0,0
3,101.83,2.75,213.18,9.985,1992,6365.7,0,0
3,102.14,2.74,213.18,9.985,1992,6383.1,0,0
3,102.39,2.734,213.18,9.985,1992,6400.5,0,0
3,106.66,2.603,222.77,9.496,1984,6417.9,0,0
3,102.86,2.56,212.75,9.122,1959,6435.3,0,0
3,102.84,2.446,203.17,9.569,1984,6452.7,0,0
3,102.74,2.341,212.32,9.101,2009,6470.1,0,0
3,102.54,2.364,216.64,9.547,1984,6487.4,0,0
3,102.26,2.268,206.89,9.079,1959,6504.8,0,0
3,101.92,2.333,216.2,9.524,1984,6522.2,0,0
3,101.51,2.466,224.2,9.99,2009,6539.6,0,0
3,101.05,2.606,214.11,10.019,1984,6557.0,0,0
3,100.55,2.627,214.11,10.019,1984,6574.4,0,0
3,100.04,2.645,214.11,10.019,1984,6591.8,0,0
3,99.52,2.66,214.11,10.019,1984,6609.2,0,0
3,99.01,2.672,214.11,10.019,1984,6626.6,0,0
3,98.52,2.679,214.11,10.019,1984,6644.0,0,0
3,98.08,2.681,214.11,10.019,1984,6661.4,0,0
3,93.78,2.806,204.48,9.528,2009,6678.8,0,0
3,93.47,2.908,195.28,9.061,1984,6696.2,0,0
3,93.23,3.035,186.49,8.617,2009,6713.6,0,0
3,93.07,3.161,178.1,9.039,2034,6730.9,0,0
3,93.0,2.988,186.11,8.596,2009,6748.3,0,0
3,93.01,2.822,179.1,8.175,1984,6765.7,0,0
3,93.11,2.933,171.04,7.774,2009,6783.1,0,0
3,93.3,2.768,163.35,8.155,2034,6800.5,0,0
3,93.56,2.613,170.7,8.555,2009,6817.9,0,0
3,89.97,2.468,178.38,8.136,2000,6835.3,0,0
3,94.28,2.334,186.4,7.737,2025,6852.7,0,0
3,94.71,2.21,178.02,8.116,2000,6870.1,0,0
3,95.19,2.097,170.01,8.514,2025,6887.5,0,0
3,95.68,2.194,162.36,8.931,2050,6904.9,0,0
3,96.18,2.299,169.66,9.369,2025,6922.3,0,0
3,96.67,2.194,162.03,8.91,2027,6939.7,0,0
3,97.14,2.201,169.32,8.473,2052,6957.0,0,0
3,97.56,2.319,176.94,8.888,2077,6974.4,0,0
3,93.86,2.224,184.9,8.453,2102,6991.8,0,0
3,98.26,2.349,188.69,8.867,2077,7009.2,0,0
3,98.5,2.255,197.18,9.301,2102,7026.6,0,0
3,98.66,2.25,188.3,9.757,2127,7044.0,0,0
3,98.74,2.16,179.83,9.279,2108,7061.4,0,0
3,98.73,2.082,186.63,9.734,2083,7078.8,0,0
3,98.64,2.197,178.23,10.211,2058,7096.2,0,0
3,98.46,2.103,170.21,9.71,2083,7113.6,0,0
3,98.21,2.01,177.87,10.186,2058,7131.0,0,0
3,97.88,1.919,169.87,9.687,2064,7148.4,0,0
3,100.23,2.012,175.07,10.162,2089,7165.8,0,0
3,103.83,2.106,167.19,9.664,2114,7183.2,0,0
3,103.33,1.999,159.67,9.19,2089,7200.5,0,0
3,102.8,2.085,155.41,8.74,2114,7217.9,0,0
3,102.27,1.973,148.42,9.168,2139,7235.3,0,0
3,101.74,2.053,155.1,9.617,2114,7252.7,0,0
3,101.24,2.134,148.12,9.146,2089,7270.1,0,0
3,100.78,2.014,154.78,9.594,2114,7287.5,0,0
3,90.33,1.465,161.75,10.065,2139,7304.9,1,0
3,100.03,2.075,161.75,10.065,2139,7322.3,0,0
3,99.77,2.06,161.75,10.065,2139,7339.7,0,0
3,99.59,2.046,161.75,10.065,2139,7357.1,0,0
3,99.5,2.036,161.75,10.065,2139,7374.5,0,0
3,99.5,2.029,161.75,10.065,2139,7391.9,0,0
3,99.59,2.026,161.75,10.065,2139,7409.3,0,0
3,95.89,2.124,169.03,10.126,2164,7426.6,0,0
3,96.14,2.027,176.63,10.622,2139,7444.0,0,0
3,96.47,1.938,184.58,11.143,2114,7461.4,0,0
3,96.87,2.042,192.89,11.689,2139,7478.8,0,0
3,97.31,2.155,184.21,11.116,2114,7496.2,0,0
3,97.8,2.068,192.5,10.571,2089,7513.6,0,0
3,98.3,2.186,183.84,10.053,2064,7531.0,0,0
3,98.82,2.311,192.11,10.546,2089,7548.4,0,0
3,99.32,2.443,183.46,10.029,2064,7565.8,0,0
3,103.86,2.344,191.72,9.538,2077,7583.2,0,0
3,104.32,2.384,200.35,10.005,2102,7600.6,0,0
3,104.73,2.282,209.36,10.397,2127,7618.0,0,0
3,105.07,2.181,199.94,10.906,2102,7635.4,0,0
3,105.34,2.291,208.94,10.372,2077,7652.8,0,0
3,105.53,2.402,199.54,9.863,2052,7670.1,0,0
3,105.63,2.283,190.56,10.347,2077,7687.5,0,0
3,105.63,2.319,199.13,9.84,2052,7704.9,0,0
3,105.54,2.419,208.09,9.358,2027,7722.3,0,0
3,105.36,2.519,198.73,8.899,2052,7739.7,0,0
3,105.1,2.621,189.79,9.335,2027,7757.1,0,0
3,100.67,2.724,198.33,9.793,2052,7774.5,0,0
3,100.28,2.571,207.25,10.272,2077,7791.9,0,0
3,99.84,2.427,216.58,9.769,2052,7809.3,0,0
3,99.36,2.522,206.83,9.29,2027,7826.7,0,0
3,98.85,2.623,197.52,9.746,2002,7844.1,0,0
3,102.33,2.601,188.64,10.223,2027,7861.5,0,0
3,105.78,2.55,197.12,10.724,2052,7878.9,0,0
3,105.25,2.542,197.12,10.724,2052,7896.2,0,0
3,104.77,2.539,197.12,10.724,2052,7913.6,0,0
3,104.34,2.54,197.12,10.724,2052,7931.0,0,0
3,103.97,2.547,197.12,10.724,2052,7948.4,0,0
3,103.69,2.558,197.12,10.724,2052,7965.8,0,0
3,103.49,2.573,197.12,10.724,2052,7983.2,0,0
3,103.38,2.467,188.25,10.199,2027,8000.6,0,0
3,103.37,2.606,196.72,9.699,2002,8018.0,0,0
3,103.46,2.503,205.58,10.174,2027,8035.4,0,0
3,103.64,2.403,214.83,10.673,2002,8052.8,0,0
3,103.91,2.54,205.16,10.867,2027,8070.2,0,0
3,104.26,2.436,195.93,10.335,2002,8087.6,0,0
3,104.67,2.57,187.11,9.828,2027,8105.0,0,0
3,109.1,2.708,178.69,9.347,2052,8122.4,0,0
3,109.63,2.588,186.73,8.889,2027,8139.7,0,0
3,110.2,2.595,195.14,9.324,2002,8157.1,0,0
3,110.77,2.471,202.46,9.781,2027,8174.5,0,0
3,111.34,2.349,211.57,9.302,2002,8191.9,0,0
3,111.89,2.228,221.09,8.846,1977,8209.3,0,0
3,112.4,2.324,228.36,9.28,2002,8226.7,0,0
3,112.85,2.199,238.64,9.734,1977,8244.1,0,0
3,113.23,2.078,249.38,10.211,1952,8261.5,0,0
3,117.64,2.159,238.15,9.711,1977,8278.9,0,0
3,121.97,2.038,227.44,9.235,2002,8296.3,0,0
3,122.1,1.924,217.2,8.782,1977,8313.7,0,0
3,122.11,1.999,207.43,8.352,1952,8331.1,0,0
3,122.02,1.889,198.09,8.761,1927,8348.5,0,0
3,121.83,1.968,207.01,9.191,1902,8365.9,0,0
3,121.54,2.052,216.32,8.74,1927,8383.2,0,0
3,125.24,1.948,226.06,9.169,1902,8400.6,0,0
3,124.77,2.039,215.89,8.944,1927,8418.0,0,0
3,124.22,1.943,225.6,9.383,1943,8435.4,0,0
3,123.63,1.854,235.75,8.923,1918,8452.8,0,0
3,123.01,1.952,246.36,9.36,1943,8470.2,0,0
3,122.37,2.001,235.28,8.901,1918,8487.6,0,0
3,121.74,1.918,245.86,9.338,1943,8505.0,0,0
3,125.08,1.841,234.8,8.88,1918,8522.4,0,0
3,124.5,1.768,224.23,8.445,1943,8539.8,0,0
3,123.98,1.869,214.14,8.031,1968,8557.2,0,0
3,123.54,1.975,218.06,7.638,1993,8574.6,0,0
3,123.18,1.895,216.65,7.263,1968,8592.0,0,0
3,122.94,1.815,206.9,6.907,1943,8609.3,0,0
3,122.8,1.912,216.21,7.246,1918,8626.7,0,0
3,118.89,2.011,206.48,6.891,1893,8644.1,0,0
3,118.98,1.918,197.19,6.553,1918,8661.5,0,0
3,119.17,2.011,206.06,6.874,1943,8678.9,0,0
3,119.47,2.103,215.33,7.211,1918,8696.3,0,0
3,119.86,1.996,210.36,6.858,1899,8713.7,0,0
3,120.33,1.89,213.1,7.194,1874,8731.1,0,0
3,120.87,1.788,203.51,6.841,1899,8748.5,0,0
3,121.46,1.86,194.35,6.506,1874,8765.9,0,0
3,122.08,1.933,203.1,6.187,1859,8783.3,0,0
3,118.71,2.008,193.96,6.49,1884,8800.7,0,0
3,119.32,1.895,202.69,6.808,1859,8818.1,0,0
3,119.91,1.97,193.57,6.475,1834,8835.5,0,0
3,120.46,2.05,184.85,6.158,1809,8852.8,0,0
3,120.95,2.135,180.61,6.459,1834,8870.2,0,0
3,121.37,2.131,172.48,6.776,1859,8887.6,0,0
3,121.71,2.023,180.24,7.108,1834,8905.0,0,0
3,121.95,1.924,172.13,6.76,1831,8922.4,0,0
3,122.09,2.019,164.38,7.091,1856,8939.8,0,0
3,118.0,1.927,156.99,6.743,1831,8957.2,0,0
3,113.81,2.029,149.92,7.074,1806,8974.6,0,0
3,113.64,2.14,156.67,7.42,1831,8992.0,0,0
3,113.38,2.259,149.62,7.057,1856,9009.4,0,0
3,113.03,2.378,143.19,7.403,1831,9026.8,0,0
3,112.61,2.514,149.64,7.765,1806,9044.2,0,0
3,112.13,2.414,156.37,7.385,1831,9061.6,0,0
3,111.6,2.551,149.33,7.023,1856,9078.9,0,0
3,111.03,2.693,156.05,6.679,1831,9096.3,0,0
3,110.46,2.58,163.07,7.006,1806,9113.7,0,0
3,113.86,2.469,168.7,7.349,1831,9131.1,0,0
3,113.29,2.477,168.7,7.349,1831,9148.5,0,0
3,112.76,2.481,168.7,7.349,1831,9165.9,0,0
3,112.28,2.481,168.7,7.349,1831,9183.3,0,0
3,111.87,2.476,168.7,7.349,1831,9200.7,0,0
3,111.54,2.467,168.7,7.349,1831,9218.1,0,0
3,111.3,2.455,168.7,7.349,1831,9235.5,0,0
3,111.16,2.439,168.7,7.349,1831,9252.9,0,0
3,115.01,2.536,161.11,6.989,1856,9270.3,0,0
3,115.08,2.636,168.36,6.647,1831,9287.7,0,0
3,115.25,2.657,171.32,6.972,1856,9305.1,0,0
3,115.53,2.761,163.61,6.631,1881,9322.4,0,0
3,115.89,2.87,170.97,6.956,1856,9339.8,0,0
3,116.34,2.712,178.67,7.297,1881,9357.2,0,0
3,116.85,2.567,170.63,6.939,1906,9374.6,0,0
3,117.42,2.433,178.3,7.279,1931,9392.0,0,0
3,118.02,2.543,170.28,6.922,1906,9409.4,0,0
3,118.63,2.663,177.94,7.262,1931,9426.8,0,0
3,119.25,2.794,169.94,6.906,1906,9444.2,0,0
3,119.84,2.668,162.29,7.244,1881,9461.6,0,0
3,120.4,2.552,169.59,6.889,1856,9479.0,0,0
3,120.9,2.445,161.96,7.227,1881,9496.4,0,0
3,125.42,2.345,169.25,7.581,1906,9513.8,0,0
3,121.67,2.478,169.99,7.952,1881,9531.2,0,0
3,126.04,2.38,177.64,8.342,1906,9548.5,0,0
3,126.19,2.516,169.65,8.504,1931,9565.9,0,0
3,126.24,2.658,162.01,8.92,1956,9583.3,0,0
3,126.17,2.806,154.72,8.483,1931,9600.7,0,0
3,126.0,2.688,161.68,8.899,1906,9618.1,0,0
3,125.72,2.572,168.96,9.335,1931,9635.5,0,0
3,125.35,2.58,168.96,9.335,1931,9652.9,0,0
3,124.89,2.584,168.96,9.335,1931,9670.3,0,0
3,124.37,2.583,168.96,9.335,1931,9687.7,0,0
3,123.78,2.578,168.96,9.335,1931,9705.1,0,0
3,127.18,2.445,176.56,8.877,1906,9722.5,0,0
3,130.53,2.315,168.62,8.442,1931,9739.9,0,0
3,129.85,2.276,161.03,8.051,1932,9757.3,0,0
3,129.19,2.367,153.78,7.657,1957,9774.7,0,0
3,128.58,2.235,160.7,7.282,1932,9792.0,0,0
3,128.02,2.109,153.47,6.925,1957,9809.4,0,0
3,127.55,2.191,160.38,7.264,1932,9826.8,0,0
3,127.16,2.278,153.16,6.908,1907,9844.2,0,0
3,126.88,2.37,160.05,7.247,1882,9861.6,0,0
3,150.0,3.21,132.85,5.602,1857,9879.0,0,1
3,126.65,2.577,159.73,7.974,1832,9896.4,0,0
3,126.71,2.637,166.92,7.584,1857,9913.8,0,0
3,126.89,2.762,159.41,7.955,1832,9931.2,0,0
3,127.17,2.899,166.58,7.565,1857,9948.6,0,0
3,127.57,3.048,174.08,7.195,1832,9966.0,0,0
3,128.05,3.21,181.91,7.547,1857,9983.4,0,0
3,124.66,3.386,190.1,7.177,1882,10000.8,0,0
3,125.26,3.354,181.54,7.529,1907,10018.1,0,0
3,125.9,3.282,175.27,7.535,1882,10035.5,0,0
3,126.56,3.151,183.15,7.904,1907,10052.9,0,0
3,127.21,3.026,191.39,7.517,1932,10070.3,0,0
3,127.85,2.904,200.01,7.886,1957,10087.7,0,0
3,124.39,3.066,209.01,7.499,1932,10105.1,0,0
3,124.91,3.233,218.41,7.132,1907,10122.5,0,0
3,125.37,3.092,208.58,6.782,1932,10139.9,0,0
3,125.74,3.251,210.38,6.45,1907,10157.3,0,0
3,126.01,3.099,219.85,6.391,1882,10174.7,0,0
3,126.18,2.949,209.96,6.704,1907,10192.1,0,0
3,126.24,2.801,200.51,7.032,1932,10209.5,0,0
3,126.19,2.923,209.53,7.377,1907,10226.9,0,0
3,126.03,3.047,200.1,7.016,1910,10244.3,0,0
3,121.66,2.881,209.11,6.672,1935,10261.6,0,0
3,117.22,2.953,218.52,6.999,1960,10279.0,0,0
3,116.8,3.069,208.68,6.656,1935,10296.4,0,0
3,116.31,3.189,199.29,6.982,1910,10313.8,0,0
3,115.77,3.01,190.32,6.64,1885,10331.2,0,0
3,115.2,2.843,198.89,6.314,1860,10348.6,0,0
3,114.61,2.687,207.84,6.624,1885,10366.0,0,0
3,114.01,2.544,198.49,6.948,1910,10383.4,0,0
3,117.39,2.412,196.07,7.289,1885,10400.8,0,0
3,116.83,2.522,204.89,6.932,1860,10418.2,0,0
3,116.32,2.4,214.11,6.592,1849,10435.6,0,0
3,115.87,2.288,223.75,6.269,1874,10453.0,0,0
3,115.51,2.406,233.82,6.576,1899,10470.4,0,0
3,115.24,2.303,223.3,6.899,1874,10487.8,0,0
3,115.07,2.429,213.25,6.632,1899,10505.1,0,0
3,115.01,2.565,210.21,6.957,1924,10522.5,0,0
3,115.05,2.463,219.67,7.298,1899,10539.9,0,0
3,119.08,2.365,209.79,7.655,1874,10557.3,0,0
3,119.34,2.411,200.35,7.28,1899,10574.7,0,0
3,119.7,2.547,191.33,6.923,1924,10592.1,0,0
3,120.14,2.614,199.94,7.263,1899,10609.5,0,0
3,120.66,2.756,190.94,6.907,1924,10626.9,0,0
3,121.23,2.901,199.54,6.568,1949,10644.3,0,0
3,121.84,3.049,208.51,6.246,1924,10661.7,0,0
3,122.48,2.906,217.9,6.553,1949,10679.1,0,0
3,123.11,2.765,227.7,6.874,1924,10696.5,0,0
3,123.73,2.626,217.46,7.21,1899,10713.9,0,0
3,125.28,2.74,207.67,6.857,1874,10731.2,0,0
3,121.74,2.856,198.33,6.521,1849,10748.6,0,0
3,122.19,2.836,198.33,6.521,1849,10766.0,0,0
3,122.56,2.814,198.33,6.521,1849,10783.4,0,0
3,122.84,2.79,198.33,6.521,1849,10800.8,0,0
3,123.02,2.766,198.33,6.521,1849,10818.2,0,0
3,118.97,2.874,189.4,6.202,1847,10835.6,0,0
3,118.94,2.715,197.92,5.898,1822,10853.0,0,0
3,118.8,2.826,192.86,6.187,1847,10870.4,0,0
3,118.56,2.945,184.18,6.49,1822,10887.8,0,0
3,118.23,2.792,175.89,6.808,1797,10905.2,0,0
3,117.82,2.653,167.98,7.141,1822,10922.6,0,0
3,117.34,2.78,175.53,7.491,1797,10940.0,0,0
3,105.12,2.043,183.43,7.858,1822,10957.4,1,0
3,116.23,2.929,183.43,7.858,1822,10974.7,0,0
3,115.63,2.944,183.43,7.858,1822,10992.1,0,0
3,115.03,2.964,183.43,7.858,1822,11009.5,0,0
3,114.44,2.987,183.43,7.858,1822,11026.9,0,0
3,113.89,3.013,183.43,7.858,1822,11044.3,0,0
3,113.38,3.039,183.43,7.858,1822,11061.7,0,0
3,109.03,2.918,191.69,8.243,1797,11079.1,0,0
3,104.78,3.082,183.06,8.647,1822,11096.5,0,0
3,100.63,2.955,191.3,8.224,1797,11113.9,0,0
3,104.36,3.115,182.69,7.821,1772,11131.3,0,0
3,100.41,2.979,176.7,8.204,1797,11148.7,0,0
3,104.31,2.844,168.75,7.802,1822,11166.1,0,0
3,108.32,2.983,161.16,8.184,1847,11183.5,0,0
3,104.65,2.837,168.41,8.585,1872,11200.8,0,0
3,108.86,2.694,175.99,9.006,1847,11218.2,0,0
3,109.25,2.757,168.07,8.565,1822,11235.6,0,0
3,109.71,2.609,175.63,8.984,1847,11253.0,0,0
3,110.23,2.715,167.73,9.425,1872,11270.4,0,0
3,110.78,2.823,175.28,8.963,1897,11287.8,0,0
3,111.36,2.665,183.16,9.402,1872,11305.2,0,0
3,107.92,2.515,191.41,8.941,1897,11322.6,0,0
3,108.47,2.614,200.02,8.503,1922,11340.0,0,0
3,108.99,2.718,191.02,8.086,1897,11357.4,0,0
3,109.46,2.695,182.42,8.483,1922,11374.8,0,0
3,109.88,2.552,190.63,8.898,1897,11392.2,0,0
3,110.22,2.42,183.16,8.462,1922,11409.6,0,0
3,110.48,2.532,191.41,8.048,1897,11427.0,0,0
3,110.65,2.41,182.79,7.653,1912,11444.3,0,0
3,114.85,2.299,174.57,8.028,1937,11461.7,0,0
3,114.83,2.416,182.42,7.635,1912,11479.1,0,0
3,114.71,2.546,190.63,8.009,1887,11496.5,0,0
3,114.49,2.44,199.21,8.402,1912,11513.9,0,0
3,114.18,2.577,208.18,8.813,1887,11531.3,0,0
3,113.79,2.474,198.81,8.381,1862,11548.7,0,0
3,113.34,2.616,207.75,8.792,1837,11566.1,0,0
3,108.78,2.765,217.1,9.223,1862,11583.5,0,0
3,108.25,2.653,207.33,8.771,1887,11600.9,0,0
3,107.69,2.543,216.37,8.341,1862,11618.3,0,0
3,107.13,2.435,206.64,7.932,1837,11635.7,0,0
3,106.58,2.328,215.94,8.321,1862,11653.1,0,0
3,110.01,2.446,206.89,7.913,1837,11670.4,0,0
3,109.51,2.566,197.58,7.526,1862,11687.8,0,0
3,109.08,2.44,206.47,7.894,1887,11705.2,0,0
3,108.72,2.316,197.18,7.508,1912,11722.6,0,0
3,108.44,2.195,188.31,7.14,1887,11740.0,0,0
3,108.26,2.078,196.78,7.49,1862,11757.4,0,0
3,108.17,1.964,205.63,7.857,1887,11774.8,0,0
3,108.19,1.855,196.38,7.472,1912,11792.2,0,0
3,108.3,1.927,205.22,7.838,1887,11809.6,0,0
3,108.51,2.002,214.45,8.222,1862,11827.0,0,0
3,108.81,1.89,224.1,7.819,1887,11844.4,0,0
3,109.2,1.966,214.02,7.436,1862,11861.8,0,0
3,109.65,2.046,223.65,7.8,1837,11879.2,0,0
3,110.16,2.133,233.71,8.182,1812,11896.6,0,0
3,110.71,2.228,223.2,7.781,1837,11913.9,0,0
3,111.29,2.331,213.15,7.4,1812,11931.3,0,0
3,111.87,2.219,208.08,7.037,1787,11948.7,0,0
3,112.44,2.331,217.45,7.382,1812,11966.1,0,0
3,112.98,2.453,207.66,7.744,1787,11983.5,0,0
3,113.48,2.585,198.32,7.365,1762,12000.9,0,0
3,113.92,2.478,207.24,7.725,1787,12018.3,0,0
3,114.28,2.378,216.57,7.347,1812,12035.7,0,0
3,114.56,2.283,206.82,6.987,1787,12053.1,0,0
3,114.75,2.413,197.52,6.645,1762,12070.5,0,0
3,114.85,2.52,206.4,6.97,1737,12087.9,0,0
3,114.84,2.418,197.12,7.312,1762,12105.3,0,0
3,114.73,2.318,188.25,6.953,1737,12122.7,0,0
3,114.52,2.443,179.77,7.294,1712,12140.0,0,0
3,114.23,2.57,171.69,6.937,1737,12157.4,0,0
3,113.85,2.576,171.69,6.937,1737,12174.8,0,0
3,113.4,2.578,171.69,6.937,1737,12192.2,0,0
3,112.89,2.575,171.69,6.937,1737,12209.6,0,0
3,112.34,2.567,171.69,6.937,1737,12227.0,0,0
3,107.76,2.433,179.41,7.277,1752,12244.4,0,0
3,107.2,2.418,179.41,7.277,1752,12261.8,0,0
3,106.65,2.401,179.41,7.277,1752,12279.2,0,0
3,106.13,2.382,179.41,7.277,1752,12296.6,0,0
3,105.64,2.361,179.41,7.277,1752,12314.0,0,0
3,101.3,2.453,171.34,6.949,1777,12331.4,0,0
3,100.96,2.55,179.05,7.29,1802,12348.8,0,0
3,100.69,2.652,170.99,7.647,1827,12366.2,0,0
3,100.51,2.508,178.68,8.022,1852,12383.5,0,0
3,100.42,2.375,186.73,8.415,1877,12400.9,0,0
3,100.42,2.254,195.13,8.827,1852,12418.3,0,0
3,100.51,2.358,203.91,9.26,1827,12435.7,0,0
3,104.59,2.246,194.73,8.806,1852,12453.1,0,0
3,104.87,2.143,185.97,8.375,1827,12470.5,0,0
3,105.23,2.049,177.6,7.964,1852,12487.9,0,0
3,105.66,1.962,176.49,7.574,1877,12505.3,0,0
3,106.15,1.881,168.54,7.945,1852,12522.7,0,0
3,106.67,1.987,165.03,8.334,1827,12540.1,0,0
3,107.22,2.1,165.56,7.926,1802,12557.5,0,0
3,103.77,2.017,173.01,7.538,1777,12574.9,0,0
3,104.3,2.034,173.01,7.538,1777,12592.3,0,0
3,104.81,2.05,173.01,7.538,1777,12609.7,0,0
3,105.28,2.063,173.01,7.538,1777,12627.0,0,0
3,105.69,2.075,173.01,7.538,1777,12644.4,0,0
3,106.04,2.083,173.01,7.538,1777,12661.8,0,0
3,106.32,2.087,173.01,7.538,1777,12679.2,0,0
3,102.39,1.988,180.79,7.907,1752,12696.6,0,0
3,102.48,1.985,180.79,7.907,1752,12714.0,0,0
3,102.49,1.979,180.79,7.907,1752,12731.4,0,0
3,102.4,1.97,180.79,7.907,1752,12748.8,0,0
3,102.23,1.958,180.79,7.907,1752,12766.2,0,0
3,101.97,1.943,180.79,7.907,1752,12783.6,0,0
3,101.64,1.928,180.79,7.907,1752,12801.0,0,0
3,101.25,1.911,180.79,7.907,1752,12818.4,0,0
3,100.8,1.895,180.79,7.907,1752,12835.8,0,0
3,100.32,1.879,180.79,7.907,1752,12853.1,0,0
3,95.8,1.775,188.93,8.294,1727,12870.5,0,0
3,99.29,1.849,197.43,7.888,1752,12887.9,0,0
3,98.78,1.84,197.43,7.888,1752,12905.3,0,0
3,98.29,1.834,197.43,7.888,1752,12922.7,0,0
3,97.83,1.831,197.43,7.888,1752,12940.1,0,0
3,97.43,1.832,197.43,7.888,1752,12957.5,0,0
3,97.09,1.837,197.43,7.888,1752,12974.9,0,0
3,96.83,1.845,197.43,7.888,1752,12992.3,0,0
3,96.64,1.856,197.43,7.888,1752,13009.7,0,0
3,96.54,1.869,197.43,7.888,1752,13027.1,0,0
3,100.41,1.975,188.54,7.502,1727,13044.5,0,0
3,100.5,1.992,188.54,7.502,1727,13061.9,0,0
3,100.67,2.009,188.54,7.502,1727,13079.3,0,0
3,100.93,2.026,188.54,7.502,1727,13096.6,0,0
3,101.27,2.042,188.54,7.502,1727,13114.0,0,0
3,101.67,1.957,190.88,7.134,1702,13131.4,0,0
3,102.13,1.873,199.47,7.484,1727,13148.8,0,0
3,102.64,1.789,191.68,7.117,1752,13166.2,0,0
3,103.17,1.879,200.31,7.466,1727,13183.6,0,0
3,103.71,1.97,191.29,7.1,1702,13201.0,0,0
3,104.24,2.061,182.69,7.247,1727,13218.4,0,0
3,104.75,2.153,190.91,7.602,1752,13235.8,0,0
3,105.22,2.245,199.5,7.229,1727,13253.2,0,0
3,109.73,2.338,208.47,7.583,1752,13270.6,0,0
3,110.1,2.321,208.47,7.583,1752,13288.0,0,0
3,110.39,2.302,208.47,7.583,1752,13305.4,0,0
3,110.6,2.282,208.47,7.583,1752,13322.7,0,0
3,110.71,2.263,208.47,7.583,1752,13340.1,0,0
3,110.73,2.244,208.47,7.583,1752,13357.5,0,0
3,110.65,2.227,208.47,7.583,1752,13374.9,0,0
3,110.47,2.213,208.47,7.583,1752,13392.3,0,0
3,110.21,2.203,208.47,7.583,1752,13409.7,0,0
3,113.95,2.302,199.09,7.955,1727,13427.1,0,0
3,113.52,2.409,208.05,7.565,1702,13444.5,0,0
3,113.02,2.527,198.69,7.194,1727,13461.9,0,0
3,112.48,2.422,207.63,7.547,1743,13479.3,0,0
3,111.92,2.316,216.97,7.917,1718,13496.7,0,0
3,111.34,2.218,207.21,7.529,1693,13514.1,0,0
3,110.76,2.342,216.54,7.898,1718,13531.5,0,0
3,110.21,2.474,226.28,7.511,1743,13548.9,0,0
3,109.69,2.376,216.1,7.879,1768,13566.2,0,0
3,109.23,2.281,225.82,7.493,1793,13583.6,0,0
3,104.94,2.411,215.66,7.126,1818,13601.0,0,0
3,108.53,2.466,222.87,7.475,1843,13618.4,0,0
3,108.31,2.483,222.87,7.475,1843,13635.8,0,0
3,108.19,2.495,222.87,7.475,1843,13653.2,0,0
3,108.17,2.504,222.87,7.475,1843,13670.6,0,0
3,108.25,2.509,222.87,7.475,1843,13688.0,0,0
3,112.08,2.389,212.84,7.841,1818,13705.4,0,0
3,116.25,2.455,203.26,8.225,1793,13722.8,0,0
3,116.63,2.329,212.41,8.628,1818,13740.2,0,0
3,117.09,2.429,221.96,9.051,1831,13757.6,0,0
3,117.61,2.529,211.98,8.608,1806,13775.0,0,0
3,118.19,2.557,221.51,9.029,1831,13792.3,0,0
3,118.79,2.657,211.55,8.758,1806,13809.7,0,0
3,119.42,2.761,202.03,9.187,1781,13827.1,0,0
3,120.03,2.606,192.94,8.737,1756,13844.5,0,0
3,120.63,2.461,184.25,9.165,1781,13861.9,0,0
3,125.24,2.375,175.96,8.716,1806,13879.3,0,0
3,125.75,2.473,183.88,8.289,1781,13896.7,0,0
3,126.19,2.344,175.61,7.883,1756,13914.1,0,0
3,126.54,2.225,183.51,8.269,1781,13931.5,0,0
3,126.79,2.33,191.77,7.864,1796,13948.9,0,0
3,126.93,2.22,200.4,8.249,1821,13966.3,0,0
3,126.96,2.333,209.41,7.845,1796,13983.7,0,0
3,126.88,2.457,199.99,7.46,1821,14001.1,0,0
3,126.7,2.591,190.99,7.095,1796,14018.5,0,0
3,126.41,2.735,199.58,6.747,1771,14035.8,0,0
3,126.02,2.89,190.6,6.417,1796,14053.2,0,0
3,125.55,2.775,199.18,6.731,1821,14070.6,0,0
3,125.01,2.934,190.22,6.401,1796,14088.0,0,0
3,124.42,3.1,186.19,6.087,1771,14105.4,0,0
3,123.8,2.973,177.81,6.386,1796,14122.8,0,0
3,127.15,2.849,169.81,6.073,1771,14140.2,0,0
3,126.49,2.726,177.45,5.775,1746,14157.6,0,0
3,125.86,2.604,185.44,6.058,1771,14175.0,0,0
3,125.27,2.483,193.78,5.761,1746,14192.4,0,0
3,124.73,2.363,202.5,6.044,1771,14209.8,0,0
3,124.28,2.472,193.39,6.34,1746,14227.2,0,0
3,123.91,2.345,184.69,6.65,1771,14244.6,0,0
3,123.65,2.41,193.0,6.976,1796,14261.9,0,0
3,123.49,2.509,201.68,7.318,1771,14279.3,0,0
3,123.45,2.583,192.61,6.96,1796,14296.7,0,0
3,123.52,2.438,201.27,7.301,1821,14314.1,0,0
3,123.71,2.533,192.22,6.943,1796,14331.5,0,0
3,124.01,2.391,200.87,7.283,1821,14348.9,0,0
3,124.4,2.258,209.91,7.64,1846,14366.3,0,0
3,124.88,2.349,200.46,7.266,1871,14383.7,0,0
3,125.43,2.447,209.48,7.622,1846,14401.1,0,0
3,126.04,2.553,200.05,7.248,1821,14418.5,0,0
3,126.68,2.424,191.05,6.893,1846,14435.9,0,0
3,127.34,2.539,182.45,6.555,1859,14453.3,0,0
3,128.0,2.42,190.67,6.876,1884,14470.7,0,0
3,124.6,2.311,182.09,6.54,1909,14488.1,0,0
3,125.17,2.322,182.09,6.54,1909,14505.4,0,0
3,125.69,2.336,182.09,6.54,1909,14522.8,0,0
3,126.14,2.354,182.09,6.54,1909,14540.2,0,0
3,126.5,2.374,182.09,6.54,1909,14557.6,0,0
3,130.87,2.279,186.99,6.219,1884,14575.0,0,0
3,131.04,2.409,178.58,5.914,1859,14592.4,0,0
3,131.09,2.546,175.7,6.204,1884,14609.8,0,0
3,117.92,1.881,183.61,5.9,1859,14627.2,1,0
3,130.84,2.705,183.61,5.9,1859,14644.6,0,0
3,130.55,2.718,183.61,5.9,1859,14662.0,0,0
3,130.16,2.727,183.61,5.9,1859,14679.4,0,0
3,129.69,2.731,183.61,5.9,1859,14696.8,0,0
3,129.14,2.73,183.61,5.9,1859,14714.2,0,0
3,128.54,2.724,183.61,5.9,1859,14731.5,0,0
3,123.88,2.65,191.87,6.189,1884,14748.9,0,0
3,127.24,2.762,183.24,5.886,1909,14766.3,0,0
3,126.58,2.744,183.24,5.886,1909,14783.7,0,0
3,125.94,2.723,183.24,5.886,1909,14801.1,0,0
3,125.34,2.7,183.24,5.886,1909,14818.5,0,0
3,124.8,2.677,183.24,5.886,1909,14835.9,0,0
3,124.33,2.654,183.24,5.886,1909,14853.3,0,0
3,123.95,2.632,183.24,5.886,1909,14870.7,0,0
3,123.67,2.614,183.24,5.886,1909,14888.1,0,0
3,119.62,2.474,191.48,5.598,1884,14905.5,0,0
3,119.57,2.463,191.48,5.598,1884,14922.9,0,0
3,119.63,2.457,191.48,5.598,1884,14940.3,0,0
3,119.8,2.456,191.48,5.598,1884,14957.7,0,0
3,120.07,2.459,191.48,5.598,1884,14975.0,0,0
3,120.44,2.467,191.48,5.598,1884,14992.4,0,0
3,124.81,2.598,200.1,5.872,1909,15009.8,0,0
3,125.36,2.49,191.1,5.848,1884,15027.2,0,0
3,125.96,2.548,182.5,5.562,1909,15044.6,0,0
3,126.6,2.693,190.71,5.834,1884,15062.0,0,0
3,127.26,2.847,199.29,6.12,1859,15079.4,0,0
3,127.92,3.009,190.32,5.82,1834,15096.8,0,0
3,128.56,2.888,187.52,5.535,1859,15114.2,0,0
3,129.16,2.909,187.52,5.535,1859,15131.6,0,0
3,129.71,2.927,187.52,5.535,1859,15149.0,0,0
3,130.18,2.941,187.52,5.535,1859,15166.4,0,0
3,130.56,2.95,187.52,5.535,1859,15183.8,0,0
3,130.85,2.954,187.52,5.535,1859,15201.2,0,0
3,131.02,2.952,187.52,5.535,1859,15218.5,0,0
3,131.09,2.946,187.52,5.535,1859,15235.9,0,0
3,131.03,2.934,187.52,5.535,1859,15253.3,0,0
3,130.87,3.058,195.96,5.264,1884,15270.7,0,0
3,130.59,2.892,187.14,5.522,1859,15288.1,0,0
3,130.22,3.007,178.72,5.792,1884,15305.5,0,0
3,129.75,3.125,186.76,6.076,1909,15322.9,0,0
3,125.15,2.949,195.16,5.778,1884,15340.3,0,0
3,124.57,3.065,186.38,6.062,1909,15357.7,0,0
3,123.96,2.894,194.77,6.359,1916,15375.1,0,0
3,123.32,2.807,186.0,6.608,1941,15392.5,0,0
3,122.68,2.925,177.63,6.284,1916,15409.9,0,0
3,122.05,3.053,185.63,6.592,1891,15427.3,0,0
3,121.47,3.043,177.27,6.915,1916,15444.6,0,0
3,120.94,2.895,169.3,6.577,1941,15462.0,0,0
3,120.47,2.761,161.68,6.899,1966,15479.4,0,0
3,123.99,2.637,154.4,7.237,1941,15496.8,0,0
3,123.7,2.524,161.35,7.591,1932,15514.2,0,0
3,123.52,2.418,168.61,7.22,1907,15531.6,0,0
3,123.45,2.529,176.2,6.866,1932,15549.0,0,0
3,123.5,2.428,168.27,7.202,1957,15566.4,0,0
3,119.77,2.498,160.7,6.849,1982,15583.8,0,0
3,123.92,2.398,153.47,6.514,1957,15601.2,0,0
3,128.2,2.534,160.37,6.833,1982,15618.6,0,0
3,124.75,2.43,167.59,6.498,1957,15636.0,0,0
3,125.28,2.327,175.13,6.816,1947,15653.4,0,0
3,125.88,2.225,167.25,7.15,1927,15670.8,0,0
3,126.52,2.339,174.78,6.8,1902,15688.1,0,0
3,127.18,2.229,166.91,7.133,1927,15705.5,0,0
3,127.84,2.121,174.42,7.483,1902,15722.9,0,0
3,128.48,2.217,166.57,7.849,1927,15740.3,0,0
3,130.04,2.314,174.07,8.234,1952,15757.7,0,0
3,126.52,2.191,166.24,7.831,1927,15775.1,0,0
3,131.08,2.071,159.37,8.214,1902,15792.5,0,0
3,135.58,2.154,166.54,8.617,1927,15809.9,0,0
3,135.89,2.238,174.04,8.828,1952,15827.3,0,0
3,136.09,2.325,181.87,9.261,1927,15844.7,0,0
3,136.17,2.307,173.69,8.807,1952,15862.1,0,0
3,136.13,2.374,181.5,9.239,1977,15879.5,0,0
3,135.97,2.471,173.33,8.786,2002,15896.9,0,0
3,131.6,2.575,165.53,8.355,1977,15914.2,0,0
3,127.14,2.688,172.98,7.946,1952,15931.6,0,0
3,126.69,2.553,180.77,8.335,1977,15949.0,0,0
3,126.18,2.43,188.9,8.744,1952,15966.4,0,0
3,125.6,2.318,180.4,8.315,1977,15983.8,0,0
3,124.98,2.215,188.52,8.723,2002,16001.2,0,0
3,124.34,2.333,197.0,9.15,2005,16018.6,0,0
3,123.69,2.462,188.14,9.599,1980,16036.0,0,0
3,123.06,2.6,179.67,9.525,1955,16053.4,0,0
3,122.46,2.496,187.76,9.992,1980,16070.8,0,0
3,121.92,2.397,179.31,9.503,2005,16088.2,0,0
3,121.44,2.302,171.24,9.037,1980,16105.6,0,0
3,121.05,2.431,178.94,9.48,1955,16123.0,0,0
3,120.76,2.537,170.89,9.015,1980,16140.4,0,0
3,120.56,2.674,178.58,9.457,1958,16157.7,0,0
3,120.48,2.815,170.55,9.719,1933,16175.1,0,0
3,120.51,2.687,178.22,10.195,1958,16192.5,0,0
3,120.65,2.561,170.2,9.696,1983,16209.9,0,0
3,120.9,2.436,162.54,9.221,1958,16227.3,0,0
3,121.25,2.313,169.86,8.769,1933,16244.7,0,0
3,125.61,2.414,162.21,8.339,1908,16262.1,0,0
3,122.2,2.515,169.51,8.748,1933,16279.5,0,0
3,118.82,2.617,177.14,9.176,1921,16296.9,0,0
3,119.42,2.721,170.37,9.626,1946,16314.3,0,0
3,120.04,2.568,162.7,10.098,1971,16331.7,0,0
3,120.67,2.668,155.59,9.603,1946,16349.1,0,0
3,121.28,2.519,148.59,9.132,1921,16366.5,0,0
3,121.86,2.619,141.9,8.685,1946,16383.8,0,0
3,122.39,2.72,135.52,9.111,1971,16401.2,0,0
3,122.85,2.575,141.61,8.664,1946,16418.6,0,0
3,123.24,2.689,146.59,8.24,1921,16436.0,0,0
3,127.64,2.658,153.19,8.643,1946,16453.4,0,0
3,127.84,2.785,146.29,8.22,1921,16470.8,0,0
3,127.93,2.657,152.88,7.817,1896,16488.2,0,0
3,127.9,2.539,152.18,7.434,1871,16505.6,0,0
3,127.77,2.43,145.33,7.07,1896,16523.0,0,0
3,127.53,2.447,145.33,7.07,1896,16540.4,0,0
3,127.19,2.466,145.33,7.07,1896,16557.8,0,0
3,126.75,2.487,145.33,7.07,1896,16575.2,0,0
3,126.24,2.509,145.33,7.07,1896,16592.6,0,0
3,125.67,2.53,145.33,7.07,1896,16610.0,0,0
3,125.06,2.55,145.33,7.07,1896,16627.3,0,0
3,120.41,2.691,151.87,7.416,1921,16644.7,0,0
3,119.79,2.577,158.7,7.78,1896,16662.1,0,0
3,119.17,2.712,151.56,8.161,1871,16679.5,0,0
3,118.59,2.85,144.74,7.761,1896,16696.9,0,0
3,118.06,2.989,138.23,7.381,1871,16714.3,0,0
3,117.59,2.843,139.91,7.019,1846,16731.7,0,0
3,121.1,2.971,133.61,6.675,1871,16749.1,0,0
3,120.79,2.958,133.61,6.675,1871,16766.5,0,0
3,120.58,2.94,133.61,6.675,1871,16783.9,0,0
3,120.49,2.919,133.61,6.675,1871,16801.3,0,0
3,120.5,2.896,133.61,6.675,1871,16818.7,0,0
3,120.63,2.983,139.63,6.348,1896,16836.1,0,0
3,120.87,3.1,145.91,6.659,1871,16853.4,0,0
3,121.2,2.926,152.47,6.985,1896,16870.8,0,0
3,121.63,2.764,159.34,7.328,1871,16888.2,0,0
3,122.13,2.614,152.17,7.687,1896,16905.6,0,0
3,122.7,2.475,145.32,8.063,1871,16923.0,0,0
3,123.31,2.585,148.65,8.458,1846,16940.4,0,0
3,123.95,2.521,141.96,8.044,1871,16957.8,0,0
3,124.6,2.642,135.58,8.438,1896,16975.2,0,0
3,125.24,2.775,141.68,8.025,1871,16992.6,0,0
3,125.84,2.92,148.05,8.418,1896,17010.0,0,0
3,130.46,3.077,141.39,8.83,1921,17027.4,0,0
3,130.97,2.95,135.03,8.883,1896,17044.8,0,0
3,131.39,3.116,141.1,8.929,1871,17062.2,0,0
3,131.72,3.294,144.21,8.492,1896,17079.6,0,0
3,131.93,3.482,143.08,8.908,1921,17096.9,0,0
3,132.04,3.343,149.52,8.471,1896,17114.3,0,0
3,136.15,3.531,156.25,8.886,1921,17131.7,0,0
3,140.14,3.726,163.28,8.451,1946,17149.1,0,0
3,139.89,3.747,163.28,8.451,1946,17166.5,0,0
3,139.53,3.762,163.28,8.451,1946,17183.9,0,0
3,139.06,3.771,163.28,8.451,1946,17201.3,0,0
3,138.52,3.773,163.28,8.451,1946,17218.7,0,0
3,137.9,3.769,163.28,8.451,1946,17236.1,0,0
3,133.2,3.577,170.62,8.037,1971,17253.5,0,0
3,132.52,3.732,178.3,7.902,1996,17270.9,0,0
3,131.83,3.532,170.28,7.515,2021,17288.3,0,0
3,131.15,3.674,177.94,7.883,1996,17305.7,0,0
3,130.51,3.82,169.93,8.27,2021,17323.1,0,0
3,129.91,3.605,162.29,8.675,1996,17340.4,0,0
3,129.39,3.403,154.98,8.25,1971,17357.8,0,0
3,128.95,3.212,148.01,7.846,1946,17375.2,0,0
3,128.6,3.341,154.67,8.23,1971,17392.6,0,0
3,132.26,3.479,147.71,7.827,1946,17410.0,0,0
3,128.25,3.571,154.36,8.21,1921,17427.4,0,0
3,132.14,3.414,147.41,7.808,1946,17444.8,0,0
3,132.26,3.409,147.41,7.808,1946,17462.2,0,0
3,132.5,3.41,147.41,7.808,1946,17479.6,0,0
3,132.86,3.418,147.41,7.808,1946,17497.0,0,0
3,133.32,3.432,147.41,7.808,1946,17514.4,0,0
3,133.86,3.452,147.41,7.808,1946,17531.8,0,0
3,134.47,3.476,147.41,7.808,1946,17549.2,0,0
3,131.17,3.339,140.78,8.116,1921,17566.5,0,0
3,131.85,3.206,134.44,7.719,1946,17583.9,0,0
3,132.54,3.389,140.49,7.34,1971,17601.3,0,0
3,133.22,3.254,146.81,7.7,1968,17618.7,0,0
3,133.87,3.122,153.42,8.077,1943,17636.1,0,0
3,138.53,3.294,160.33,8.473,1968,17653.5,0,0
3,134.99,3.471,153.11,8.058,1943,17670.9,0,0
3,131.34,3.652,160.0,7.663,1918,17688.3,0,0
3,127.57,3.484,167.2,8.039,1943,17705.7,0,0
3,123.68,3.318,159.68,8.433,1968,17723.1,0,0
3,123.8,3.473,152.49,8.019,1943,17740.5,0,0
3,123.8,3.296,150.01,7.626,1918,17757.9,0,0
3,123.7,3.383,143.26,8.0,1943,17775.3,0,0
3,123.49,3.524,149.7,8.392,1968,17792.7,0,0
3,123.18,3.666,156.44,7.981,1943,17810.0,0,0
3,122.78,3.462,163.48,8.372,1968,17827.4,0,0
3,118.24,3.597,170.83,8.782,1943,17844.8,0,0
3,113.67,3.395,178.52,8.352,1918,17862.2,0,0
3,109.09,3.205,186.56,8.761,1943,17879.6,0,0
3,108.53,3.333,186.2,9.166,1968,17897.0,0,0
3,107.97,3.471,194.58,9.615,1993,17914.4,0,0
3,107.41,3.475,203.33,9.144,1968,17931.8,0,0
3,106.88,3.63,200.49,9.592,1943,17949.2,0,0
3,106.39,3.451,209.51,9.122,1968,17966.6,0,0
3,105.95,3.287,200.09,9.569,1943,17984.0,0,0
3,109.48,3.138,191.08,9.1,1918,18001.4,0,0
3,109.18,3.151,191.08,9.1,1918,18018.8,0,0
3,108.97,3.17,191.08,9.1,1918,18036.1,0,0
3,108.86,3.193,191.08,9.1,1918,18053.5,0,0
3,108.85,3.218,191.08,9.1,1918,18070.9,0,0
3,108.94,3.246,191.08,9.1,1918,18088.3,0,0
3,109.13,3.432,182.48,8.654,1943,18105.7,0,0
3,109.41,3.294,190.7,8.23,1938,18123.1,0,0
3,109.77,3.236,199.28,8.633,1913,18140.5,0,0
3,110.21,3.101,190.31,9.056,1938,18157.9,0,0
3,110.71,3.06,198.87,8.628,1913,18175.3,0,0
3,111.26,3.219,207.82,8.205,1888,18192.7,0,0
3,107.84,3.071,198.47,7.803,1863,18210.1,0,0
3,108.41,3.219,207.4,8.186,1888,18227.5,0,0
3,108.97,3.06,211.39,8.242,1863,18244.9,0,0
3,109.5,3.196,201.87,8.645,1838,18262.3,0,0
3,99.0,2.12,192.79,8.222,1813,18279.6,1,0
3,110.44,3.009,192.79,8.222,1813,18297.0,0,0
3,110.81,2.987,192.79,8.222,1813,18314.4,0,0
3,111.11,2.963,192.79,8.222,1813,18331.8,0,0
3,111.32,2.937,192.79,8.222,1813,18349.2,0,0
3,111.43,2.912,192.79,8.222,1813,18366.6,0,0
3,111.45,2.888,192.79,8.222,1813,18384.0,0,0
3,111.37,2.867,192.79,8.222,1813,18401.4,0,0
3,111.19,2.849,192.79,8.222,1813,18418.8,0,0
3,110.92,2.835,192.79,8.222,1813,18436.2,0,0
3,110.58,2.826,192.79,8.222,1813,18453.6,0,0
3,110.16,2.823,192.79,8.222,1813,18471.0,0,0
3,109.68,2.825,192.79,8.222,1813,18488.4,0,0
3,109.15,2.833,192.79,8.222,1813,18505.7,0,0
3,108.6,2.982,184.11,8.625,1788,18523.1,0,0
3,108.04,2.856,192.4,9.047,1813,18540.5,0,0
3,107.48,2.739,183.74,8.604,1838,18557.9,0,0
3,106.94,2.629,192.01,9.026,1861,18575.3,0,0
3,106.45,2.779,200.65,9.468,1886,18592.7,0,0
3,106.0,2.668,195.93,9.932,1861,18610.1,0,0
3,105.62,2.82,204.75,10.418,1836,18627.5,0,0
3,105.32,2.705,213.96,10.929,1861,18644.9,0,0
3,105.11,2.592,204.33,10.393,1886,18662.3,0,0
3,104.99,2.48,195.14,9.884,1911,18679.7,0,0
3,103.68,2.609,203.92,10.368,1886,18697.1,0,0
3,107.63,2.488,194.74,10.876,1861,18714.5,0,0
3,107.81,2.608,203.51,10.344,1886,18731.9,0,0
3,108.08,2.478,212.66,9.837,1861,18749.2,0,0
3,108.43,2.588,203.09,9.355,1836,18766.6,0,0
3,108.85,2.699,193.95,8.896,1857,18784.0,0,0
3,109.34,2.81,185.23,9.332,1882,18801.4,0,0
3,105.91,2.698,193.56,8.875,1857,18818.8,0,0
3,106.45,2.804,202.27,9.31,1832,18836.2,0,0
3,107.01,2.647,193.17,9.766,1857,18853.6,0,0
3,107.56,2.75,184.48,10.245,1882,18871.0,0,0
3,108.09,2.597,176.18,9.743,1857,18888.4,0,0
3,108.59,2.701,168.25,9.265,1832,18905.8,0,0
3,109.03,2.814,160.68,8.811,1857,18923.2,0,0
3,109.41,2.666,167.91,9.179,1882,18940.6,0,0
3,113.82,2.531,175.46,9.628,1857,18958.0,0,0
3,114.04,2.65,171.46,9.157,1882,18975.3,0,0
3,114.17,2.78,163.75,8.708,1857,18992.7,0,0
3,114.2,2.922,171.11,9.135,1832,19010.1,0,0
3,114.13,3.076,178.81,9.582,1851,19027.5,0,0
3,113.97,2.947,186.86,9.113,1876,19044.9,0,0
3,117.81,2.826,195.27,8.666,1901,19062.3,0,0
3,121.54,2.713,186.48,8.242,1876,19079.7,0,0
3,121.08,2.867,178.09,8.645,1901,19097.1,0,0
3,120.57,3.031,186.1,8.222,1876,19114.5,0,0
3,120.0,3.203,194.48,8.625,1851,19131.9,0,0
3,119.39,3.382,185.73,8.202,1826,19149.3,0,0
3,118.77,3.24,194.09,7.8,1851,19166.7,0,0
3,118.16,3.413,185.35,8.182,1835,19184.1,0,0
3,117.57,3.26,193.69,7.781,1860,19201.5,0,0
3,117.01,3.423,187.85,8.163,1835,19218.8,0,0
3,120.43,3.586,196.31,8.563,1860,19236.2,0,0
3,119.99,3.58,196.31,8.563,1860,19253.6,0,0
3,119.64,3.567,196.31,8.563,1860,19271.0,0,0
3,119.38,3.548,196.31,8.563,1860,19288.4,0,0
3,119.23,3.525,196.31,8.563,1860,19305.8,0,0
3,119.19,3.498,196.31,8.563,1860,19323.2,0,0
3,119.27,3.469,196.31,8.563,1860,19340.6,0,0
3,119.45,3.439,196.31,8.563,1860,19358.0,0,0
3,119.73,3.41,196.31,8.563,1860,19375.4,0,0
3,116.2,3.22,194.3,8.982,1835,19392.8,0,0
3,112.72,3.043,203.04,9.422,1860,19410.2,0,0
3,113.22,3.17,193.91,9.525,1843,19427.6,0,0
3,113.77,3.005,202.63,9.059,1818,19445.0,0,0
3,114.35,3.14,193.51,8.615,1843,19462.3,0,0
3,114.94,2.987,184.8,8.193,1819,19479.7,0,0
3,115.54,2.847,176.49,8.594,1844,19497.1,0,0
3,116.11,2.993,184.43,8.173,1869,19514.5,0,0
3,116.65,3.152,192.73,8.574,1889,19531.9,0,0
3,117.14,3.02,201.4,8.994,1914,19549.3,0,0
3,117.55,3.189,192.34,8.553,1939,19566.7,0,0
3,117.89,3.369,200.99,8.134,1914,19584.1,0,0
3,118.13,3.235,210.04,8.532,1939,19601.5,0,0
3,118.28,3.107,219.49,8.951,1964,19618.9,0,0
3,118.33,3.283,229.37,8.512,1939,19636.3,0,0
3,118.27,3.362,219.05,8.882,1914,19653.7,0,0
3,118.1,3.221,209.19,8.447,1939,19671.1,0,0
3,117.84,3.392,218.6,8.033,1964,19688.4,0,0
3,117.5,3.24,228.44,7.64,1939,19705.8,0,0
3,117.07,3.089,238.72,8.014,1964,19723.2,0,0
3,116.57,3.236,249.46,7.621,1939,19740.6,0,0
3,116.03,3.074,238.24,7.995,1964,19758.0,0,0
3,115.45,2.916,228.16,8.386,1943,19775.4,0,0
3,114.85,3.039,217.89,8.797,1918,19792.8,0,0
3,114.26,2.874,227.7,9.228,1943,19810.2,0,0
3,113.68,2.715,237.94,9.681,1918,19827.6,0,0
3,113.14,2.812,227.23,9.206,1893,19845.0,0,0
3,112.65,2.654,217.01,8.755,1918,19862.4,0,0
3,112.23,2.631,217.01,8.755,1918,19879.8,0,0
3,111.89,2.61,217.01,8.755,1918,19897.2,0,0
3,111.64,2.591,217.01,8.755,1918,19914.6,0,0
3,111.48,2.576,217.01,8.755,1918,19931.9,0,0
3,111.43,2.565,217.01,8.755,1918,19949.3,0,0
3,111.49,2.559,217.01,8.755,1918,19966.7,0,0
3,111.64,2.557,217.01,8.755,1918,19984.1,0,0
3,111.9,2.561,217.01,8.755,1918,20001.5,0,0
3,108.33,2.692,207.24,8.326,1943,20018.9,0,0
3,112.66,2.576,197.92,7.918,1968,20036.3,0,0
3,109.21,2.652,206.82,8.306,1993,20053.7,0,0
3,109.74,2.544,216.13,7.899,2018,20071.1,0,0
3,110.29,2.442,206.41,7.512,1993,20088.5,0,0
3,110.87,2.581,204.84,7.144,2018,20105.9,0,0
3,111.44,2.729,195.63,7.494,1993,20123.3,0,0
3,112.0,2.704,204.43,7.127,1968,20140.7,0,0
3,112.53,2.854,195.23,7.476,1993,20158.0,0,0
3,113.0,3.01,194.03,7.842,2018,20175.4,0,0
3,113.41,2.879,185.29,7.458,1993,20192.8,0,0
3,113.75,3.027,176.96,7.093,1972,20210.2,0,0
3,114.0,2.927,184.92,6.745,1997,20227.6,0,0
3,114.15,2.785,176.6,7.076,2022,20245.0,0,0
3,110.09,2.645,184.55,7.422,2047,20262.4,0,0
3,110.04,2.508,192.85,7.786,2022,20279.8,0,0
3,109.9,2.375,184.17,7.404,2047,20297.2,0,0
3,109.67,2.472,192.46,7.767,2022,20314.6,0,0
3,109.36,2.571,187.84,7.387,1997,20332.0,0,0
3,108.97,2.672,179.39,7.025,1972,20349.4,0,0
3,108.52,2.776,171.32,7.306,1997,20366.8,0,0
3,103.97,2.884,179.03,7.09,1972,20384.2,0,0
3,103.46,2.724,187.08,6.742,1947,20401.5,0,0
3,102.92,2.835,195.5,7.073,1922,20418.9,0,0
3,102.39,2.683,204.3,6.726,1947,20436.3,0,0
3,101.87,2.544,213.49,7.056,1922,20453.7,0,0
3,101.38,2.66,203.89,6.71,1897,20471.1,0,0
3,100.94,2.531,194.71,6.381,1922,20488.5,0,0
3,104.46,2.657,185.95,6.694,1897,20505.9,0,0
3,108.03,2.794,194.32,7.022,1872,20523.3,0,0
3,107.78,2.674,185.57,6.678,1847,20540.7,0,0
3,107.62,2.562,193.92,7.005,1826,20558.1,0,0
3,107.55,2.706,187.87,7.348,1823,20575.5,0,0
3,107.59,2.597,179.42,6.988,1798,20592.9,0,0
3,107.73,2.494,187.49,6.646,1823,20610.3,0,0
3,107.96,2.636,195.93,6.32,1798,20627.6,0,0
3,108.28,2.785,187.11,6.023,1773,20645.0,0,0
3,112.61,2.671,195.53,5.728,1769,20662.4,0,0
3,113.09,2.816,204.33,6.009,1744,20679.8,0,0
3,113.62,2.965,213.53,6.303,1769,20697.2,0,0
3,114.2,2.831,212.88,6.612,1744,20714.6,0,0
3,114.79,2.698,222.46,6.288,1769,20732.0,0,0
3,115.39,2.567,212.44,6.596,1744,20749.4,0,0
3,111.93,2.438,202.88,6.92,1719,20766.8,0,0
3,112.46,2.544,193.75,6.58,1694,20784.2,0,0
3,112.95,2.408,185.04,6.903,1719,20801.6,0,0
3,113.37,2.507,176.71,6.565,1744,20819.0,0,0
3,113.71,2.606,168.76,6.243,1769,20836.4,0,0
3,113.97,2.709,176.35,6.549,1744,20853.8,0,0
3,114.14,2.814,184.29,6.87,1769,20871.1,0,0
3,114.2,2.656,175.99,6.533,1744,20888.5,0,0
3,114.17,2.762,168.07,6.213,1719,20905.9,0,0
3,109.93,2.667,175.64,5.909,1694,20923.3,0,0
3,109.71,2.78,167.73,6.198,1719,20940.7,0,0
3,109.4,2.636,175.28,6.502,1744,20958.1,0,0
3,109.02,2.757,167.39,6.82,1769,20975.5,0,0
3,108.58,2.624,174.93,7.155,1794,20992.9,0,0
3,108.08,2.502,182.8,6.804,1769,21010.3,0,0
3,107.55,2.539,182.11,7.137,1744,21027.7,0,0
3,107.0,2.553,182.11,7.137,1744,21045.1,0,0
3,106.44,2.57,182.11,7.137,1744,21062.5,0,0
3,105.9,2.59,182.11,7.137,1744,21079.9,0,0
3,105.38,2.612,182.11,7.137,1744,21097.2,0,0
3,104.91,2.635,182.11,7.137,1744,21114.6,0,0
3,104.51,2.657,182.11,7.137,1744,21132.0,0,0
3,104.17,2.679,182.11,7.137,1744,21149.4,0,0
3,103.91,2.698,182.11,7.137,1744,21166.8,0,0
3,103.75,2.713,182.11,7.137,1744,21184.2,0,0
3,103.68,2.725,182.11,7.137,1744,21201.6,0,0
3,103.7,2.733,182.11,7.137,1744,21219.0,0,0
3,103.82,2.867,190.3,6.788,1719,21236.4,0,0
3,104.04,2.727,198.86,7.12,1694,21253.8,0,0
3,104.34,2.625,207.81,7.469,1669,21271.2,0,0
3,104.71,2.488,202.36,7.835,1694,21288.6,0,0
3,105.15,2.355,211.47,8.219,1719,21306.0,0,0
3,105.65,2.451,220.99,8.622,1744,21323.4,0,0
3,106.18,2.548,230.93,9.044,1737,21340.7,0,0
3,106.73,2.648,220.54,9.488,1762,21358.1,0,0
3,111.3,2.499,210.61,9.023,1787,21375.5,0,0
3,111.87,2.359,201.14,8.581,1762,21392.9,0,0
3,112.4,2.229,192.09,8.16,1737,21410.3,0,0
3,112.89,2.32,183.44,7.76,1737,21427.7,0,0
3,113.32,2.418,191.7,8.141,1762,21445.1,0,0
3,113.67,2.293,183.07,7.742,1737,21462.5,0,0
3,113.94,2.398,178.81,8.121,1762,21479.9,0,0
3,110.0,2.283,170.77,8.519,1787,21497.3,0,0
3,110.08,2.178,163.08,8.101,1812,21514.7,0,0
3,110.06,2.291,155.74,7.704,1787,21532.1,0,0
3,109.95,2.414,162.75,8.082,1812,21549.5,0,0
3,109.74,2.314,170.08,8.478,1787,21566.8,0,0
3,109.45,2.22,177.73,8.893,1802,21584.2,0,0
3,109.07,2.347,185.73,9.329,1777,21601.6,0,0
3,108.64,2.254,183.6,8.872,1768,21619.0,0,0
3,104.1,2.382,181.25,9.307,1793,21636.4,0,0
3,103.59,2.516,173.09,8.851,1768,21653.8,0,0
3,103.06,2.655,165.3,8.417,1743,21671.2,0,0
3,102.52,2.799,172.74,8.005,1718,21688.6,0,0
3,102.0,2.676,180.51,7.612,1743,21706.0,0,0
3,101.5,2.812,172.39,7.239,1768,21723.4,0,0
3,104.97,2.679,180.15,6.885,1743,21740.8,0,0
3,104.55,2.548,188.25,7.222,1768,21758.2,0,0
3,104.21,2.663,196.73,7.576,1793,21775.6,0,0
3,103.94,2.778,205.58,7.205,1768,21793.0,0,0
3,103.76,2.894,196.33,6.852,1793,21810.3,0,0
3,103.68,2.736,205.16,7.187,1818,21827.7,0,0
3,103.69,2.584,195.93,6.835,1793,21845.1,0,0
3,103.8,2.685,187.11,7.17,1768,21862.5,0,0
3,104.0,2.789,195.53,7.521,1793,21879.9,0,0
3,104.29,2.633,186.73,7.153,1818,21897.3,0,0
3,104.66,2.738,195.14,6.802,1840,21914.7,0,0
3,94.58,1.995,186.36,6.469,1865,21932.1,1,0
3,105.58,2.836,186.36,6.469,1865,21949.5,0,0
3,106.11,2.825,186.36,6.469,1865,21966.9,0,0
3,106.66,2.821,186.36,6.469,1865,21984.3,0,0
3,107.22,2.821,186.36,6.469,1865,22001.7,0,0
3,107.76,2.827,186.36,6.469,1865,22019.1,0,0
3,108.28,2.838,186.36,6.469,1865,22036.5,0,0
3,108.76,2.717,194.74,6.786,1840,22053.8,0,0
3,109.18,2.605,203.51,7.119,1815,22071.2,0,0
3,109.53,2.752,194.35,7.467,1840,22088.6,0,0
3,109.8,2.642,185.6,7.102,1815,22106.0,0,0
3,109.99,2.793,193.95,7.45,1790,22123.4,0,0
3,105.96,2.917,185.23,7.815,1815,22140.8,0,0
3,101.83,2.799,176.89,8.023,1840,22158.2,0,0
3,101.74,2.953,184.85,7.63,1865,22175.6,0,0
3,101.55,2.828,176.53,7.256,1890,22193.0,0,0
3,101.29,2.703,184.48,7.612,1915,22210.4,0,0
3,100.96,2.579,176.18,7.239,1890,22227.8,0,0
3,100.56,2.457,168.25,7.593,1865,22245.2,0,0
3,100.11,2.336,160.68,7.221,1840,22262.6,0,0
3,99.62,2.218,153.45,7.064,1815,22279.9,0,0
3,99.12,2.313,146.54,6.718,1790,22297.3,0,0
3,98.6,2.41,153.14,6.389,1815,22314.7,0,0
3,98.09,2.507,160.03,6.12,1840,22332.1,0,0
3,97.61,2.368,152.82,5.821,1815,22349.5,0,0
3,101.1,2.235,145.95,5.535,1790,22366.9,0,0
3,100.69,2.322,152.52,5.807,1815,22384.3,0,0
3,100.34,2.192,159.38,6.091,1840,22401.7,0,0
3,100.08,2.28,166.55,5.793,1815,22419.1,0,0
3,99.9,2.374,174.05,6.076,1790,22436.5,0,0
3,99.8,2.475,181.88,6.374,1815,22453.9,0,0
3,99.81,2.585,190.06,6.687,1840,22471.3,0,0
3,99.9,2.705,181.51,7.014,1865,22488.7,0,0
3,100.08,2.576,187.03,6.67,1840,22506.1,0,0
3,104.25,2.706,195.45,6.344,1815,22523.4,0,0
3,108.53,2.587,204.25,6.033,1790,22540.8,0,0
3,108.97,2.602,204.25,6.033,1790,22558.2,0,0
3,109.47,2.62,204.25,6.033,1790,22575.6,0,0
3,110.01,2.641,204.25,6.033,1790,22593.0,0,0
3,110.58,2.664,204.25,6.033,1790,22610.4,0,0
3,111.16,2.687,204.25,6.033,1790,22627.8,0,0
3,115.76,2.58,195.06,5.737,1815,22645.2,0,0
3,114.29,2.525,186.28,5.456,1790,22662.6,0,0
3,114.8,2.542,186.28,5.456,1790,22680.0,0,0
3,115.25,2.556,186.28,5.456,1790,22697.4,0,0
3,115.63,2.566,186.28,5.456,1790,22714.8,0,0
3,115.93,2.572,186.28,5.456,1790,22732.2,0,0
3,116.14,2.573,186.28,5.456,1790,22749.5,0,0
3,116.24,2.569,186.28,5.456,1790,22766.9,0,0
3,116.25,2.561,186.28,5.456,1790,22784.3,0,0
3,116.15,2.549,186.28,5.456,1790,22801.7,0,0
3,115.96,2.534,186.28,5.456,1790,22819.1,0,0
3,115.67,2.515,186.28,5.456,1790,22836.5,0,0
3,115.29,2.495,186.28,5.456,1790,22853.9,0,0
3,114.85,2.473,186.28,5.456,1790,22871.3,0,0
3,114.34,2.452,186.28,5.456,1790,22888.7,0,0
3,113.79,2.432,186.28,5.456,1790,22906.1,0,0
3,113.22,2.414,186.28,5.456,1790,22923.5,0,0
3,112.63,2.398,186.28,5.456,1790,22940.9,0,0
3,112.05,2.386,186.28,5.456,1790,22958.3,0,0
3,111.49,2.378,186.28,5.456,1790,22975.7,0,0
3,114.91,2.489,194.66,5.189,1765,22993.0,0,0
3,114.44,2.385,203.42,4.934,1790,23010.4,0,0
3,114.04,2.276,212.57,5.176,1815,23027.8,0,0
3,113.72,2.396,222.14,5.43,1790,23045.2,0,0
3,113.5,2.526,232.14,5.696,1765,23062.6,0,0
3,113.39,2.666,242.58,5.975,1790,23080.0,0,0
3,113.37,2.559,253.5,6.268,1815,23097.4,0,0
3,113.47,2.457,242.09,5.961,1790,23114.8,0,0
3,113.66,2.597,235.79,6.253,1765,23132.2,0,0
3,113.96,2.493,225.18,6.559,1790,23149.6,0,0
3,114.34,2.633,215.04,6.238,1815,23167.0,0,0
3,114.79,2.718,224.72,5.932,1790,23184.4,0,0
3,115.31,2.864,214.61,6.223,1815,23201.8,0,0
3,115.88,3.013,204.95,6.528,1790,23219.1,0,0
3,116.48,3.164,198.91,6.848,1765,23236.5,0,0
3,113.08,3.013,189.96,6.512,1740,23253.9,0,0
3,111.74,3.153,198.5,6.831,1765,23271.3,0,0
3,112.29,3.142,198.5,6.831,1765,23288.7,0,0
3,112.8,3.127,198.5,6.831,1765,23306.1,0,0
3,113.25,3.107,198.5,6.831,1765,23323.5,0,0
3,113.64,3.084,198.5,6.831,1765,23340.9,0,0
3,113.94,3.059,198.5,6.831,1765,23358.3,0,0
3,114.16,3.033,198.5,6.831,1765,23375.7,0,0
3,114.27,3.007,198.5,6.831,1765,23393.1,0,0
3,110.17,2.839,207.44,7.166,1790,23410.5,0,0
3,110.09,2.683,198.1,6.815,1815,23427.9,0,0
3,109.92,2.538,197.73,7.149,1790,23445.3,0,0
3,109.66,2.647,206.63,7.499,1765,23462.6,0,0
3,109.31,2.766,215.93,7.866,1740,23480.0,0,0
3,104.83,2.63,218.96,8.206,1765,23497.4,0,0
3,108.42,2.505,209.1,7.804,1740,23514.8,0,0
3,111.94,2.633,218.51,8.187,1715,23532.2,0,0
3,111.38,2.772,208.68,8.588,1690,23549.6,0,0
3,110.8,2.655,199.29,9.009,1715,23567.0,0,0
3,110.23,2.546,190.32,9.45,1740,23584.4,0,0
3,109.68,2.443,198.89,9.913,1765,23601.8,0,0
3,109.16,2.568,207.84,10.399,1740,23619.2,0,0
3,108.71,2.715,198.48,9.889,1715,23636.6,0,0
3,108.32,2.869,204.89,10.374,1740,23654.0,0,0
3,108.01,3.03,202.4,9.866,1765,23671.4,0,0
3,107.79,3.105,193.29,10.025,1740,23688.7,0,0
3,107.67,2.971,184.59,9.533,1765,23706.1,0,0
3,107.64,3.125,192.9,9.066,1790,23723.5,0,0
3,103.84,3.281,184.22,8.622,1765,23740.9,0,0
3,104.0,3.282,184.22,8.622,1765,23758.3,0,0
3,104.26,3.276,184.22,8.622,1765,23775.7,0,0
3,104.6,3.265,184.22,8.622,1765,23793.1,0,0
3,105.01,3.248,184.22,8.622,1765,23810.5,0,0
3,105.48,3.228,184.22,8.622,1765,23827.9,0,0
3,102.03,3.357,175.93,8.694,1790,23845.3,0,0
3,102.55,3.17,183.85,9.12,1815,23862.7,0,0
3,103.09,2.992,183.06,8.673,1790,23880.1,0,0
3,103.62,2.824,174.82,8.248,1815,23897.5,0,0
3,104.13,2.666,182.69,8.652,1840,23914.9,0,0
3,104.61,2.647,182.69,8.652,1840,23932.2,0,0
3,105.04,2.63,182.69,8.652,1840,23949.6,0,0
3,105.41,2.618,182.69,8.652,1840,23967.0,0,0
3,105.7,2.611,182.69,8.652,1840,23984.4,0,0
3,105.91,2.608,182.69,8.652,1840,24001.8,0,0
3,110.15,2.736,190.91,9.076,1815,24019.2,0,0
3,114.29,2.831,187.98,8.631,1840,24036.6,0,0
3,114.22,2.707,196.43,8.208,1865,24054.0,0,0
3,114.06,2.593,205.27,7.806,1840,24071.4,0,0
3,113.8,2.487,196.04,7.424,1865,24088.8,0,0
3,113.45,2.628,199.95,7.627,1840,24106.2,0,0
3,113.03,2.524,190.95,7.254,1815,24123.6,0,0
3,112.54,2.554,185.98,7.577,1840,24141.0,0,0
3,112.01,2.616,194.35,7.948,1865,24158.4,0,0
3,111.45,2.762,203.1,7.558,1890,24175.7,0,0
3,110.87,2.914,212.24,7.929,1865,24193.1,0,0
3,110.3,2.788,202.69,8.211,1890,24210.5,0,0
3,109.74,2.663,211.81,8.613,1865,24227.9,0,0
3,109.23,2.639,202.28,8.191,1840,24245.3,0,0
3,108.76,2.766,193.17,7.79,1865,24262.7,0,0
3,104.46,2.628,190.06,7.408,1890,24280.1,0,0
3,104.15,2.744,198.61,7.771,1865,24297.5,0,0
3,103.93,2.861,207.55,8.152,1840,24314.9,0,0
3,103.79,2.979,198.21,8.551,1815,24332.3,0,0
3,103.76,2.814,207.13,8.97,1840,24349.7,0,0
3,103.82,2.657,197.81,8.531,1815,24367.1,0,0
3,103.98,2.761,198.53,8.113,1790,24384.5,0,0
3,104.22,2.868,207.46,8.51,1815,24401.8,0,0
3,100.64,2.709,216.8,8.093,1840,24419.2,0,0
3,104.96,2.56,207.04,8.49,1815,24436.6,0,0
3,105.42,2.667,197.73,8.655,1840,24454.0,0,0
3,105.93,2.527,206.62,9.079,1865,24471.4,0,0
3,106.47,2.642,197.33,9.524,1890,24488.8,0,0
3,107.02,2.513,206.21,9.057,1865,24506.2,0,0
3,107.58,2.637,215.48,9.501,1890,24523.6,0,0
3,104.07,2.772,205.79,9.035,1865,24541.0,0,0
3,108.62,2.919,202.91,8.593,1890,24558.4,0,0
3,105.79,3.078,193.78,8.172,1865,24575.8,0,0
3,106.16,3.194,185.06,7.771,1840,24593.2,0,0
3,106.47,3.375,193.39,8.152,1865,24610.6,0,0
3,106.69,3.241,201.59,7.753,1840,24628.0,0,0
3,106.82,3.112,192.52,7.373,1815,24645.3,0,0
3,106.86,2.987,183.86,7.011,1840,24662.7,0,0
3,106.81,3.154,192.13,7.355,1865,24680.1,0,0
3,106.66,3.021,183.48,6.995,1840,24697.5,0,0
3,110.53,2.89,175.23,6.652,1815,24714.9,0,0
3,114.3,3.039,167.34,6.326,1840,24732.3,0,0
3,113.88,2.897,174.87,6.016,1815,24749.7,0,0
3,113.4,2.979,167.0,5.721,1790,24767.1,0,0
3,112.87,2.83,159.49,6.001,1815,24784.5,0,0
3,112.31,2.687,152.31,5.707,1790,24801.9,0,0
3,111.73,2.801,159.17,5.428,1765,24819.3,0,0
3,111.15,2.649,166.33,5.694,1747,24836.7,0,0
3,114.54,2.754,158.84,5.415,1772,24854.1,0,0
3,114.0,2.863,165.99,5.208,1797,24871.4,0,0
3,113.51,2.974,158.52,5.463,1822,24888.8,0,0
3,113.08,2.807,165.66,5.731,1847,24906.2,0,0
3,112.74,2.681,158.2,5.45,1872,24923.6,0,0
3,112.48,2.723,156.05,5.183,1847,24941.0,0,0
3,112.33,2.837,149.03,4.929,1822,24958.4,0,0
3,112.28,2.689,147.78,5.17,1797,24975.8,0,0
3,112.33,2.553,154.43,5.424,1772,24993.2,0,0
3,112.49,2.429,161.38,5.158,1747,25010.6,0,0
3,112.74,2.55,154.11,5.411,1758,25028.0,0,0
3,113.09,2.435,161.05,5.146,1783,25045.4,0,0
3,113.51,2.565,153.8,4.893,1758,25062.8,0,0
3,114.01,2.457,160.72,4.654,1733,25080.2,0,0
3,117.41,2.595,167.95,4.882,1758,25097.6,0,0
3,114.03,2.668,160.4,4.642,1783,25114.9,0,0
3,110.62,2.655,153.18,4.603,1758,25132.3,0,0
3,111.2,2.806,147.12,4.829,1733,25149.7,0,0
3,111.76,2.693,153.74,5.065,1758,25167.1,0,0
3,112.28,2.843,160.66,5.314,1783,25184.5,0,0
3,112.75,2.998,153.43,5.053,1808,25201.9,0,0
3,113.16,2.868,160.33,4.806,1783,25219.3,0,0
3,113.5,2.843,153.12,5.041,1808,25236.7,0,0
3,109.63,2.71,160.01,5.288,1833,25254.1,0,0
3,109.78,2.839,167.21,5.547,1858,25271.5,0,0
3,109.84,2.697,159.68,5.819,1883,25288.9,0,0
3,109.79,2.815,166.87,5.534,1908,25306.3,0,0
3,109.66,2.934,174.38,5.263,1883,25323.7,0,0
3,109.43,3.054,169.02,5.521,1858,25341.0,0,0
3,113.21,3.176,161.41,5.791,1883,25358.4,0,0
3,112.8,3.149,161.41,5.791,1883,25375.8,0,0
3,112.33,3.122,161.41,5.791,1883,25393.2,0,0
3,111.82,3.096,161.41,5.791,1883,25410.6,0,0
3,111.26,3.071,161.41,5.791,1883,25428.0,0,0
3,114.69,3.196,154.15,5.651,1858,25445.4,0,0
3,114.09,3.078,161.09,5.375,1883,25462.8,0,0
3,113.51,2.918,168.34,5.638,1858,25480.2,0,0
3,112.97,2.772,160.76,5.515,1883,25497.6,0,0
3,112.47,2.903,167.99,5.786,1858,25515.0,0,0
3,115.95,3.048,169.22,5.502,1883,25532.4,0,0
3,115.59,2.911,161.61,5.772,1858,25549.8,0,0
3,115.32,3.067,167.12,6.055,1883,25567.2,0,0
3,103.63,2.265,159.6,6.351,1858,25584.5,1,0
3,115.08,3.26,159.6,6.351,1858,25601.9,0,0
3,115.12,3.287,159.6,6.351,1858,25619.3,0,0
3,115.27,3.316,159.6,6.351,1858,25636.7,0,0
3,115.52,3.345,159.6,6.351,1858,25654.1,0,0
3,115.86,3.372,159.6,6.351,1858,25671.5,0,0
3,116.29,3.396,159.6,6.351,1858,25688.9,0,0
3,112.85,3.58,166.78,6.663,1833,25706.3,0,0
3,113.38,3.424,174.28,6.989,1808,25723.7,0,0
3,113.95,3.599,182.13,7.331,1833,25741.1,0,0
3,114.55,3.43,173.93,7.691,1858,25758.5,0,0
3,115.14,3.264,181.76,7.314,1833,25775.9,0,0
3,115.73,3.1,189.94,7.672,1827,25793.3,0,0
3,116.27,2.939,183.99,7.296,1802,25810.6,0,0
3,116.77,3.062,192.27,6.939,1777,25828.0,0,0
3,117.21,2.895,200.92,7.279,1802,25845.4,0,0
3,113.46,3.011,200.82,7.635,1777,25862.8,0,0
3,113.72,2.842,191.78,8.01,1802,25880.2,0,0
3,113.89,2.953,200.41,7.617,1777,25897.6,0,0
3,113.95,2.787,191.39,7.244,1802,25915.0,0,0
3,113.92,2.633,182.78,7.599,1827,25932.4,0,0
3,113.79,2.74,191.01,7.971,1802,25949.8,0,0
3,113.57,2.855,199.6,8.362,1777,25967.2,0,0
3,113.25,2.839,190.62,7.952,1752,25984.6,0,0
3,112.86,2.697,199.2,7.562,1777,26002.0,0,0
3,112.4,2.696,199.2,7.562,1777,26019.4,0,0
3,111.88,2.701,199.2,7.562,1777,26036.8,0,0
3,111.33,2.711,199.2,7.562,1777,26054.1,0,0
3,110.76,2.725,199.2,7.562,1777,26071.5,0,0
3,110.18,2.744,199.2,7.562,1777,26088.9,0,0
3,112.69,2.632,208.16,7.352,1802,26106.3,0,0
3,112.14,2.782,206.9,6.992,1777,26123.7,0,0
3,111.64,2.941,197.59,6.649,1752,26141.1,0,0
3,111.21,2.824,206.48,6.323,1727,26158.5,0,0
3,110.85,2.71,197.19,6.013,1752,26175.9,0,0
3,110.58,2.598,206.06,6.308,1777,26193.3,0,0
3,110.4,2.488,196.79,5.999,1752,26210.7,0,0
3,109.47,2.619,193.85,5.705,1727,26228.1,0,0
3,109.5,2.626,193.85,5.705,1727,26245.5,0,0
3,109.63,2.629,193.85,5.705,1727,26262.9,0,0
3,109.85,2.627,193.85,5.705,1727,26280.3,0,0
3,110.17,2.62,193.85,5.705,1727,26297.6,0,0
3,110.56,2.609,193.85,5.705,1727,26315.0,0,0
3,111.03,2.594,193.85,5.705,1727,26332.4,0,0
3,111.55,2.576,193.85,5.705,1727,26349.8,0,0
3,116.09,2.678,185.13,5.985,1702,26367.2,0,0
3,116.69,2.545,193.46,6.278,1677,26384.6,0,0
3,117.3,2.402,184.75,6.586,1652,26402.0,0,0
3,117.89,2.496,176.44,6.908,1677,26419.4,0,0
3,118.46,2.358,184.38,7.247,1702,26436.8,0,0
3,118.97,2.229,192.67,7.602,1727,26454.2,0,0
3,119.42,2.324,185.95,7.974,1752,26471.6,0,0
3,119.8,2.426,194.32,8.365,1777,26489.0,0,0
3,115.97,2.537,203.06,7.955,1802,26506.4,0,0
3,116.16,2.659,212.2,8.345,1777,26523.7,0,0
3,116.24,2.537,202.65,8.754,1795,26541.1,0,0
3,116.22,2.668,193.53,9.183,1770,26558.5,0,0
3,116.1,2.554,184.83,9.633,1795,26575.9,0,0
3,115.88,2.448,193.14,9.161,1770,26593.3,0,0
3,115.57,2.586,184.45,8.712,1795,26610.7,0,0
3,119.26,2.733,192.75,9.139,1820,26628.1,0,0
3,114.71,2.889,201.42,9.587,1795,26645.5,0,0
3,110.18,3.021,192.36,9.117,1770,26662.9,0,0
3,109.64,3.191,201.02,8.67,1795,26680.3,0,0
3,109.08,3.286,197.79,9.095,1820,26697.7,0,0
3,108.51,3.422,188.89,8.649,1795,26715.1,0,0
3,107.96,3.602,197.39,9.073,1820,26732.5,0,0
3,107.43,3.438,206.28,9.518,1845,26749.9,0,0
3,105.1,3.606,215.56,9.984,1870,26767.2,0,0
3,104.68,3.429,205.86,9.495,1895,26784.6,0,0
3,104.33,3.256,196.59,9.03,1920,26802.0,0,0
3,104.06,3.397,187.75,8.587,1945,26819.4,0,0
3,103.89,3.215,196.2,8.166,1920,26836.8,0,0
3,99.92,3.039,205.03,7.766,1895,26854.2,0,0
3,103.81,3.159,195.8,8.147,1870,26871.6,0,0
3,100.04,3.063,186.99,8.195,1895,26889.0,0,0
3,100.23,3.14,178.57,7.793,1920,26906.4,0,0
3,100.51,2.965,170.54,8.064,1895,26923.8,0,0
3,100.86,2.801,178.21,8.459,1920,26941.2,0,0
3,101.28,2.721,186.23,8.731,1945,26958.6,0,0
3,101.75,2.576,193.6,8.303,1920,26976.0,0,0
3,102.26,2.69,202.31,8.71,1945,26993.3,0,0
3,102.79,2.557,193.2,8.283,1970,27010.7,0,0
3,107.34,2.68,201.9,8.689,1945,27028.1,0,0
3,107.89,2.557,196.29,8.263,1970,27045.5,0,0
3,108.41,2.69,187.46,8.668,1945,27062.9,0,0
3,108.89,2.575,195.89,8.244,1921,27080.3,0,0
3,109.31,2.469,204.71,8.648,1896,27097.7,0,0
3,109.66,2.369,195.49,8.224,1871,27115.1,0,0
3,109.93,2.504,186.7,8.627,1896,27132.5,0,0
3,110.12,2.404,195.1,9.049,1921,27149.9,0,0
3,106.09,2.541,186.32,9.373,1896,27167.3,0,0
3,110.2,2.464,177.93,8.998,1871,27184.7,0,0
3,110.1,2.601,169.93,9.439,1846,27202.1,0,0
3,109.9,2.586,177.57,9.902,1821,27219.5,0,0
3,109.62,2.721,169.58,9.416,1846,27236.8,0,0
3,109.25,2.859,177.21,8.955,1821,27254.2,0,0
3,108.82,2.723,169.24,8.632,1846,27271.6,0,0
3,108.34,2.59,176.86,8.209,1821,27289.0,0,0
3,107.81,2.706,168.9,7.807,1834,27306.4,0,0
3,107.26,2.626,166.79,8.189,1859,27323.8,0,0
3,110.69,2.735,174.3,7.788,1861,27341.2,0,0
3,110.13,2.808,166.45,7.761,1836,27358.6,0,0
3,109.58,2.652,173.94,8.141,1861,27376.0,0,0
3,109.08,2.755,181.77,7.742,1886,27393.4,0,0
3,108.64,2.863,173.59,7.363,1861,27410.8,0,0
3,108.27,2.703,181.4,7.724,1886,27428.2,0,0
3,107.98,2.553,189.57,8.102,1861,27445.6,0,0
3,107.79,2.415,181.04,7.705,1886,27462.9,0,0
3,107.69,2.287,172.89,7.328,1861,27480.3,0,0
3,107.69,2.203,165.11,6.969,1836,27497.7,0,0
3,107.79,2.094,172.54,7.31,1811,27515.1,0,0
3,107.99,2.196,164.77,6.952,1786,27532.5,0,0
3,108.28,2.148,172.19,7.292,1761,27549.9,0,0
3,108.65,2.261,179.94,6.935,1736,27567.3,0,0
3,109.09,2.383,188.04,7.275,1761,27584.7,0,0
3,109.59,2.515,179.57,6.918,1786,27602.1,0,0
3,110.13,2.532,171.49,6.579,1761,27619.5,0,0
3,110.7,2.676,163.78,6.902,1786,27636.9,0,0
3,115.29,2.829,171.15,6.564,1761,27654.3,0,0
3,119.91,2.99,178.85,6.885,1736,27671.7,0,0
3,120.49,3.158,186.9,7.223,1761,27689.1,0,0
3,121.03,3.027,195.31,6.869,1786,27706.4,0,0
3,121.51,2.897,186.52,7.205,1783,27723.8,0,0
3,121.91,3.049,194.91,6.852,1808,27741.2,0,0
3,122.23,3.202,186.14,7.188,1833,27758.6,0,0
3,122.45,3.05,194.52,6.836,1858,27776.0,0,0
3,122.56,3.013,185.76,6.501,1883,27793.4,0,0
3,122.56,2.859,177.4,6.819,1884,27810.8,0,0
3,122.46,2.709,185.39,7.154,1909,27828.2,0,0
3,126.37,2.822,193.73,7.504,1884,27845.6,0,0
3,126.05,2.936,202.45,7.136,1859,27863.0,0,0
3,125.65,3.052,193.34,7.486,1884,27880.4,0,0
3,125.16,2.88,202.04,7.853,1909,27897.8,0,0
3,124.61,2.993,192.94,7.468,1884,27915.2,0,0
3,124.01,2.825,184.26,7.834,1859,27932.5,0,0
3,123.38,2.669,192.55,8.218,1834,27949.9,0,0
3,122.74,2.525,183.89,7.815,1809,27967.3,0,0
3,122.11,2.633,192.16,7.432,1784,27984.7,0,0
3,117.55,2.499,200.81,7.068,1759,28002.1,0,0
3,113.08,2.615,209.85,6.722,1784,28019.5,0,0
3,112.61,2.742,200.4,6.392,1766,28036.9,0,0
3,112.22,2.881,191.39,6.079,1782,28054.3,0,0
3,111.91,2.754,200.0,6.377,1807,28071.7,0,0
3,111.69,2.904,191.0,6.065,1832,28089.1,0,0
3,111.58,2.784,199.59,5.767,1857,28106.5,0,0
3,111.56,2.672,190.61,5.485,1832,28123.9,0,0
3,111.65,2.566,182.03,5.754,1857,28141.3,0,0
3,111.85,2.464,173.84,5.472,1882,28158.7,0,0
3,112.13,2.604,181.67,5.204,1857,28176.0,0,0
3,112.51,2.75,173.49,5.459,1832,28193.4,0,0
3,112.96,2.635,181.3,5.726,1857,28210.8,0,0
3,113.47,2.619,173.14,5.445,1832,28228.2,0,0
3,114.03,2.502,165.35,5.712,1857,28245.6,0,0
3,114.62,2.628,157.91,5.432,1882,28263.0,0,0
3,115.21,2.755,165.01,5.166,1907,28280.4,0,0
3,115.81,2.619,157.59,4.913,1915,28297.8,0,0
3,120.42,2.735,164.68,5.154,1940,28315.2,0,0
3,116.98,2.591,172.09,5.406,1965,28332.6,0,0
3,115.14,2.452,164.35,5.671,1940,28350.0,0,0
3,119.62,2.55,171.74,5.949,1915,28367.4,0,0
3,117.88,2.408,179.47,6.241,1897,28384.8,0,0
3,122.21,2.502,171.39,6.546,1922,28402.1,0,0
3,122.34,2.599,179.11,6.867,1911,28419.5,0,0
3,122.36,2.454,187.17,7.204,1886,28436.9,0,0
3,122.27,2.553,195.59,7.557,1911,28454.3,0,0
3,122.08,2.659,204.39,7.663,1886,28471.7,0,0
3,121.79,2.519,213.59,7.839,1861,28489.1,0,0
3,121.41,2.391,203.98,7.455,1836,28506.5,0,0
3,120.3,2.273,194.8,7.089,1861,28523.9,0,0
3,119.77,2.275,194.8,7.089,1861,28541.3,0,0
3,119.2,2.281,194.8,7.089,1861,28558.7,0,0
3,118.6,2.291,194.8,7.089,1861,28576.1,0,0
3,117.99,2.305,194.8,7.089,1861,28593.5,0,0
3,117.38,2.322,194.8,7.089,1861,28610.9,0,0
3,116.79,2.341,194.8,7.089,1861,28628.3,0,0
3,116.24,2.361,194.8,7.089,1861,28645.6,0,0
3,115.76,2.382,194.8,7.089,1861,28663.0,0,0
3,113.38,2.286,203.56,7.437,1836,28680.4,0,0
3,116.95,2.193,194.4,7.072,1811,28697.8,0,0
3,112.82,2.314,203.15,7.419,1836,28715.2,0,0
3,108.81,2.214,212.29,7.055,1811,28732.6,0,0
3,108.79,2.329,202.74,7.401,1786,28750.0,0,0
3,108.86,2.445,193.62,7.764,1811,28767.4,0,0
3,109.04,2.328,202.33,8.144,1836,28784.8,0,0
3,109.31,2.435,197.78,7.745,1861,28802.2,0,0
3,109.66,2.544,188.88,8.125,1836,28819.6,0,0
3,110.09,2.652,197.38,8.523,1841,28837.0,0,0
3,110.58,2.762,188.5,8.105,1866,28854.4,0,0
3,111.12,2.873,180.01,7.708,1841,28871.8,0,0
3,107.71,2.712,186.84,8.086,1866,28889.1,0,0
3,104.27,2.56,195.25,8.482,1841,28906.5,0,0
3,104.81,2.538,195.25,8.482,1841,28923.9,0,0
3,105.33,2.517,195.25,8.482,1841,28941.3,0,0
3,105.81,2.499,195.25,8.482,1841,28958.7,0,0
3,106.24,2.483,195.25,8.482,1841,28976.1,0,0
3,106.61,2.472,195.25,8.482,1841,28993.5,0,0
3,106.91,2.465,195.25,8.482,1841,29010.9,0,0
3,107.12,2.462,195.25,8.482,1841,29028.3,0,0
3,107.24,2.465,195.25,8.482,1841,29045.7,0,0
3,103.15,2.591,186.46,8.066,1866,29063.1,0,0
3,107.2,2.478,194.86,8.461,1841,29080.5,0,0
3,107.05,2.613,203.62,8.876,1816,29097.9,0,0
3,106.8,2.656,194.46,8.441,1791,29115.2,0,0
3,106.48,2.806,185.71,8.027,1766,29132.6,0,0
3,106.08,2.966,194.07,8.421,1791,29150.0,0,0
3,105.63,2.848,185.33,8.008,1816,29167.4,0,0
3,105.13,3.01,193.67,7.616,1841,29184.8,0,0
3,108.62,2.887,202.39,7.989,1866,29202.2,0,0
3,108.06,2.766,193.28,7.597,1891,29219.6,0,0
3,96.75,2.039,201.98,7.225,1866,29237.0,1,0
3,106.96,2.924,201.98,7.225,1866,29254.4,0,0
3,106.45,2.929,201.98,7.225,1866,29271.8,0,0
3,106.0,2.928,201.98,7.225,1866,29289.2,0,0
3,105.61,2.923,201.98,7.225,1866,29306.6,0,0
3,105.3,2.912,201.98,7.225,1866,29324.0,0,0
3,105.07,2.897,201.98,7.225,1866,29341.4,0,0
3,108.82,2.797,210.94,6.871,1841,29358.7,0,0
3,108.78,2.909,201.45,7.152,1816,29376.1,0,0
3,108.85,3.024,210.51,7.502,1791,29393.5,0,0
3,109.01,3.142,201.04,7.448,1766,29410.9,0,0
3,109.27,2.965,210.02,7.311,1776,29428.3,0,0
3,105.7,2.8,206.7,7.636,1801,29445.7,0,0
3,110.04,2.719,216.0,8.01,1826,29463.1,0,0
3,110.52,2.573,206.28,8.402,1801,29480.5,0,0
3,111.05,2.439,215.56,8.814,1776,29497.9,0,0
3,111.62,2.316,205.86,8.382,1801,29515.3,0,0
3,112.2,2.203,196.6,8.793,1826,29532.7,0,0
3,114.17,2.099,187.75,8.362,1851,29550.1,0,0
3,118.78,2.207,196.2,8.772,1876,29567.5,0,0
3,119.33,2.218,196.2,8.772,1876,29584.8,0,0
3,119.83,2.232,196.2,8.772,1876,29602.2,0,0
3,120.25,2.248,196.2,8.772,1876,29619.6,0,0
3,120.6,2.267,196.2,8.772,1876,29637.0,0,0
3,120.85,2.287,196.2,8.772,1876,29654.4,0,0
3,121.0,2.306,196.2,8.772,1876,29671.8,0,0
3,121.05,2.325,196.2,8.772,1876,29689.2,0,0
3,116.87,2.455,205.03,8.342,1901,29706.6,0,0
3,116.71,2.423,214.25,8.751,1926,29724.0,0,0
3,116.46,2.462,223.9,8.752,1951,29741.4,0,0
3,116.11,2.589,213.82,8.323,1926,29758.8,0,0
3,115.69,2.468,223.44,8.731,1951,29776.2,0,0
3,115.2,2.586,213.39,8.303,1926,29793.6,0,0
3,114.66,2.704,203.78,7.896,1901,29811.0,0,0
3,114.09,2.824,194.61,7.509,1876,29828.3,0,0
3,113.5,2.943,185.86,7.141,1901,29845.7,0,0
3,112.91,2.783,194.22,6.791,1876,29863.1,0,0
3,112.34,2.63,185.48,6.459,1851,29880.5,0,0
3,111.81,2.483,177.13,6.775,1876,29897.9,0,0
3,111.32,2.579,185.1,7.107,1851,29915.3,0,0
3,110.91,2.434,193.43,7.455,1826,29932.7,0,0
3,110.57,2.531,202.14,7.821,1851,29950.1,0,0
3,106.43,2.633,211.24,8.204,1834,29967.5,0,0
3,102.4,2.492,201.73,8.034,1859,29984.9,0,0
3,98.48,2.364,192.65,7.641,1834,30002.3,0,0
3,102.4,2.471,201.32,7.266,1809,30019.7,0,0
3,102.55,2.469,201.32,7.266,1809,30037.1,0,0
3,102.78,2.473,201.32,7.266,1809,30054.4,0,0
3,103.09,2.481,201.32,7.266,1809,30071.8,0,0
3,103.48,2.493,201.32,7.266,1809,30089.2,0,0
3,103.93,2.509,201.32,7.266,1809,30106.6,0,0
3,100.47,2.407,192.26,6.91,1834,30124.0,0,0
3,100.98,2.543,190.67,6.572,1859,30141.4,0,0
3,101.51,2.442,199.25,6.894,1884,30158.8,0,0
3,102.03,2.582,190.28,7.231,1859,30176.2,0,0
3,102.55,2.478,198.84,6.877,1839,30193.6,0,0
3,103.03,2.616,189.9,7.214,1814,30211.0,0,0
3,107.54,2.506,181.35,6.861,1789,30228.4,0,0
3,112.02,2.638,189.51,7.197,1804,30245.8,0,0
3,112.35,2.52,198.04,7.549,1779,30263.2,0,0
3,112.6,2.644,206.95,7.919,1804,30280.6,0,0
3,112.75,2.516,197.64,8.307,1829,30297.9,0,0
3,112.81,2.631,206.53,7.9,1811,30315.3,0,0
3,112.76,2.495,215.83,8.287,1836,30332.7,0,0
3,112.62,2.362,225.54,8.693,1861,30350.1,0,0
3,112.39,2.459,215.39,8.268,1886,30367.5,0,0
3,112.07,2.557,205.7,8.673,1861,30384.9,0,0
3,111.67,2.414,214.95,9.098,1886,30402.3,0,0
3,107.14,2.278,224.63,8.652,1911,30419.7,0,0
3,102.61,2.15,214.52,8.228,1886,30437.1,0,0
3,102.1,2.236,204.86,7.825,1911,30454.5,0,0
3,101.57,2.327,208.94,7.441,1936,30471.9,0,0
3,101.04,2.202,218.34,7.806,1941,30489.3,0,0
3,100.53,2.088,208.52,7.423,1916,30506.7,0,0
3,100.05,1.983,199.13,7.787,1941,30524.0,0,0
3,99.61,2.05,208.09,7.406,1966,30541.4,0,0
3,103.14,1.954,217.46,7.043,1941,30558.8,0,0
3,106.71,2.055,207.67,6.698,1916,30576.2,0,0
3,110.35,1.966,198.33,6.369,1941,30593.6,0,0
3,114.06,1.884,207.12,6.057,1966,30611.0,0,0
3,113.76,1.808,197.8,6.354,1941,30628.4,0,0
3,113.8,1.823,197.8,6.354,1941,30645.8,0,0
3,113.94,1.839,197.8,6.354,1941,30663.2,0,0
3,114.19,1.855,197.8,6.354,1941,30680.6,0,0
3,114.53,1.87,197.8,6.354,1941,30698.0,0,0
3,114.95,1.883,197.8,6.354,1941,30715.4,0,0
3,118.01,1.985,206.7,6.043,1916,30732.8,0,0
3,118.57,1.899,216.0,6.339,1941,30750.2,0,0
3,119.17,1.996,206.28,6.028,1966,30767.5,0,0
3,119.79,2.094,197.0,6.324,1941,30784.9,0,0
3,120.41,1.992,188.13,6.014,1916,30802.3,0,0
3,121.02,2.063,179.67,5.719,1891,30819.7,0,0
3,121.59,2.153,187.75,5.439,1866,30837.1,0,0
3,122.11,2.244,196.2,5.705,1891,30854.5,0,0
3,122.57,2.336,187.37,5.985,1866,30871.9,0,0
3,122.94,2.429,195.8,6.278,1841,30889.3,0,0
3,123.22,2.524,204.61,6.116,1816,30906.7,0,0
3,123.4,2.622,213.82,6.416,1841,30924.1,0,0
3,123.48,2.475,204.2,6.102,1816,30941.5,0,0
3,123.44,2.573,195.01,6.4,1841,30958.9,0,0
3,123.3,2.678,203.79,6.713,1816,30976.3,0,0
3,123.06,2.567,212.96,7.042,1791,30993.7,0,0
3,122.72,2.434,203.37,6.697,1766,31011.0,0,0
3,126.37,2.312,194.22,6.369,1791,31028.4,0,0
3,125.85,2.422,202.96,6.681,1816,31045.8,0,0
3,125.28,2.31,193.83,6.354,1841,31063.2,0,0
3,124.66,2.43,202.55,6.042,1816,31080.6,0,0
3,124.02,2.56,211.67,5.746,1841,31098.0,0,0
3,123.38,2.701,202.14,6.028,1816,31115.4,0,0
3,122.75,2.591,211.24,6.323,1794,31132.8,0,0
3,122.15,2.488,201.73,6.013,1769,31150.2,0,0
3,117.68,2.389,192.65,6.308,1794,31167.6,0,0
3,117.22,2.525,183.98,6.617,1819,31185.0,0,0
3,116.84,2.423,192.26,6.941,1844,31202.4,0,0
3,116.56,2.557,183.61,6.601,1869,31219.8,0,0
3,116.37,2.449,182.49,6.925,1894,31237.1,0,0
3,116.29,2.578,190.7,7.264,1919,31254.5,0,0
3,116.32,2.709,199.28,7.62,1894,31271.9,0,0
3,116.45,2.582,190.31,7.993,1919,31289.3,0,0
3,116.69,2.696,181.75,8.385,1944,31306.7,0,0
3,113.12,2.56,189.93,8.796,1919,31324.1,0,0
3,117.45,2.427,195.87,8.365,1894,31341.5,0,0
3,114.01,2.297,187.05,7.955,1919,31358.9,0,0
3,114.54,2.391,195.47,8.345,1894,31376.3,0,0
3,115.12,2.486,188.61,7.936,1869,31393.7,0,0
3,115.71,2.346,197.1,8.325,1894,31411.1,0,0
3,116.32,2.353,205.97,8.733,1919,31428.5,0,0
3,116.91,2.221,196.7,9.083,1894,31445.9,0,0
3,117.47,2.309,192.68,9.528,1919,31463.3,0,0
3,122.05,2.183,201.36,9.061,1944,31480.6,0,0
3,122.51,2.22,192.29,8.617,1919,31498.0,0,0
3,122.9,2.318,183.64,8.195,1894,31515.4,0,0
3,123.19,2.202,175.38,8.597,1869,31532.8,0,0
3,123.39,2.096,183.27,9.018,1894,31550.2,0,0
3,123.47,2.201,175.02,8.576,1919,31567.6,0,0
3,123.45,2.316,182.9,8.72,1944,31585.0,0,0
3,123.32,2.217,174.67,8.292,1919,31602.4,0,0
3,123.09,2.232,174.67,8.292,1919,31619.8,0,0
3,122.76,2.249,174.67,8.292,1919,31637.2,0,0
3,122.35,2.268,174.67,8.292,1919,31654.6,0,0
3,121.86,2.288,174.67,8.292,1919,31672.0,0,0
3,121.31,2.308,174.67,8.292,1919,31689.4,0,0
3,120.71,2.326,174.67,8.292,1919,31706.7,0,0
3,120.1,2.23,182.53,8.466,1894,31724.1,0,0
3,119.47,2.135,174.31,8.383,1869,31741.5,0,0
3,118.86,2.041,182.16,8.794,1894,31758.9,0,0
3,118.28,2.145,189.14,8.363,1919,31776.3,0,0
3,117.75,2.081,197.65,7.953,1944,31793.7,0,0
3,113.36,2.179,206.55,8.343,1969,31811.1,0,0
3,112.99,2.173,206.55,8.343,1969,31828.5,0,0
3,112.7,2.163,206.55,8.343,1969,31845.9,0,0
3,112.5,2.151,206.55,8.343,1969,31863.3,0,0
3,112.41,2.136,206.55,8.343,1969,31880.7,0,0
3,112.43,2.119,206.55,8.343,1969,31898.1,0,0
3,112.54,2.101,206.55,8.343,1969,31915.5,0,0
3,112.76,2.082,206.55,8.343,1969,31932.9,0,0
3,113.07,2.065,206.55,8.343,1969,31950.2,0,0
3,117.39,2.147,215.84,8.752,1944,31967.6,0,0
3,117.88,2.133,215.84,8.752,1944,31985.0,0,0
3,118.42,2.122,215.84,8.752,1944,32002.4,0,0
3,119.01,2.114,215.84,8.752,1944,32019.8,0,0
3,119.63,2.11,215.84,8.752,1944,32037.2,0,0
3,120.25,2.111,215.84,8.752,1944,32054.6,0,0
3,120.87,2.115,215.84,8.752,1944,32072.0,0,0
3,121.45,2.226,220.84,9.18,1919,32089.4,0,0
3,121.99,2.346,210.91,9.63,1944,32106.8,0,0
3,122.46,2.475,211.93,10.102,1919,32124.2,0,0
3,122.86,2.615,202.39,9.607,1894,32141.6,0,0
3,123.16,2.763,202.74,9.136,1869,32159.0,0,0
3,123.37,2.921,211.01,9.584,1844,32176.3,0,0
3,123.47,3.088,220.51,10.054,1869,32193.7,0,0
3,123.46,2.963,210.58,9.561,1844,32211.1,0,0
3,119.23,3.126,220.06,10.03,1862,32228.5,0,0
3,119.02,3.295,218.26,10.521,1887,32245.9,0,0
3,118.71,3.149,228.08,10.006,1862,32263.3,0,0
3,118.32,3.006,217.82,9.515,1837,32280.7,0,0
3,117.85,3.152,212.93,9.982,1862,32298.1,0,0
3,117.33,3.299,203.34,9.492,1887,32315.5,0,0
3,116.76,3.448,210.05,9.027,1912,32332.9,0,0
3,116.16,3.267,219.51,8.585,1909,32350.3,0,0
3,115.56,3.248,219.51,8.585,1909,32367.7,0,0
3,114.97,3.224,219.51,8.585,1909,32385.1,0,0
3,114.4,3.198,219.51,8.585,1909,32402.5,0,0
3,113.88,3.171,219.51,8.585,1909,32419.8,0,0
3,113.42,3.144,219.51,8.585,1909,32437.2,0,0
3,113.03,3.117,219.51,8.585,1909,32454.6,0,0
3,108.84,3.242,209.63,8.164,1934,32472.0,0,0
3,108.64,3.376,219.06,8.564,1909,32489.4,0,0
3,108.54,3.197,228.92,8.984,1934,32506.8,0,0
3,108.54,3.115,218.62,8.544,1959,32524.2,0,0
3,108.64,3.259,228.46,8.962,1934,32541.6,0,0
3,108.84,3.104,218.18,9.402,1959,32559.0,0,0
3,113.03,2.962,227.99,9.862,1984,32576.4,0,0
3,117.33,3.117,217.73,9.379,1959,32593.8,0,0
3,113.88,3.285,207.94,8.919,1934,32611.2,0,0
3,114.4,3.15,198.58,9.356,1959,32628.6,0,0
3,114.97,3.023,207.52,9.815,1934,32645.9,0,0
3,115.56,3.195,216.85,10.296,1909,32663.3,0,0
3,116.17,3.068,207.1,9.791,1892,32680.7,0,0
3,116.76,3.242,216.41,10.271,1917,32698.1,0,0
3,113.28,3.425,206.68,9.768,1892,32715.5,0,0
3,113.79,3.282,197.38,9.289,1867,32732.9,0,0
3,114.24,3.459,206.26,9.744,1892,32750.3,0,0
3,114.62,3.306,215.54,10.222,1867,32767.7,0,0
3,114.91,3.472,205.84,9.721,1842,32785.1,0,0
3,115.12,3.641,215.1,9.547,1867,32802.5,0,0
3,115.22,3.81,224.78,10.015,1892,32819.9,0,0
3,119.35,3.981,214.67,9.524,1867,32837.3,0,0
3,119.25,4.152,205.01,9.057,1842,32854.7,0,0
3,119.05,3.929,195.78,8.613,1817,32872.1,0,0
3,106.88,2.599,186.97,8.461,1792,32889.4,1,0
3,118.37,3.683,186.97,8.461,1792,32906.8,0,0
3,117.92,3.651,186.97,8.461,1792,32924.2,0,0
3,117.4,3.62,186.97,8.461,1792,32941.6,0,0
3,116.83,3.59,186.97,8.461,1792,32959.0,0,0
3,116.24,3.563,186.97,8.461,1792,32976.4,0,0
3,115.64,3.54,186.97,8.461,1792,32993.8,0,0
3,111.07,3.353,195.39,8.047,1767,33011.2,0,0
3,110.52,3.342,195.39,8.047,1767,33028.6,0,0
3,110.01,3.338,195.39,8.047,1767,33046.0,0,0
3,109.55,3.34,195.39,8.047,1767,33063.4,0,0
3,109.17,3.348,195.39,8.047,1767,33080.8,0,0
3,104.98,3.201,204.18,7.653,1792,33098.2,0,0
3,104.77,3.374,194.99,7.278,1767,33115.6,0,0
3,104.67,3.562,190.16,7.634,1788,33132.9,0,0
3,104.65,3.418,198.72,8.008,1813,33150.3,0,0
3,104.74,3.613,196.5,8.357,1838,33167.7,0,0
3,104.92,3.47,187.66,7.948,1863,33185.1,0,0
3,105.19,3.331,196.1,8.337,1888,33202.5,0,0
3,105.54,3.195,187.28,7.929,1863,33219.9,0,0
3,105.96,3.062,195.7,7.54,1888,33237.3,0,0
3,102.49,2.931,191.07,7.171,1863,33254.7,0,0
3,106.96,2.801,182.47,7.522,1888,33272.1,0,0
3,107.51,2.807,182.47,7.522,1888,33289.5,0,0
3,108.08,2.808,182.47,7.522,1888,33306.9,0,0
3,108.63,2.803,182.47,7.522,1888,33324.3,0,0
3,109.17,2.794,182.47,7.522,1888,33341.7,0,0
3,109.66,2.781,182.47,7.522,1888,33359.0,0,0
3,110.1,2.763,182.47,7.522,1888,33376.4,0,0
3,114.57,2.611,190.68,7.891,1863,33393.8,0,0
3,118.99,2.714,199.26,7.504,1838,33411.2,0,0
3,119.21,2.57,190.29,7.872,1813,33428.6,0,0
3,119.33,2.671,196.47,7.486,1838,33446.0,0,0
3,119.35,2.521,187.63,7.119,1863,33463.4,0,0
3,119.27,2.623,179.18,6.77,1838,33480.8,0,0
3,119.08,2.481,187.25,7.102,1813,33498.2,0,0
3,118.8,2.588,178.82,6.754,1838,33515.6,0,0
3,118.43,2.456,170.78,6.423,1813,33533.0,0,0
3,117.98,2.571,178.46,6.738,1838,33550.4,0,0
3,117.47,2.449,186.49,7.068,1813,33567.8,0,0
3,116.91,2.338,178.1,7.414,1838,33585.2,0,0
3,116.32,2.236,186.11,7.778,1813,33602.5,0,0
3,115.71,2.357,194.49,8.159,1788,33619.9,0,0
3,111.14,2.26,203.24,8.559,1763,33637.3,0,0
3,110.59,2.169,194.09,8.978,1738,33654.7,0,0
3,110.07,2.083,202.83,9.418,1713,33672.1,0,0
3,109.61,2.202,211.96,9.879,1738,33689.5,0,0
3,109.21,2.327,202.42,9.395,1763,33706.9,0,0
3,108.9,2.457,211.53,8.935,1738,33724.3,0,0
3,108.68,2.355,221.05,9.221,1763,33741.7,0,0
3,108.55,2.253,230.99,9.672,1788,33759.1,0,0
3,108.53,2.153,241.39,10.146,1813,33776.5,0,0
3,112.49,2.261,238.46,10.644,1788,33793.9,0,0
3,112.67,2.369,227.73,10.89,1813,33811.3,0,0
3,112.95,2.479,217.48,10.356,1838,33828.6,0,0
3,113.31,2.352,227.27,10.864,1863,33846.0,0,0
3,113.76,2.452,217.04,10.331,1838,33863.4,0,0
3,114.27,2.554,226.75,10.838,1863,33880.8,0,0
3,114.82,2.656,216.55,10.306,1888,33898.2,0,0
3,115.41,2.508,215.37,10.811,1863,33915.6,0,0
3,116.01,2.606,225.06,11.341,1838,33933.0,0,0
3,116.61,2.459,226.34,10.786,1863,33950.4,0,0
3,117.19,2.556,224.99,10.257,1888,33967.8,0,0
3,117.73,2.416,214.87,9.754,1863,33985.2,0,0
3,118.21,2.43,205.2,9.276,1888,34002.6,0,0
3,118.62,2.534,214.43,9.731,1864,34020.0,0,0
3,118.95,2.406,205.58,9.254,1839,34037.4,0,0
3,119.19,2.519,211.37,9.708,1853,34054.8,0,0
3,123.44,2.4,220.88,10.183,1878,34072.1,0,0
3,123.48,2.523,230.82,10.682,1903,34089.5,0,0
3,123.4,2.656,223.5,10.159,1878,34106.9,0,0
3,123.22,2.691,213.44,9.661,1853,34124.3,0,0
3,122.94,2.581,203.83,10.135,1878,34141.7,0,0
3,122.57,2.727,194.66,9.638,1903,34159.1,0,0
3,122.11,2.882,185.9,9.166,1928,34176.5,0,0
3,117.53,2.768,177.54,9.087,1953,34193.9,0,0
3,121.02,2.925,185.53,9.533,1978,34211.3,0,0
3,124.43,2.805,193.87,10.0,1953,34228.7,0,0
3,119.78,2.959,185.15,10.49,1978,34246.1,0,0
3,119.16,3.063,176.82,9.976,1953,34263.5,0,0
3,118.57,3.222,168.86,10.465,1928,34280.9,0,0
3,118.01,3.382,176.46,9.952,1903,34298.2,0,0
3,117.5,3.22,184.4,9.464,1878,34315.6,0,0
3,117.07,3.059,192.7,9.745,1898,34333.0,0,0
3,116.73,2.902,201.37,10.222,1923,34350.4,0,0
3,116.48,3.026,192.31,9.722,1948,34367.8,0,0
3,116.33,3.15,183.65,9.245,1973,34385.2,0,0
3,116.29,3.276,175.39,9.698,1948,34402.6,0,0
3,116.35,3.405,167.5,9.223,1923,34420.0,0,0
3,116.53,3.538,175.03,8.771,1898,34437.4,0,0
3,116.8,3.616,167.16,8.341,1873,34454.8,0,0
3,117.17,3.414,174.68,7.933,1898,34472.2,0,0
3,113.7,3.552,166.82,8.321,1873,34489.6,0,0
3,114.2,3.531,166.82,8.321,1873,34507.0,0,0
3,114.75,3.515,166.82,8.321,1873,34524.4,0,0
3,115.34,3.505,166.82,8.321,1873,34541.7,0,0
3,115.94,3.503,166.82,8.321,1873,34559.1,0,0
3,116.54,3.507,166.82,8.321,1873,34576.5,0,0
3,117.12,3.518,166.82,8.321,1873,34593.9,0,0
3,117.66,3.534,166.82,8.321,1873,34611.3,0,0
3,118.15,3.557,166.82,8.321,1873,34628.7,0,0
3,118.57,3.411,174.33,7.914,1898,34646.1,0,0
3,118.91,3.275,166.48,8.301,1923,34663.5,0,0
3,119.16,3.144,173.97,8.708,1948,34680.9,0,0
3,119.31,3.019,181.8,8.281,1963,34698.3,0,0
3,115.24,3.042,189.98,8.687,1938,34715.7,0,0
3,119.3,3.211,198.53,9.113,1913,34733.1,0,0
3,123.25,3.387,207.47,9.028,1938,34750.5,0,0
3,122.98,3.567,203.22,9.471,1963,34767.8,0,0
3,122.62,3.407,194.08,9.007,1938,34785.2,0,0
3,122.17,3.248,185.34,8.565,1913,34802.6,0,0
3,121.66,3.403,193.68,8.985,1888,34820.0,0,0
3,121.09,3.233,202.4,9.425,1863,34837.4,0,0
3,120.49,3.066,211.51,9.887,1888,34854.8,0,0
3,119.86,2.904,221.03,10.372,1863,34872.2,0,0
3,119.24,2.868,230.97,10.88,1888,34889.6,0,0
3,118.64,2.709,220.58,10.347,1863,34907.0,0,0
3,118.07,2.558,210.65,9.84,1838,34924.4,0,0
3,117.56,2.657,220.13,10.322,1813,34941.8,0,0
3,117.12,2.508,230.04,9.816,1788,34959.2,0,0
3,116.76,2.369,219.69,9.335,1763,34976.6,0,0
3,116.5,2.239,209.8,8.878,1738,34994.0,0,0
3,116.34,2.333,219.24,9.313,1763,35011.3,0,0
3,120.17,2.211,209.38,8.857,1738,35028.7,0,0
3,116.34,2.311,199.95,9.29,1713,35046.1,0,0
3,112.61,2.199,208.95,8.835,1738,35063.5,0,0
3,108.97,2.308,199.55,9.268,1713,35080.9,0,0
3,109.31,2.426,190.57,8.814,1738,35098.3,0,0
3,109.72,2.321,181.99,8.382,1713,35115.7,0,0
3,110.19,2.224,190.18,8.793,1738,35133.1,0,0
3,110.72,2.349,198.74,9.224,1763,35150.5,0,0
3,111.28,2.482,189.8,8.772,1738,35167.9,0,0
3,111.86,2.417,198.34,9.202,1713,35185.3,0,0
3,112.44,2.555,189.41,8.751,1738,35202.7,0,0
3,108.97,2.641,197.94,8.322,1713,35220.1,0,0
3,105.42,2.533,189.03,8.037,1688,35237.4,0,0
3,105.87,2.671,197.54,7.643,1713,35254.8,0,0
3,106.25,2.812,205.16,7.269,1738,35272.2,0,0
3,106.57,2.956,195.93,7.625,1763,35289.6,0,0
3,106.8,2.818,187.11,7.998,1738,35307.0,0,0
3,106.95,2.952,195.53,8.39,1713,35324.4,0,0
3,107.0,2.804,186.73,7.979,1688,35341.8,0,0
3,106.96,2.659,178.33,8.323,1663,35359.2,0,0
3,106.82,2.772,170.31,7.916,1688,35376.6,0,0
3,102.5,2.621,162.64,7.528,1713,35394.0,0,0
3,98.11,2.726,168.5,7.897,1738,35411.4,0,0
3,120.32,3.675,156.08,5.51,1713,35428.8,0,1
3,97.36,2.673,168.16,7.878,1688,35446.2,0,0
3,96.91,2.778,175.73,8.264,1713,35463.6,0,0
3,96.43,2.888,167.82,8.016,1738,35480.9,0,0
3,95.93,2.73,160.27,7.623,1713,35498.3,0,0
3,95.43,2.584,153.06,7.997,1688,35515.7,0,0
3,94.95,2.697,159.94,7.605,1713,35533.1,0,0
3,94.49,2.561,152.75,7.978,1738,35550.5,0,0
3,94.08,2.56,152.75,7.978,1738,35567.9,0,0
3,93.72,2.564,152.75,7.978,1738,35585.3,0,0
3,93.42,2.573,152.75,7.978,1738,35602.7,0,0
3,93.2,2.586,152.75,7.978,1738,35620.1,0,0
3,93.06,2.603,152.75,7.978,1738,35637.5,0,0
3,93.01,2.623,152.75,7.978,1738,35654.9,0,0
3,93.04,2.645,152.75,7.978,1738,35672.3,0,0
3,93.16,2.796,159.62,7.587,1763,35689.7,0,0
3,93.36,2.685,152.44,7.215,1738,35707.1,0,0
3,93.63,2.837,145.58,7.569,1763,35724.4,0,0
3,93.98,2.72,152.13,7.939,1788,35741.8,0,0
3,94.38,2.868,145.28,8.328,1767,35759.2,0,0
3,94.83,3.019,151.82,8.737,1742,35776.6,0,0
3,95.31,3.174,144.99,8.308,1717,35794.0,0,0
3,95.8,3.025,151.51,7.901,1692,35811.4,0,0
3,96.3,3.168,158.33,7.514,1667,35828.8,0,0
3,96.79,3.009,151.64,7.146,1692,35846.2,0,0
3,97.25,2.853,158.47,7.496,1717,35863.6,0,0
3,93.59,2.973,151.33,7.129,1692,35881.0,0,0
3,89.85,3.094,156.5,7.478,1699,35898.4,0,0
3,90.12,2.923,163.54,7.845,1674,35915.8,0,0
3,90.33,3.037,156.18,7.46,1650,35933.2,0,0
3,90.46,2.867,149.16,7.826,1625,35950.5,0,0
3,90.52,2.706,155.87,8.209,1650,35967.9,0,0
3,90.49,2.813,148.85,8.611,1675,35985.3,0,0
3,90.39,2.785,155.55,9.033,1650,36002.7,0,0
3,90.21,2.636,162.55,9.476,1675,36020.1,0,0
3,94.06,2.752,155.24,9.012,1700,36037.5,0,0
3,89.65,2.878,162.22,9.453,1725,36054.9,0,0
3,85.22,2.739,154.92,8.99,1700,36072.3,0,0
3,84.83,2.612,161.89,8.55,1725,36089.7,0,0
3,84.41,2.748,169.18,8.969,1750,36107.1,0,0
3,83.98,2.629,176.79,9.408,1725,36124.5,0,0
3,83.54,2.52,184.75,8.947,1731,36141.9,0,0
3,83.12,2.661,193.06,9.385,1756,36159.3,0,0
3,82.71,2.813,184.37,8.926,1781,36176.7,0,0
3,82.34,2.845,176.08,8.488,1756,36194.0,0,0
3,82.02,2.732,184.0,8.904,1781,36211.4,0,0
3,81.76,2.886,192.28,9.34,1806,36228.8,0,0
3,81.56,3.046,183.63,8.883,1831,36246.2,0,0
3,81.43,2.917,191.89,9.318,1856,36263.6,0,0
3,85.25,2.789,200.53,9.19,1881,36281.0,0,0
3,85.27,2.663,209.55,9.64,1856,36298.4,0,0
3,85.37,2.794,200.12,9.168,1831,36315.8,0,0
3,85.54,2.925,191.11,8.719,1856,36333.2,0,0
3,85.79,3.058,182.51,8.291,1837,36350.6,0,0
3,86.09,3.191,190.73,8.698,1862,36368.0,0,0
3,82.52,3.325,182.14,8.271,1837,36385.4,0,0
3,82.91,3.46,173.95,7.866,1812,36402.8,0,0
3,83.33,3.268,166.12,8.252,1837,36420.1,0,0
3,83.76,3.085,173.6,7.847,1838,36437.5,0,0
3,84.2,2.912,181.41,8.232,1813,36454.9,0,0
3,84.62,2.749,173.24,7.828,1838,36472.3,0,0
3,85.03,2.596,165.45,7.445,1863,36489.7,0,0
3,85.4,2.635,172.89,7.355,1838,36507.1,0,0
3,85.72,2.495,180.67,7.715,1863,36524.5,0,0
3,81.08,1.823,172.54,7.337,1888,36541.9,1,0
3,90.31,2.599,172.54,7.337,1888,36559.3,0,0
3,90.45,2.599,172.54,7.337,1888,36576.7,0,0
3,90.51,2.604,172.54,7.337,1888,36594.1,0,0
3,90.5,2.614,172.54,7.337,1888,36611.5,0,0
3,90.41,2.629,172.54,7.337,1888,36628.9,0,0
3,90.24,2.646,172.54,7.337,1888,36646.3,0,0
3,93.98,2.795,180.31,7.668,1913,36663.6,0,0
3,89.58,2.684,188.42,8.043,1938,36681.0,0,0
3,89.22,2.707,188.42,8.043,1938,36698.4,0,0
3,88.82,2.73,188.42,8.043,1938,36715.8,0,0
3,88.38,2.752,188.42,8.043,1938,36733.2,0,0
3,87.93,2.771,188.42,8.043,1938,36750.6,0,0
3,87.47,2.787,188.42,8.043,1938,36768.0,0,0
3,87.02,2.934,179.94,8.438,1963,36785.4,0,0
3,86.6,3.082,188.04,8.851,1938,36802.8,0,0
3,86.21,2.937,179.58,8.417,1913,36820.2,0,0
3,85.86,2.793,171.5,8.83,1938,36837.6,0,0
3,85.58,2.652,179.21,8.397,1913,36855.0,0,0
3,85.36,2.767,171.15,7.986,1938,36872.4,0,0
3,85.21,2.883,178.85,7.594,1913,36889.7,0,0
3,89.02,3.0,186.9,7.966,1888,36907.1,0,0
3,89.03,3.119,178.49,7.576,1913,36924.5,0,0
3,89.13,2.944,186.52,7.205,1938,36941.9,0,0
3,89.3,3.058,178.13,6.852,1963,36959.3,0,0
3,89.55,3.178,186.14,7.188,1988,36976.7,0,0
3,93.78,3.002,177.77,7.54,2013,36994.1,0,0
3,94.17,2.839,169.77,7.17,1988,37011.5,0,0
3,94.6,2.96,162.13,7.522,2013,37028.9,0,0
3,95.07,3.091,169.42,7.89,2038,37046.3,0,0
3,95.57,3.233,161.8,8.277,2020,37063.7,0,0
3,96.07,3.213,169.08,7.871,1995,37081.1,0,0
3,96.56,3.065,176.69,7.486,2020,37098.5,0,0
3,97.02,2.929,184.64,7.119,2042,37115.9,0,0
3,101.52,3.087,178.36,7.468,2017,37133.2,0,0
3,101.91,3.258,186.38,7.834,1992,37150.6,0,0
3,102.24,3.126,178.0,7.45,2017,37168.0,0,0
3,102.5,3.001,169.99,7.085,2042,37185.4,0,0
3,102.67,3.173,177.64,7.432,2017,37202.8,0,0
3,102.76,3.353,185.63,7.796,1992,37220.2,0,0
3,102.75,3.217,193.98,8.178,2017,37237.6,0,0
3,106.77,3.395,202.71,8.579,1992,37255.0,0,0
3,106.58,3.251,193.59,8.779,1967,37272.4,0,0
3,106.31,3.367,184.88,9.209,1942,37289.8,0,0
3,105.96,3.537,193.2,9.661,1967,37307.2,0,0
3,105.54,3.445,201.89,10.134,1942,37324.6,0,0
3,105.07,3.276,192.81,9.637,1967,37342.0,0,0
3,104.56,3.423,184.13,9.53,1992,37359.3,0,0
3,104.03,3.571,192.42,9.063,2017,37376.7,0,0
3,103.49,3.72,201.08,8.619,2042,37394.1,0,0
3,106.92,3.871,201.23,9.041,2017,37411.5,0,0
3,106.39,3.655,192.18,9.484,1992,37428.9,0,0
3,105.91,3.798,183.53,9.949,2017,37446.3,0,0
3,105.48,3.584,191.79,10.436,1992,37463.7,0,0
3,105.12,3.384,200.42,10.948,2017,37481.1,0,0
3,104.84,3.519,209.44,10.411,1998,37498.5,0,0
3,104.65,3.328,218.86,10.921,1973,37515.9,0,0
3,104.55,3.152,214.6,11.456,1948,37533.3,0,0
3,104.06,3.292,204.94,10.895,1923,37550.7,0,0
3,100.27,3.129,195.72,10.361,1948,37568.1,0,0
3,96.56,3.043,204.53,10.869,1923,37585.5,0,0
3,96.82,3.05,204.53,10.869,1923,37602.8,0,0
3,97.15,3.063,204.53,10.869,1923,37620.2,0,0
3,97.55,3.081,204.53,10.869,1923,37637.6,0,0
3,97.99,3.102,204.53,10.869,1923,37655.0,0,0
3,98.48,3.127,204.53,10.869,1923,37672.4,0,0
3,102.98,3.003,213.73,11.401,1948,37689.8,0,0
3,99.51,3.174,223.35,10.843,1923,37707.2,0,0
3,100.02,3.047,233.4,11.374,1898,37724.6,0,0
3,100.5,2.924,222.9,10.817,1923,37742.0,0,0
3,100.95,3.085,212.87,10.287,1948,37759.4,0,0
3,101.35,2.953,222.44,9.783,1971,37776.8,0,0
3,101.69,3.107,212.43,9.303,1946,37794.2,0,0
3,101.95,3.264,221.99,9.759,1971,37811.6,0,0
3,102.13,3.422,231.98,10.237,1946,37829.0,0,0
3,102.23,3.293,234.31,10.739,1921,37846.3,0,0
3,98.12,3.125,223.76,11.265,1946,37863.7,0,0
3,102.15,3.259,233.83,11.817,1971,37881.1,0,0
3,106.09,3.084,244.36,11.238,1946,37898.5,0,0
3,101.73,2.915,236.36,10.688,1921,37915.9,0,0
3,105.49,2.752,225.72,10.164,1946,37933.3,0,0
3,105.08,2.729,225.72,10.164,1946,37950.7,0,0
3,104.62,2.705,225.72,10.164,1946,37968.1,0,0
3,104.12,2.683,225.72,10.164,1946,37985.5,0,0
3,103.59,2.663,225.72,10.164,1946,38002.9,0,0
3,103.05,2.645,225.72,10.164,1946,38020.3,0,0
3,102.52,2.759,215.57,9.666,1921,38037.7,0,0
3,102.01,2.802,205.87,10.139,1946,38055.1,0,0
3,101.54,2.721,215.13,10.636,1921,38072.4,0,0
3,101.12,2.592,224.81,10.115,1896,38089.8,0,0
3,100.76,2.723,234.93,9.619,1921,38107.2,0,0
3,100.49,2.866,224.36,9.148,1946,38124.6,0,0
3,100.29,2.745,234.45,8.7,1971,38142.0,0,0
3,104.07,2.897,223.9,8.274,1946,38159.4,0,0
3,104.05,2.78,213.83,8.679,1946,38176.8,0,0
3,104.14,2.67,204.2,8.254,1971,38194.2,0,0
3,104.32,2.564,195.01,7.849,1946,38211.6,0,0
3,104.59,2.709,203.79,8.234,1921,38229.0,0,0
3,104.93,2.599,194.62,8.637,1946,38246.4,0,0
3,105.35,2.491,185.86,9.061,1921,38263.8,0,0
3,105.83,2.625,194.23,8.617,1896,38281.2,0,0
3,106.35,2.508,202.97,9.039,1921,38298.6,0,0
3,102.91,2.634,199.91,9.482,1946,38315.9,0,0
3,99.44,2.761,190.91,9.017,1921,38333.3,0,0
3,99.95,2.889,182.32,8.575,1896,38350.7,0,0
3,123.73,3.601,154.12,6.155,1921,38368.1,0,1
3,100.9,2.859,168.71,8.555,1946,38385.5,0,0
3,101.31,2.705,161.12,8.974,1921,38402.9,0,0
3,101.65,2.814,158.93,8.534,1896,38420.3,0,0
3,101.92,2.657,151.78,8.116,1871,38437.7,0,0
3,102.12,2.508,144.95,8.514,1896,38455.1,0,0
3,102.22,2.478,138.43,8.096,1871,38472.5,0,0
3,106.36,2.339,144.66,8.493,1896,38489.9,0,0
3,110.4,2.21,151.17,8.077,1871,38507.3,0,0
3,110.23,2.196,151.17,8.077,1871,38524.7,0,0
3,109.97,2.186,151.17,8.077,1871,38542.0,0,0
3,109.62,2.179,151.17,8.077,1871,38559.4,0,0
3,109.21,2.177,151.17,8.077,1871,38576.8,0,0
3,108.73,2.178,151.17,8.077,1871,38594.2,0,0
3,104.18,2.079,157.97,8.473,1846,38611.6,0,0
3,107.67,2.189,156.81,8.888,1871,38629.0,0,0
3,107.11,2.202,156.81,8.888,1871,38646.4,0,0
3,106.56,2.218,156.81,8.888,1871,38663.8,0,0
3,106.02,2.236,156.81,8.888,1871,38681.2,0,0
3,105.53,2.255,156.81,8.888,1871,38698.6,0,0
3,105.09,2.275,156.81,8.888,1871,38716.0,0,0
3,104.71,2.294,156.81,8.888,1871,38733.4,0,0
3,104.41,2.312,156.81,8.888,1871,38750.8,0,0
3,106.34,2.215,163.87,9.323,1846,38768.2,0,0
3,102.33,2.333,171.24,9.78,1821,38785.5,0,0
3,102.31,2.229,163.54,9.301,1796,38802.9,0,0
3,102.38,2.127,170.9,9.757,1821,38820.3,0,0
3,102.54,2.229,178.59,9.279,1796,38837.7,0,0
3,102.8,2.332,186.62,8.824,1821,38855.1,0,0
3,103.13,2.435,195.02,9.256,1803,38872.5,0,0
3,103.53,2.307,203.8,9.71,1828,38889.9,0,0
3,103.99,2.182,194.63,9.234,1803,38907.3,0,0
3,104.5,2.27,185.87,8.782,1828,38924.7,0,0
3,105.04,2.359,194.23,8.351,1853,38942.1,0,0
3,109.59,2.451,196.46,8.761,1878,38959.5,0,0
3,114.18,2.547,187.62,8.331,1853,38976.9,0,0
3,114.75,2.405,196.06,8.74,1878,38994.3,0,0
3,115.27,2.502,204.88,9.168,1903,39011.6,0,0
3,115.75,2.367,214.1,9.315,1878,39029.0,0,0
3,116.15,2.469,223.74,9.771,1853,39046.4,0,0
3,116.47,2.58,213.67,10.25,1862,39063.8,0,0
3,116.7,2.454,223.28,9.748,1887,39081.2,0,0
3,120.96,2.338,213.24,9.27,1862,39098.6,0,0
3,116.87,2.232,210.09,8.816,1847,39116.0,0,0
3,116.8,2.35,200.64,8.384,1872,39133.4,0,0
3,116.63,2.251,191.61,8.795,1897,39150.8,0,0
3,116.36,2.377,197.29,8.364,1872,39168.2,0,0
3,116.01,2.511,188.41,7.954,1847,39185.6,0,0
3,115.58,2.412,179.93,7.564,1867,39203.0,0,0
3,115.09,2.316,171.84,7.194,1842,39220.4,0,0
3,114.54,2.447,178.39,7.546,1867,39237.8,0,0
3,113.97,2.465,178.39,7.546,1867,39255.1,0,0
3,113.38,2.481,178.39,7.546,1867,39272.5,0,0
3,112.79,2.494,178.39,7.546,1867,39289.9,0,0
3,112.22,2.503,178.39,7.546,1867,39307.3,0,0
3,111.7,2.507,178.39,7.546,1867,39324.7,0,0
3,111.22,2.507,178.39,7.546,1867,39342.1,0,0
3,110.81,2.502,178.39,7.546,1867,39359.5,0,0
3,110.48,2.493,178.39,7.546,1867,39376.9,0,0
3,106.36,2.599,170.37,7.176,1842,39394.3,0,0
3,106.22,2.458,178.03,7.37,1817,39411.7,0,0
3,106.19,2.323,170.02,7.009,1841,39429.1,0,0
3,106.25,2.414,162.37,6.665,1816,39446.5,0,0
3,106.41,2.508,155.06,6.992,1841,39463.9,0,0
3,110.55,2.367,162.04,7.334,1816,39481.2,0,0
3,110.9,2.235,154.75,6.975,1841,39498.6,0,0
3,111.33,2.326,161.71,6.633,1866,39516.0,0,0
3,111.82,2.201,168.99,6.308,1841,39533.4,0,0
3,112.36,2.296,161.39,6.617,1866,39550.8,0,0
3,112.93,2.4,168.65,6.293,1891,39568.2,0,0
3,113.52,2.283,161.06,5.985,1916,39585.6,0,0
3,114.11,2.35,153.81,5.691,1891,39603.0,0,0
3,110.64,2.471,160.73,5.97,1866,39620.4,0,0
3,115.21,2.363,153.5,5.678,1891,39637.8,0,0
3,115.69,2.378,153.5,5.678,1891,39655.2,0,0
3,116.1,2.396,153.5,5.678,1891,39672.6,0,0
3,116.44,2.416,153.5,5.678,1891,39690.0,0,0
3,116.68,2.437,153.5,5.678,1891,39707.4,0,0
3,116.83,2.458,153.5,5.678,1891,39724.7,0,0
3,116.87,2.478,153.5,5.678,1891,39742.1,0,0
3,112.7,2.616,160.41,5.956,1916,39759.5,0,0
3,112.54,2.633,160.41,5.956,1916,39776.9,0,0
3,112.3,2.646,160.41,5.956,1916,39794.3,0,0
3,111.97,2.655,160.41,5.956,1916,39811.7,0,0
3,111.56,2.659,160.41,5.956,1916,39829.1,0,0
3,111.09,2.658,160.41,5.956,1916,39846.5,0,0
3,110.57,2.653,160.41,5.956,1916,39863.9,0,0
3,110.02,2.643,160.41,5.956,1916,39881.3,0,0
3,109.45,2.503,167.63,5.664,1941,39898.7,0,0
3,108.89,2.367,175.17,5.942,1966,39916.1,0,0
3,108.34,2.461,183.05,6.233,1991,39933.5,0,0
3,107.82,2.324,191.29,6.538,1966,39950.9,0,0
3,107.35,2.193,195.83,6.218,1941,39968.2,0,0
3,106.95,2.279,204.64,6.523,1916,39985.6,0,0
3,106.62,2.369,195.43,6.842,1891,40003.0,0,0
3,106.38,2.239,186.64,7.177,1916,40020.4,0,0
3,102.35,2.119,189.11,6.826,1941,40037.8,0,0
3,98.42,2.211,180.6,6.491,1966,40055.2,0,0
3,102.35,2.1,172.48,6.809,1991,40072.6,0,0
3,106.38,2.07,164.71,7.143,2010,40090.0,0,0
3,106.62,2.172,157.3,6.793,1985,40107.4,0,0
3,106.95,2.284,150.22,7.126,1960,40124.8,0,0
3,107.35,2.405,156.98,7.475,1985,40142.2,0,0
3,107.81,2.304,164.05,7.109,2010,40159.6,0,0
3,108.33,2.433,164.74,7.457,1985,40177.0,0,0
3,108.88,2.446,157.33,7.822,1960,40194.3,0,0
3,98.5,1.644,164.4,8.206,1985,40211.7,1,0
3,110.02,2.369,164.4,8.206,1985,40229.1,0,0
3,110.57,2.388,164.4,8.206,1985,40246.5,0,0
3,111.09,2.406,164.4,8.206,1985,40263.9,0,0
3,111.56,2.421,164.4,8.206,1985,40281.3,0,0
3,111.96,2.432,164.4,8.206,1985,40298.7,0,0
3,112.3,2.44,164.4,8.206,1985,40316.1,0,0
3,112.54,2.561,157.01,7.804,2010,40333.5,0,0
3,112.7,2.682,149.94,7.488,1989,40350.9,0,0
3,112.75,2.805,156.69,7.855,1964,40368.3,0,0
3,112.71,2.928,149.64,8.24,1989,40385.7,0,0
3,112.57,3.052,156.37,7.836,2014,40403.1,0,0
3,112.34,2.886,163.41,7.452,1989,40420.5,0,0
3,112.01,2.999,156.05,7.818,2014,40437.8,0,0
3,115.7,3.117,163.08,8.201,2039,40455.2,0,0
3,115.22,3.238,170.42,8.602,2014,40472.6,0,0
3,114.68,3.056,178.08,8.932,1989,40490.0,0,0
3,114.12,2.886,186.1,8.494,1972,40507.4,0,0
3,113.53,2.729,177.72,8.078,1947,40524.8,0,0
3,112.94,2.843,185.72,7.682,1972,40542.2,0,0
3,112.36,2.967,177.36,7.306,1997,40559.6,0,0
3,111.82,3.095,185.35,7.664,1972,40577.0,0,0
3,111.33,2.945,177.0,7.288,1997,40594.4,0,0
3,107.0,2.808,169.04,7.048,2018,40611.8,0,0
3,102.76,2.682,161.43,6.703,1993,40629.2,0,0
3,98.63,2.567,168.7,6.374,2018,40646.6,0,0
3,98.48,2.46,176.29,6.062,2043,40663.9,0,0
3,98.43,2.429,184.22,6.349,2047,40681.3,0,0
3,98.46,2.332,192.51,6.038,2072,40698.7,0,0
3,98.58,2.239,183.85,6.334,2097,40716.1,0,0
3,98.8,2.367,175.58,6.644,2072,40733.5,0,0
3,99.09,2.495,183.48,6.97,2047,40750.9,0,0
3,99.45,2.634,191.73,7.311,2072,40768.3,0,0
3,99.88,2.777,200.36,6.953,2097,40785.7,0,0
3,96.39,2.914,209.38,7.294,2072,40803.1,0,0
3,96.88,2.923,209.38,7.294,2072,40820.5,0,0
3,97.39,2.927,209.38,7.294,2072,40837.9,0,0
3,97.89,2.925,209.38,7.294,2072,40855.3,0,0
3,98.39,2.918,209.38,7.294,2072,40872.7,0,0
3,98.85,2.906,209.38,7.294,2072,40890.1,0,0
3,99.28,2.89,209.38,7.294,2072,40907.4,0,0
3,95.56,3.008,199.95,6.936,2047,40924.8,0,0
3,95.85,2.984,199.95,6.936,2047,40942.2,0,0
3,96.07,2.959,199.95,6.936,2047,40959.6,0,0
3,96.21,2.934,199.95,6.936,2047,40977.0,0,0
3,96.27,2.909,199.95,6.936,2047,40994.4,0,0
3,100.36,3.024,190.96,6.596,2072,41011.8,0,0
3,100.25,3.003,190.96,6.596,2072,41029.2,0,0
3,100.05,2.987,190.96,6.596,2072,41046.6,0,0
3,99.78,2.975,190.96,6.596,2072,41064.0,0,0
3,99.43,2.968,190.96,6.596,2072,41081.4,0,0
3,99.02,2.968,190.96,6.596,2072,41098.8,0,0
3,98.57,2.973,190.96,6.596,2072,41116.2,0,0
3,98.09,2.983,190.96,6.596,2072,41133.5,0,0
3,97.58,2.999,190.96,6.596,2072,41150.9,0,0
3,101.06,3.002,199.55,6.92,2097,41168.3,0,0
3,96.58,2.88,208.53,7.259,2072,41185.7,0,0
3,100.06,3.044,202.25,7.614,2059,41203.1,0,0
3,99.61,3.07,202.25,7.614,2059,41220.5,0,0
3,99.22,3.096,202.25,7.614,2059,41237.9,0,0
3,98.9,3.121,202.25,7.614,2059,41255.3,0,0
3,98.66,3.144,202.25,7.614,2059,41272.7,0,0
3,98.5,3.162,202.25,7.614,2059,41290.1,0,0
3,98.43,3.176,202.25,7.614,2059,41307.5,0,0
3,98.45,3.185,202.25,7.614,2059,41324.9,0,0
3,98.56,3.188,202.25,7.614,2059,41342.3,0,0
3,98.76,3.186,202.25,7.614,2059,41359.7,0,0
3,99.05,3.178,202.25,7.614,2059,41377.0,0,0
3,99.4,3.164,202.25,7.614,2059,41394.4,0,0
3,99.82,3.146,202.25,7.614,2059,41411.8,0,0
3,100.29,3.124,202.25,7.614,2059,41429.2,0,0
3,100.79,3.1,202.25,7.614,2059,41446.6,0,0
3,97.32,2.926,211.35,7.987,2084,41464.0,0,0
3,101.84,2.761,201.84,8.379,2109,41481.4,0,0
3,102.36,2.87,210.93,8.789,2084,41498.8,0,0
3,102.85,2.984,201.43,8.359,2059,41516.2,0,0
3,103.3,2.821,210.5,8.768,2084,41533.6,0,0
3,103.69,2.671,201.03,8.339,2109,41551.0,0,0
3,104.02,2.789,191.98,7.93,2084,41568.4,0,0
3,104.27,2.65,183.34,8.319,2109,41585.8,0,0
3,127.09,3.291,167.35,6.726,2084,41603.1,0,1
3,104.51,2.406,195.78,8.299,2059,41620.5,0,0
3,108.61,2.333,186.97,7.892,2034,41637.9,0,0
3,108.5,2.233,178.55,8.279,2009,41655.3,0,0
3,108.3,2.239,186.54,7.873,2034,41672.7,0,0
3,108.01,2.149,178.14,7.487,2009,41690.1,0,0
3,107.64,2.063,170.13,7.12,1984,41707.5,0,0
3,103.14,1.981,177.78,7.469,2009,41724.9,0,0
3,106.73,2.094,169.78,7.835,2034,41742.3,0,0
3,110.23,2.033,177.42,8.219,2009,41759.7,0,0
3,105.66,2.145,185.41,8.622,2034,41777.1,0,0
3,105.11,2.261,193.75,8.199,2059,41794.5,0,0
3,104.57,2.38,185.03,8.556,2064,41811.9,0,0
3,104.06,2.501,193.36,8.137,2089,41829.3,0,0
3,103.59,2.383,184.66,8.536,2064,41846.6,0,0
3,103.18,2.495,192.97,8.954,2039,41864.0,0,0
3,98.94,2.607,201.65,8.515,2064,41881.4,0,0
3,98.68,2.721,192.58,8.098,2089,41898.8,0,0
3,98.51,2.835,188.12,7.701,2114,41916.2,0,0
3,98.43,2.95,179.66,7.324,2089,41933.6,0,0
3,98.44,2.904,187.74,7.683,2114,41951.0,0,0
3,98.54,2.741,179.29,8.059,2089,41968.4,0,0
3,98.73,2.848,187.36,7.664,2114,41985.8,0,0
3,99.01,2.814,195.79,8.04,2089,42003.2,0,0
3,99.35,2.927,186.98,7.646,2100,42020.6,0,0
3,99.77,3.047,195.4,8.021,2125,42038.0,0,0
3,100.23,3.176,191.82,8.414,2100,42055.4,0,0
3,100.73,3.316,200.46,8.826,2075,42072.7,0,0
3,101.25,3.152,209.48,8.393,2050,42090.1,0,0
3,101.78,3.001,218.9,8.805,2075,42107.5,0,0
3,102.3,2.863,228.75,8.373,2050,42124.9,0,0
3,102.79,2.736,239.05,8.784,2075,42142.3,0,0
3,103.25,2.619,228.29,9.214,2100,42159.7,0,0
3,103.65,2.511,218.02,8.763,2125,42177.1,0,0
3,103.98,2.409,208.21,8.333,2100,42194.5,0,0
3,104.24,2.547,198.84,8.456,2075,42211.9,0,0
3,108.53,2.692,189.89,8.871,2100,42229.3,0,0
3,108.62,2.715,189.89,8.871,2100,42246.7,0,0
3,108.62,2.736,189.89,8.871,2100,42264.1,0,0
3,108.52,2.755,189.89,8.871,2100,42281.5,0,0
3,108.33,2.771,189.89,8.871,2100,42298.9,0,0
3,112.14,2.916,198.43,9.305,2075,42316.2,0,0
3,107.69,3.063,207.36,8.849,2100,42333.6,0,0
3,107.27,3.212,198.03,9.283,2125,42351.0,0,0
3,106.79,3.141,206.94,9.738,2150,42368.4,0,0
3,106.27,3.024,216.26,10.215,2125,42385.8,0,0
3,105.73,2.866,206.52,9.714,2100,42403.2,0,0
3,105.18,2.985,198.87,10.19,2125,42420.6,0,0
3,104.64,3.106,189.93,9.691,2100,42438.0,0,0
3,100.18,3.229,198.47,10.166,2075,42455.4,0,0
3,103.65,3.356,189.54,9.668,2050,42472.8,0,0
3,99.31,3.486,198.07,9.194,2075,42490.2,0,0
3,98.97,3.457,198.07,9.194,2075,42507.6,0,0
3,98.71,3.431,198.07,9.194,2075,42525.0,0,0
3,98.53,3.408,198.07,9.194,2075,42542.4,0,0
3,98.44,3.391,198.07,9.194,2075,42559.7,0,0
3,98.44,3.379,198.07,9.194,2075,42577.1,0,0
3,98.53,3.374,198.07,9.194,2075,42594.5,0,0
3,98.71,3.375,198.07,9.194,2075,42611.9,0,0
3,102.87,3.22,206.98,9.645,2050,42629.3,0,0
3,102.92,3.138,204.21,9.172,2025,42646.7,0,0
3,107.27,3.005,195.02,8.722,2050,42664.1,0,0
3,111.71,3.171,186.24,9.15,2075,42681.5,0,0
3,112.26,3.043,194.62,9.598,2050,42698.9,0,0
3,112.84,2.922,185.87,9.128,2025,42716.3,0,0
3,113.43,3.078,177.5,9.575,2050,42733.7,0,0
3,114.01,3.009,185.49,9.106,2075,42751.1,0,0
3,114.57,3.178,177.14,8.66,2050,42768.5,0,0
3,119.15,3.046,172.14,9.084,2025,42785.8,0,0
3,115.54,2.916,164.4,8.639,2050,42803.2,0,0
3,111.82,3.068,171.8,8.216,2025,42820.6,0,0
3,112.11,3.223,164.07,7.813,2050,42838.0,0,0
3,112.31,3.069,156.68,7.43,2075,42855.4,0,0
3,112.42,2.918,163.73,7.78,2050,42872.8,0,0
3,112.43,3.049,171.1,7.399,2025,42890.2,0,0
3,112.33,3.18,178.8,7.036,2000,42907.6,0,0
3,108.04,3.312,186.85,7.381,2025,42925.0,0,0
3,111.87,3.446,178.44,7.743,2050,42942.4,0,0
3,107.42,3.254,170.41,7.363,2025,42959.8,0,0
3,102.94,3.381,162.74,7.724,2050,42977.2,0,0
3,102.49,3.352,162.74,7.724,2050,42994.6,0,0
3,102.0,3.324,162.74,7.724,2050,43012.0,0,0
3,101.48,3.299,162.74,7.724,2050,43029.3,0,0
3,100.95,3.278,162.74,7.724,2050,43046.7,0,0
3,100.43,3.262,162.74,7.724,2050,43064.1,0,0
3,99.93,3.095,170.06,7.346,2025,43081.5,0,0
3,99.47,2.942,177.72,7.706,2000,43098.9,0,0
3,99.06,2.803,169.72,7.328,2025,43116.3,0,0
3,98.71,2.675,177.36,6.986,2000,43133.7,0,0
3,102.33,2.733,178.32,7.328,1975,43151.1,0,0
3,102.13,2.882,170.3,7.687,2000,43168.5,0,0
3,102.02,2.763,162.64,7.311,1975,43185.9,0,0
3,102.01,2.919,155.81,6.952,1950,43203.3,0,0
3,102.09,2.803,162.83,7.293,1925,43220.7,0,0
3,102.27,2.954,170.15,7.65,1921,43238.1,0,0
3,102.53,2.836,177.81,8.025,1946,43255.4,0,0
3,102.87,2.72,177.69,7.632,1921,43272.8,0,0
3,107.21,2.607,185.69,8.006,1896,43290.2,0,0
3,107.7,2.747,194.04,8.398,1921,43307.6,0,0
3,108.23,2.625,202.78,7.987,1946,43325.0,0,0
3,108.78,2.757,211.9,8.378,1921,43342.4,0,0
3,109.35,2.701,202.36,8.789,1946,43359.8,0,0
3,109.91,2.827,193.26,8.358,1971,43377.2,0,0
3,110.45,2.682,184.56,7.948,1946,43394.6,0,0
3,106.89,2.797,192.87,8.338,1921,43412.0,0,0
3,107.32,2.646,184.19,8.746,1946,43429.4,0,0
3,107.69,2.501,192.48,9.175,1971,43446.8,0,0
3,107.97,2.361,201.14,9.625,1946,43464.2,0,0
3,108.18,2.229,192.09,9.153,1971,43481.6,0,0
3,112.41,2.316,183.44,8.704,1946,43498.9,0,0
3,112.43,2.407,175.19,8.278,1921,43516.3,0,0
3,112.35,2.503,183.07,8.684,1896,43533.7,0,0
3,112.18,2.368,183.83,9.109,1921,43551.1,0,0
3,111.91,2.47,175.56,8.663,1946,43568.5,0,0
3,111.56,2.581,183.46,8.238,1971,43585.9,0,0
3,111.14,2.658,191.71,8.151,1946,43603.3,0,0
3,114.71,2.532,200.34,7.752,1971,43620.7,0,0
3,114.17,2.417,191.32,7.372,1996,43638.1,0,0
3,113.59,2.311,182.71,7.733,1971,43655.5,0,0
3,113.0,2.214,174.49,7.355,1996,43672.9,0,0
3,112.42,2.337,182.34,7.715,1971,43690.3,0,0
3,111.85,2.243,190.55,7.337,1946,43707.7,0,0
3,111.33,2.154,181.98,7.696,1921,43725.0,0,0
3,110.86,2.068,173.79,8.073,1896,43742.4,0,0
3,110.47,2.185,181.61,7.678,1921,43759.8,0,0
3,110.15,2.308,173.43,7.302,1896,43777.2,0,0
3,109.92,2.211,181.24,6.944,1871,43794.6,0,0
3,108.22,2.33,173.08,6.604,1846,43812.0,0,0
3,108.2,2.45,180.87,6.927,1821,43829.4,0,0
3,108.27,2.337,185.8,6.588,1846,43846.8,0,0
3,97.6,1.558,194.16,6.265,1871,43864.2,1,0
3,108.71,2.222,194.16,6.265,1871,43881.6,0,0
3,109.06,2.214,194.16,6.265,1871,43899.0,0,0
3,109.49,2.203,194.16,6.265,1871,43916.4,0,0
3,109.98,2.189,194.16,6.265,1871,43933.8,0,0
3,110.52,2.173,194.16,6.265,1871,43951.2,0,0
3,111.08,2.155,194.16,6.265,1871,43968.5,0,0
3,111.66,2.239,202.9,6.572,1896,43985.9,0,0
3,112.24,2.326,193.77,6.25,1921,44003.3,0,0
3,112.8,2.418,202.49,6.556,1896,44020.7,0,0
3,113.31,2.515,193.37,6.235,1921,44038.1,0,0
3,113.78,2.62,184.67,6.54,1946,44055.5,0,0
3,114.17,2.733,176.36,6.861,1971,44072.9,0,0
3,118.6,2.856,168.43,7.197,1946,44090.3,0,0
3,118.83,2.853,168.43,7.197,1946,44107.7,0,0
3,118.97,2.855,168.43,7.197,1946,44125.1,0,0
3,119.01,2.864,168.43,7.197,1946,44142.5,0,0
3,118.93,2.877,168.43,7.197,1946,44159.9,0,0
3,118.76,2.895,168.43,7.197,1946,44177.3,0,0
3,118.49,2.916,168.43,7.197,1946,44194.6,0,0
3,118.13,2.94,168.43,7.197,1946,44212.0,0,0
3,117.69,2.965,168.43,7.197,1946,44229.4,0,0
3,121.25,3.135,160.85,6.844,1921,44246.8,0,0
3,124.71,3.312,168.09,6.509,1904,44264.2,0,0
3,128.11,3.177,175.65,6.828,1879,44281.6,0,0
3,127.44,3.198,175.65,6.828,1879,44299.0,0,0
3,126.78,3.214,175.65,6.828,1879,44316.4,0,0
3,126.15,3.225,175.65,6.828,1879,44333.8,0,0
3,125.55,3.231,175.65,6.828,1879,44351.2,0,0
3,125.01,3.23,175.65,6.828,1879,44368.6,0,0
3,124.56,3.224,175.65,6.828,1879,44386.0,0,0
3,124.19,3.213,175.65,6.828,1879,44403.4,0,0
3,123.92,3.196,175.65,6.828,1879,44420.8,0,0
3,119.88,3.328,167.74,6.493,1875,44438.1,0,0
3,119.84,3.144,169.4,6.812,1850,44455.5,0,0
3,119.9,2.969,177.02,6.478,1825,44472.9,0,0
3,120.08,2.802,184.99,6.795,1850,44490.3,0,0
3,120.37,2.911,176.66,7.128,1825,44507.7,0,0
3,120.74,3.026,168.71,6.779,1800,44525.1,0,0
3,121.21,3.148,161.12,7.111,1775,44542.5,0,0
3,121.74,3.28,153.87,6.763,1800,44559.9,0,0
3,126.29,3.422,160.8,7.094,1825,44577.3,0,0
3,130.91,3.248,168.03,7.442,1850,44594.7,0,0
3,135.6,3.108,175.59,7.077,1825,44612.1,0,0
3,136.3,3.112,175.59,7.077,1825,44629.5,0,0
3,136.98,3.121,175.59,7.077,1825,44646.9,0,0
3,137.62,3.136,175.59,7.077,1825,44664.3,0,0
3,138.19,3.156,175.59,7.077,1825,44681.6,0,0
3,138.69,3.18,175.59,7.077,1825,44699.0,0,0
3,139.08,3.206,175.59,7.077,1825,44716.4,0,0
3,139.38,3.234,175.59,7.077,1825,44733.8,0,0
3,135.43,3.105,167.69,7.378,1850,44751.2,0,0
3,135.49,3.281,175.24,7.739,1873,44768.6,0,0
3,135.42,3.147,183.12,8.118,1848,44786.0,0,0
3,135.24,3.319,174.88,7.72,1823,44803.4,0,0
3,134.94,3.175,167.01,7.342,1848,44820.8,0,0
3,134.55,3.033,159.5,6.982,1823,44838.2,0,0
3,138.08,2.891,166.67,7.325,1798,44855.6,0,0
3,141.33,3.03,174.17,7.683,1773,44873.0,0,0
3,136.63,2.878,182.01,7.307,1798,44890.4,0,0
3,135.95,2.867,182.01,7.307,1798,44907.7,0,0
3,135.25,2.852,182.01,7.307,1798,44925.1,0,0
3,134.54,2.833,182.01,7.307,1798,44942.5,0,0
3,133.86,2.812,182.01,7.307,1798,44959.9,0,0
3,133.23,2.788,182.01,7.307,1798,44977.3,0,0
3,132.65,2.764,182.01,7.307,1798,44994.7,0,0
3,132.15,2.741,182.01,7.307,1798,45012.1,0,0
3,127.85,2.588,173.82,7.665,1773,45029.5,0,0
3,127.56,2.57,173.82,7.665,1773,45046.9,0,0
3,127.38,2.555,173.82,7.665,1773,45064.3,0,0
3,127.32,2.544,173.82,7.665,1773,45081.7,0,0
3,127.38,2.537,173.82,7.665,1773,45099.1,0,0
3,127.56,2.535,173.82,7.665,1773,45116.5,0,0
3,127.84,2.539,173.82,7.665,1773,45133.9,0,0
3,128.23,2.547,173.82,7.665,1773,45151.2,0,0
3,128.72,2.56,173.82,7.665,1773,45168.6,0,0
3,125.33,2.453,181.64,7.289,1748,45186.0,0,0
3,125.93,2.352,189.82,6.932,1773,45203.4,0,0
3,126.57,2.258,181.28,6.593,1748,45220.8,0,0
3,127.23,2.169,189.43,6.27,1723,45238.2,0,0
3,127.89,2.082,180.91,5.962,1748,45255.6,0,0
3,128.54,2.2,189.05,6.254,1773,45273.0,0,0
3,133.2,2.323,189.36,5.948,1748,45290.4,0,0
3,133.76,2.337,189.36,5.948,1748,45307.8,0,0
3,134.25,2.348,189.36,5.948,1748,45325.2,0,0
3,134.65,2.356,189.36,5.948,1748,45342.6,0,0
3,134.95,2.359,189.36,5.948,1748,45360.0,0,0
3,131.01,2.245,180.84,6.239,1773,45377.3,0,0
3,131.08,2.24,180.84,6.239,1773,45394.7,0,0
3,131.03,2.231,180.84,6.239,1773,45412.1,0,0
3,130.87,2.219,180.84,6.239,1773,45429.5,0,0
3,130.59,2.204,180.84,6.239,1773,45446.9,0,0
3,130.22,2.187,180.84,6.239,1773,45464.3,0,0
3,129.76,2.169,180.84,6.239,1773,45481.7,0,0
3,129.22,2.15,180.84,6.239,1773,45499.1,0,0
3,128.63,2.132,180.84,6.239,1773,45516.5,0,0
3,127.99,2.115,180.84,6.239,1773,45533.9,0,0
3,127.33,2.1,180.84,6.239,1773,45551.3,0,0
3,126.67,2.088,180.84,6.239,1773,45568.7,0,0
3,126.03,2.079,180.84,6.239,1773,45586.1,0,0
3,125.42,2.074,180.84,6.239,1773,45603.5,0,0
3,124.87,2.073,180.84,6.239,1773,45620.8,0,0
3,120.48,2.176,172.7,6.545,1798,45638.2,0,0
3,124.0,2.229,180.47,6.866,1823,45655.6,0,0
3,123.7,2.24,180.47,6.866,1823,45673.0,0,0
3,123.52,2.255,180.47,6.866,1823,45690.4,0,0
3,123.44,2.272,180.47,6.866,1823,45707.8,0,0
3,123.49,2.291,180.47,6.866,1823,45725.2,0,0
3,123.64,2.311,180.47,6.866,1823,45742.6,0,0
3,120.01,2.443,172.35,6.529,1848,45760.0,0,0
3,120.37,2.581,180.1,6.21,1873,45777.4,0,0
3,120.81,2.725,172.0,5.905,1848,45794.8,0,0
3,121.33,2.873,166.81,6.195,1873,45812.2,0,0
3,121.9,3.025,160.88,6.498,1898,45829.6,0,0
3,122.52,2.888,168.12,6.817,1873,45846.9,0,0
3,127.15,2.753,160.56,6.483,1848,45864.3,0,0
3,127.81,2.883,167.78,6.8,1823,45881.7,0,0
3,128.46,2.738,175.33,7.133,1848,45899.1,0,0
3,129.07,2.596,183.22,6.784,1823,45916.5,0,0
3,129.62,2.458,174.98,6.889,1848,45933.9,0,0
3,130.11,2.399,167.1,7.226,1823,45951.3,0,0
3,134.61,2.266,159.58,7.58,1848,45968.7,0,0
3,134.91,2.247,159.58,7.58,1848,45986.1,0,0
3,135.11,2.227,159.58,7.58,1848,46003.5,0,0
3,135.2,2.208,159.58,7.58,1848,46020.9,0,0
3,135.16,2.191,159.58,7.58,1848,46038.3,0,0
3,135.01,2.176,159.58,7.58,1848,46055.7,0,0
3,134.74,2.164,159.58,7.58,1848,46073.1,0,0
3,138.46,2.217,166.76,7.209,1823,46090.4,0,0
3,137.98,2.106,174.27,7.562,1798,46107.8,0,0
3,137.42,2.005,166.43,7.192,1773,46125.2,0,0
3,136.8,2.105,158.94,7.544,1798,46142.6,0,0
3,136.12,2.214,166.09,7.914,1773,46160.0,0,0
3,135.42,2.225,166.09,7.914,1773,46177.4,0,0
3,134.72,2.24,166.09,7.914,1773,46194.8,0,0
3,134.03,2.257,166.09,7.914,1773,46212.2,0,0
3,133.38,2.277,166.09,7.914,1773,46229.6,0,0
3,132.79,2.296,166.09,7.914,1773,46247.0,0,0
3,132.27,2.316,166.09,7.914,1773,46264.4,0,0
3,131.84,2.335,166.09,7.914,1773,46281.8,0,0
3,131.51,2.351,166.09,7.914,1773,46299.2,0,0
3,135.18,2.471,158.62,7.526,1777,46316.5,0,0
3,135.09,2.482,158.62,7.526,1777,46333.9,0,0
3,135.12,2.489,158.62,7.526,1777,46351.3,0,0
3,135.27,2.492,158.62,7.526,1777,46368.7,0,0
3,135.55,2.49,158.62,7.526,1777,46386.1,0,0
3,135.94,2.483,158.62,7.526,1777,46403.5,0,0
3,136.42,2.473,158.62,7.526,1777,46420.9,0,0
3,137.0,2.459,158.62,7.526,1777,46438.3,0,0
3,133.69,2.559,165.75,7.895,1802,46455.7,0,0
3,130.38,2.661,173.21,8.282,1777,46473.1,0,0
3,131.06,2.765,179.7,7.876,1778,46490.5,0,0
3,131.74,2.609,171.61,7.655,1803,46507.9,0,0
3,132.41,2.712,163.89,8.03,1828,46525.3,0,0
3,133.05,2.819,171.27,7.637,1853,46542.7,0,0
3,133.63,2.666,163.56,7.262,1828,46560.0,0,0
3,134.14,2.779,156.2,6.907,1853,46577.4,0,0
3,134.56,2.635,163.23,6.703,1854,46594.8,0,0
3,130.77,2.756,170.57,6.375,1829,46612.2,0,0
3,135.09,2.687,178.25,6.687,1842,46629.6,0,0
3,135.19,2.563,186.27,7.015,1817,46647.0,0,0
3,135.17,2.449,177.89,6.671,1792,46664.4,0,0
3,135.03,2.344,169.88,6.344,1767,46681.8,0,0
3,134.78,2.247,162.24,6.034,1792,46699.2,0,0
3,130.32,2.373,169.54,6.329,1817,46716.6,0,0
3,129.88,2.278,177.17,6.639,1792,46734.0,0,0
3,129.37,2.408,169.2,6.314,1767,46751.4,0,0
3,128.78,2.546,161.58,6.623,1792,46768.8,0,0
3,128.15,2.689,154.31,6.948,1817,46786.2,0,0
3,123.49,2.578,147.37,6.607,1792,46803.5,0,0
3,122.85,2.468,154.0,6.931,1817,46820.9,0,0
3,122.22,2.36,160.93,6.592,1792,46838.3,0,0
3,121.62,2.253,153.69,6.269,1817,46855.7,0,0
3,121.07,2.363,146.77,5.961,1792,46873.1,0,0
3,120.59,2.247,140.17,5.669,1817,46890.5,0,0
3,120.19,2.133,133.86,5.392,1842,46907.9,0,0
3,119.88,2.226,139.88,5.656,1817,46925.3,0,0
3,119.67,2.319,133.59,5.379,1792,46942.7,0,0
3,119.57,2.413,139.6,5.642,1767,46960.1,0,0
3,119.58,2.279,133.32,5.602,1764,46977.5,0,0
3,119.71,2.275,139.32,5.877,1739,46994.9,0,0
3,123.83,2.147,133.05,5.589,1764,47012.3,0,0
3,124.94,2.231,139.03,5.315,1789,47029.6,0,0
3,125.37,2.32,145.29,5.576,1814,47047.0,0,0
3,125.89,2.415,151.83,5.302,1797,47064.4,0,0
3,126.48,2.287,158.66,5.562,1772,47081.8,0,0
3,127.11,2.388,165.8,5.835,1797,47099.2,0,0
3,127.76,2.269,158.34,5.549,1772,47116.6,0,0
3,132.44,2.378,151.21,5.277,1797,47134.0,0,0
3,129.09,2.498,153.67,5.018,1822,47151.4,0,0
3,125.66,2.628,146.75,5.264,1847,47168.8,0,0
3,130.29,2.77,153.35,5.522,1822,47186.2,0,0
3,130.79,2.655,160.26,5.252,1797,47203.6,0,0
3,131.21,2.804,167.47,5.26,1772,47221.0,0,0
3,131.54,2.784,175.0,5.518,1747,47238.4,0,0
3,131.76,2.943,182.88,5.789,1722,47255.8,0,0
3,131.87,2.825,191.11,6.072,1747,47273.1,0,0
3,131.87,2.711,182.51,5.775,1772,47290.5,0,0
3,131.75,2.599,174.29,6.058,1797,47307.9,0,0
3,131.51,2.488,174.73,5.761,1772,47325.3,0,0
3,131.18,2.378,166.87,5.478,1797,47342.7,0,0
3,130.74,2.27,159.36,5.747,1822,47360.1,0,0
3,130.23,2.38,166.53,6.029,1797,47377.5,0,0
3,129.65,2.492,174.02,5.733,1772,47394.9,0,0
3,129.02,2.365,166.19,5.452,1747,47412.3,0,0
3,128.37,2.241,158.71,5.185,1722,47429.7,0,0
3,127.7,2.335,165.85,5.439,1747,47447.1,0,0
3,127.04,2.43,163.17,5.706,1772,47464.5,0,0
3,126.41,2.294,170.52,5.985,1797,47481.9,0,0
3,125.84,2.384,162.84,5.692,1772,47499.2,0,0
3,109.51,1.734,170.17,5.971,1797,47516.6,1,0
3,121.26,2.456,170.17,5.971,1797,47534.0,0,0
3,120.94,2.437,170.17,5.971,1797,47551.4,0,0
3,120.72,2.421,170.17,5.971,1797,47568.8,0,0
3,120.6,2.409,170.17,5.971,1797,47586.2,0,0
3,120.6,2.401,170.17,5.971,1797,47603.6,0,0
3,120.71,2.397,170.17,5.971,1797,47621.0,0,0
3,120.93,2.513,162.51,6.263,1776,47638.4,0,0
3,121.25,2.398,155.2,6.57,1801,47655.8,0,0
3,121.67,2.523,162.18,6.892,1826,47673.2,0,0
3,122.16,2.659,155.91,7.23,1801,47690.6,0,0
3,122.72,2.807,162.93,6.876,1826,47708.0,0,0
3,123.33,2.965,155.6,6.539,1851,47725.4,0,0
3,127.95,3.134,162.6,6.859,1861,47742.7,0,0
3,128.62,3.313,169.92,7.195,1836,47760.1,0,0
3,129.28,3.181,177.56,6.843,1861,47777.5,0,0
3,129.91,3.359,180.41,7.178,1886,47794.9,0,0
3,130.49,3.22,172.29,6.826,1861,47812.3,0,0
3,131.01,3.393,180.04,7.161,1886,47829.7,0,0
3,131.45,3.243,171.94,7.512,1911,47847.1,0,0
3,131.79,3.406,179.68,7.144,1886,47864.5,0,0
3,132.02,3.244,171.59,6.794,1911,47881.9,0,0
3,132.15,3.396,163.87,6.461,1936,47899.3,0,0
3,132.16,3.548,156.5,6.777,1961,47916.7,0,0
3,132.05,3.362,163.54,7.109,1986,47934.1,0,0
3,131.83,3.181,170.9,7.458,2011,47951.5,0,0
3,131.5,3.006,178.59,7.823,1986,47968.8,0,0
3,131.08,2.839,186.62,8.206,1961,47986.2,0,0
3,134.65,2.949,195.02,8.296,1936,48003.6,0,0
3,138.11,3.064,186.25,7.889,1961,48021.0,0,0
3,137.44,3.185,178.14,8.276,1986,48038.4,0,0
3,136.75,3.009,170.12,7.87,2011,48055.8,0,0
3,136.04,3.133,177.78,7.485,1986,48073.2,0,0
3,135.34,2.968,185.78,7.851,1961,48090.6,0,0
3,134.66,3.1,177.42,7.467,1986,48108.0,0,0
3,134.04,3.244,185.4,7.833,2000,48125.4,0,0
3,133.49,3.337,177.06,8.216,2025,48142.8,0,0
3,129.12,3.185,169.09,8.619,2050,48160.2,0,0
3,132.65,3.045,176.7,9.041,2025,48177.6,0,0
3,128.51,3.059,184.65,9.484,2000,48195.0,0,0
3,128.37,3.081,184.65,9.484,2000,48212.3,0,0
3,128.35,3.106,184.65,9.484,2000,48229.7,0,0
3,128.46,3.132,184.65,9.484,2000,48247.1,0,0
3,128.68,3.16,184.65,9.484,2000,48264.5,0,0
3,129.01,3.186,184.65,9.484,2000,48281.9,0,0
3,129.44,3.211,184.65,9.484,2000,48299.3,0,0
3,129.95,3.232,184.65,9.484,2000,48316.7,0,0
3,130.54,3.25,184.65,9.484,2000,48334.1,0,0
3,131.18,3.262,184.65,9.484,2000,48351.5,0,0
3,131.86,3.269,184.65,9.484,2000,48368.9,0,0
3,132.54,3.27,184.65,9.484,2000,48386.3,0,0
3,133.23,3.265,184.65,9.484,2000,48403.7,0,0
3,133.88,3.254,184.65,9.484,2000,48421.1,0,0
3,134.49,3.083,192.96,9.949,1975,48438.4,0,0
3,135.03,2.917,201.65,10.437,1980,48455.8,0,0
3,135.49,2.918,192.57,10.948,2005,48473.2,0,0
3,135.86,2.755,183.91,10.412,2030,48490.6,0,0
3,136.11,2.863,188.82,9.901,2005,48508.0,0,0
3,136.26,2.702,197.31,10.387,2030,48525.4,0,0
3,136.28,2.808,188.43,10.895,2055,48542.8,0,0
3,136.19,2.653,196.91,10.362,2030,48560.2,0,0
3,131.86,2.763,188.05,9.854,2005,48577.6,0,0
3,135.65,2.882,196.51,9.371,1980,48595.0,0,0
3,135.23,2.871,205.36,8.912,2005,48612.4,0,0
3,134.72,2.73,196.12,8.475,1980,48629.8,0,0
3,134.13,2.601,187.29,8.06,1955,48647.2,0,0
3,133.49,2.733,178.86,8.455,1980,48664.6,0,0
3,132.82,2.613,186.91,8.869,2005,48681.9,0,0
3,132.13,2.503,178.5,8.435,1980,48699.3,0,0
3,131.45,2.642,170.47,8.164,2005,48716.7,0,0
3,130.79,2.791,166.81,8.564,1980,48734.1,0,0
3,130.18,2.815,166.81,8.564,1980,48751.5,0,0
3,129.63,2.84,166.81,8.564,1980,48768.9,0,0
3,129.17,2.863,166.81,8.564,1980,48786.3,0,0
3,128.8,2.885,166.81,8.564,1980,48803.7,0,0
3,128.53,2.904,166.81,8.564,1980,48821.1,0,0
3,128.38,2.919,166.81,8.564,1980,48838.5,0,0
3,128.35,2.93,166.81,8.564,1980,48855.9,0,0
3,128.44,2.936,166.81,8.564,1980,48873.3,0,0
3,128.64,3.077,159.31,8.144,1955,48890.7,0,0
3,128.96,3.219,152.14,7.745,1930,48908.0,0,0
3,129.38,3.054,158.98,8.125,1905,48925.4,0,0
3,129.88,2.893,160.64,7.726,1880,48942.8,0,0
3,130.46,2.737,167.87,7.348,1855,48960.2,0,0
3,135.06,2.847,175.43,7.708,1880,48977.6,0,0
3,135.75,2.959,167.53,7.33,1855,48995.0,0,0
3,136.46,3.074,175.07,7.485,1830,49012.4,0,0
3,137.17,2.902,182.95,7.852,1805,49029.8,0,0
3,137.85,2.74,191.18,7.687,1830,49047.2,0,0
3,138.48,2.589,199.78,7.864,1805,49064.6,0,0
3,139.05,2.573,199.78,7.864,1805,49082.0,0,0
3,139.53,2.561,199.78,7.864,1805,49099.4,0,0
3,139.92,2.554,199.78,7.864,1805,49116.8,0,0
3,140.2,2.551,199.78,7.864,1805,49134.2,0,0
3,140.36,2.553,199.78,7.864,1805,49151.5,0,0
3,140.4,2.561,199.78,7.864,1805,49168.9,0,0
3,140.32,2.573,199.78,7.864,1805,49186.3,0,0
3,140.12,2.588,199.78,7.864,1805,49203.7,0,0
3,139.8,2.482,208.77,8.249,1780,49221.1,0,0
3,139.38,2.401,199.38,7.845,1805,49238.5,0,0
3,138.86,2.538,208.35,7.461,1830,49255.9,0,0
3,138.27,2.437,198.98,7.826,1855,49273.3,0,0
3,137.62,2.339,190.02,7.443,1830,49290.7,0,0
3,136.92,2.47,181.47,7.078,1805,49308.1,0,0
3,140.21,2.396,189.64,7.425,1780,49325.5,0,0
3,139.49,2.292,198.17,7.061,1805,49342.9,0,0
3,138.78,2.411,190.85,6.715,1830,49360.3,0,0
3,138.13,2.531,182.26,7.044,1855,49377.7,0,0
3,137.54,2.652,174.06,7.184,1830,49395.0,0,0
3,137.03,2.774,166.23,6.832,1805,49412.4,0,0
3,132.73,2.632,158.75,7.167,1830,49429.8,0,0
3,128.56,2.493,155.16,6.816,1822,49447.2,0,0
3,128.39,2.358,158.81,7.15,1797,49464.6,0,0
3,128.35,2.452,165.96,6.8,1772,49482.0,0,0
3,128.42,2.315,173.43,7.133,1747,49499.4,0,0
3,128.61,2.405,165.62,6.783,1772,49516.8,0,0
3,125.02,2.371,164.19,7.116,1797,49534.2,0,0
3,125.41,2.352,164.19,7.116,1797,49551.6,0,0
3,125.89,2.335,164.19,7.116,1797,49569.0,0,0
3,126.44,2.321,164.19,7.116,1797,49586.4,0,0
3,127.05,2.311,164.19,7.116,1797,49603.8,0,0
3,127.7,2.304,164.19,7.116,1797,49621.1,0,0
3,128.37,2.302,164.19,7.116,1797,49638.5,0,0
3,125.01,2.194,156.81,6.767,1772,49655.9,0,0
3,129.68,2.307,149.75,6.435,1747,49673.3,0,0
3,126.22,2.429,156.49,6.12,1722,49690.7,0,0
3,124.41,2.432,163.53,6.42,1697,49708.1,0,0
3,125.28,2.332,156.17,6.105,1672,49725.5,0,0
3,121.54,2.465,152.47,6.405,1697,49742.9,0,0
3,117.68,2.367,159.33,6.718,1672,49760.3,0,0
3,113.71,2.502,166.5,7.048,1647,49777.7,0,0
3,109.63,2.644,173.99,7.393,1672,49795.1,0,0
3,106.47,2.791,166.16,7.59,1697,49812.5,0,0
3,106.32,2.809,166.16,7.59,1697,49829.9,0,0
3,106.09,2.823,166.16,7.59,1697,49847.3,0,0
3,105.78,2.832,166.16,7.59,1697,49864.6,0,0
3,105.4,2.836,166.16,7.59,1697,49882.0,0,0
3,104.95,2.836,166.16,7.59,1697,49899.4,0,0
3,108.5,2.694,158.69,7.962,1672,49916.8,0,0
3,107.96,2.813,165.83,7.572,1697,49934.2,0,0
3,107.41,2.932,164.09,7.943,1722,49951.6,0,0
3,106.85,3.053,156.71,7.554,1747,49969.0,0,0
3,106.31,2.884,158.5,7.184,1722,49986.4,0,0
3,105.8,2.997,165.63,7.536,1713,50003.8,0,0
3,105.34,2.829,158.17,7.166,1688,50021.2,0,0
3,104.95,2.67,165.29,6.815,1713,50038.6,0,0
3,108.52,2.522,172.73,7.149,1738,50056.0,0,0
3,108.28,2.503,172.73,7.149,1738,50073.4,0,0
3,108.12,2.489,172.73,7.149,1738,50090.7,0,0
3,108.07,2.478,172.73,7.149,1738,50108.1,0,0
3,108.12,2.472,172.73,7.149,1738,50125.5,0,0
3,108.27,2.47,172.73,7.149,1738,50142.9,0,0
3,108.51,2.355,180.5,6.799,1713,50160.3,0,0
3,108.84,2.249,174.93,6.466,1738,50177.7,0,0
3,109.25,2.368,171.81,6.783,1763,50195.1,0,0
3,109.73,2.269,179.55,6.45,1738,50212.5,0,0
3,110.25,2.177,171.47,6.134,1763,50229.9,0,0
3,110.81,2.089,163.75,5.834,1788,50247.3,0,0
3,111.39,2.209,171.12,6.119,1813,50264.7,0,0
3,115.99,2.121,178.82,6.419,1788,50282.1,0,0
3,116.57,2.138,178.82,6.419,1788,50299.5,0,0
3,117.12,2.154,178.82,6.419,1788,50316.9,0,0
3,117.61,2.167,178.82,6.419,1788,50334.2,0,0
3,118.04,2.178,178.82,6.419,1788,50351.6,0,0
3,118.39,2.185,178.82,6.419,1788,50369.0,0,0
3,122.77,2.083,186.87,6.734,1813,50386.4,0,0
3,125.03,2.182,195.28,7.064,1788,50403.8,0,0
3,125.09,2.177,195.28,7.064,1788,50421.2,0,0
3,125.04,2.168,195.28,7.064,1788,50438.6,0,0
3,124.89,2.157,195.28,7.064,1788,50456.0,0,0
3,124.63,2.142,195.28,7.064,1788,50473.4,0,0
3,124.27,2.126,195.28,7.064,1788,50490.8,0,0
3,123.83,2.108,195.28,7.064,1788,50508.2,0,0
3,123.32,2.09,195.28,7.064,1788,50525.6,0,0
3,122.75,2.072,195.28,7.064,1788,50543.0,0,0
3,126.17,1.957,186.49,6.718,1813,50560.3,0,0
3,125.52,2.036,194.88,6.389,1838,50577.7,0,0
3,124.87,2.122,203.65,6.702,1833,50595.1,0,0
3,124.23,2.214,194.49,7.03,1808,50612.5,0,0
3,123.63,2.315,185.73,7.374,1783,50629.9,0,0
3,123.88,2.425,194.09,7.013,1758,50647.3,0,0
3,127.31,2.312,202.83,7.357,1733,50664.7,0,0
3,126.91,2.32,202.83,7.357,1733,50682.1,0,0
3,126.61,2.332,202.83,7.357,1733,50699.5,0,0
3,126.42,2.347,202.83,7.357,1733,50716.9,0,0
3,126.34,2.365,202.83,7.357,1733,50734.3,0,0
3,126.39,2.499,193.7,6.996,1758,50751.7,0,0
3,126.54,2.642,184.98,6.653,1783,50769.1,0,0
3,126.81,2.537,193.31,6.327,1758,50786.5,0,0
3,127.19,2.68,184.61,6.017,1783,50803.8,0,0
3,123.74,2.829,192.92,6.312,1808,50821.2,0,0
3,124.26,2.847,192.92,6.312,1808,50838.6,0,0
3,124.85,2.86,192.92,6.312,1808,50856.0,0,0
3,125.48,2.868,192.92,6.312,1808,50873.4,0,0
3,126.14,2.872,192.92,6.312,1808,50890.8,0,0
3,126.79,2.87,192.92,6.312,1808,50908.2,0,0
3,127.43,2.813,184.23,6.003,1833,50925.6,0,0
3,128.04,2.667,175.94,6.297,1858,50943.0,0,0
3,128.59,2.779,183.86,6.492,1833,50960.4,0,0
3,129.07,2.628,175.59,6.174,1808,50977.8,0,0
3,129.46,2.482,183.49,5.872,1783,50995.2,0,0
3,129.76,2.343,191.75,6.159,1808,51012.6,0,0
3,134.07,2.211,183.12,6.461,1783,51029.9,0,0
3,134.15,2.193,183.12,6.461,1783,51047.3,0,0
3,134.12,2.175,183.12,6.461,1783,51064.7,0,0
3,133.97,2.16,183.12,6.461,1783,51082.1,0,0
3,133.7,2.148,183.12,6.461,1783,51099.5,0,0
3,133.34,2.14,183.12,6.461,1783,51116.9,0,0
3,128.79,2.237,174.88,6.778,1758,51134.3,0,0
3,128.27,2.344,167.01,6.446,1733,51151.7,0,0
3,114.92,1.684,174.52,6.13,1708,51169.1,1,0
3,127.06,2.415,174.52,6.13,1708,51186.5,0,0
3,126.4,2.428,174.52,6.13,1708,51203.9,0,0
3,125.75,2.444,174.52,6.13,1708,51221.3,0,0
3,125.1,2.463,174.52,6.13,1708,51238.7,0,0
3,124.5,2.484,174.52,6.13,1708,51256.1,0,0
3,123.94,2.505,174.52,6.13,1708,51273.4,0,0
3,123.46,2.527,174.52,6.13,1708,51290.8,0,0
3,123.06,2.547,174.52,6.13,1708,51308.2,0,0
3,122.75,2.565,174.52,6.13,1708,51325.6,0,0
3,122.55,2.581,174.52,6.13,1708,51343.0,0,0
3,122.47,2.592,174.52,6.13,1708,51360.4,0,0
3,122.49,2.599,174.52,6.13,1708,51377.8,0,0
3,122.63,2.602,174.52,6.13,1708,51395.2,0,0
3,126.78,2.475,166.67,5.829,1733,51412.6,0,0
3,123.23,2.587,159.17,6.069,1708,51430.0,0,0
3,123.67,2.7,152.01,5.772,1733,51447.4,0,0
3,124.19,2.556,158.85,6.055,1758,51464.8,0,0
3,124.78,2.416,165.99,5.758,1733,51482.2,0,0
3,125.4,2.282,173.46,5.476,1758,51499.6,0,0
3,126.05,2.372,181.27,5.744,1783,51516.9,0,0
3,126.71,2.464,189.43,6.026,1808,51534.3,0,0
3,127.35,2.56,197.95,5.731,1783,51551.7,0,0
3,132.02,2.418,206.86,6.011,1808,51569.1,0,0
3,132.59,2.517,216.17,6.306,1833,51586.5,0,0
3,133.1,2.383,206.44,6.615,1808,51603.9,0,0
3,133.52,2.488,215.73,6.291,1833,51621.3,0,0
3,133.84,2.603,206.02,6.599,1858,51638.7,0,0
3,129.94,2.727,215.29,6.922,1833,51656.1,0,0
3,132.07,2.601,205.61,7.262,1808,51673.5,0,0
3,132.05,2.736,196.35,7.433,1783,51690.9,0,0
3,131.92,2.807,205.19,7.798,1808,51708.3,0,0
3,131.67,2.962,213.75,7.416,1833,51725.7,0,0
3,131.32,2.842,223.36,7.779,1858,51743.0,0,0
3,130.88,3.004,213.31,8.16,1883,51760.4,0,0
3,130.35,3.175,203.71,7.76,1908,51777.8,0,0
3,125.72,3.356,212.88,8.141,1883,51795.2,0,0
3,129.13,3.221,203.3,7.742,1908,51812.6,0,0
3,132.48,3.399,212.45,7.362,1930,51830.0,0,0
3,131.79,3.583,202.89,7.723,1955,51847.4,0,0
3,131.11,3.425,212.02,7.345,1930,51864.8,0,0
3,130.47,3.599,221.56,7.705,1905,51882.2,0,0
3,129.88,3.775,231.53,8.082,1930,51899.6,0,0
3,129.37,3.953,221.11,7.686,1905,51917.0,0,0
3,128.93,3.942,221.11,7.686,1905,51934.4,0,0
3,128.6,3.925,221.11,7.686,1905,51951.8,0,0
3,128.38,3.902,221.11,7.686,1905,51969.2,0,0
3,128.27,3.874,221.11,7.686,1905,51986.5,0,0
3,128.29,3.844,221.11,7.686,1905,52003.9,0,0
3,128.42,3.811,221.11,7.686,1905,52021.3,0,0
3,128.67,3.778,221.11,7.686,1905,52038.7,0,0
3,129.02,3.746,221.11,7.686,1905,52056.1,0,0
3,125.55,3.539,231.06,7.309,1930,52073.5,0,0
3,122.14,3.347,220.66,7.668,1955,52090.9,0,0
3,118.76,3.169,230.59,8.043,1930,52108.3,0,0
3,119.35,3.157,230.59,8.043,1930,52125.7,0,0
3,119.97,3.152,230.59,8.043,1930,52143.1,0,0
3,120.59,3.152,230.59,8.043,1930,52160.5,0,0
3,121.21,3.159,230.59,8.043,1930,52177.9,0,0
3,121.79,3.171,230.59,8.043,1930,52195.3,0,0
3,122.33,3.189,230.59,8.043,1930,52212.6,0,0
3,122.81,3.211,230.59,8.043,1930,52230.0,0,0
3,123.21,3.231,220.22,7.649,1905,52247.4,0,0
3,123.51,3.355,225.92,7.274,1880,52264.8,0,0
3,123.72,3.241,215.76,7.631,1905,52282.2,0,0
3,123.83,3.112,224.44,7.257,1880,52299.6,0,0
3,123.82,2.986,214.34,6.901,1855,52317.0,0,0
3,123.71,2.862,206.2,7.239,1880,52334.4,0,0
3,123.49,2.856,215.48,7.594,1875,52351.8,0,0
3,123.17,2.73,205.79,7.222,1850,52369.2,0,0
3,122.77,2.843,196.53,6.868,1825,52386.6,0,0
3,122.29,2.775,205.37,7.205,1850,52404.0,0,0
3,121.74,2.639,196.13,6.852,1825,52421.4,0,0
3,121.15,2.505,204.95,7.187,1850,52438.8,0,0
3,120.54,2.613,214.18,7.54,1875,52456.1,0,0
3,119.91,2.473,208.48,7.909,1900,52473.5,0,0
3,119.29,2.573,209.13,8.297,1875,52490.9,0,0
3,118.7,2.43,199.72,8.703,1850,52508.3,0,0
3,114.23,2.294,190.73,9.13,1825,52525.7,0,0
3,117.68,2.383,182.15,8.682,1800,52543.1,0,0
3,113.38,2.476,190.34,8.257,1825,52560.5,0,0
3,113.07,2.34,198.91,7.852,1800,52577.9,0,0
3,112.86,2.436,189.96,8.237,1825,52595.3,0,0
3,112.76,2.539,198.51,8.641,1800,52612.7,0,0
3,112.76,2.409,189.57,8.217,1825,52630.1,0,0
3,112.86,2.29,181.04,8.62,1850,52647.5,0,0
3,109.17,2.401,189.19,9.042,1825,52664.9,0,0
3,105.56,2.291,197.7,8.599,1836,52682.2,0,0
3,105.92,2.19,201.32,9.021,1811,52699.6,0,0
3,106.35,2.096,192.26,9.463,1836,52717.0,0,0
3,106.84,2.213,200.92,8.999,1861,52734.4,0,0
3,107.37,2.337,191.87,9.44,1836,52751.8,0,0
3,107.92,2.244,183.24,9.902,1861,52769.2,0,0
3,108.49,2.155,191.49,10.388,1836,52786.6,0,0
3,113.07,2.278,182.87,9.879,1811,52804.0,0,0
3,113.62,2.406,174.64,9.395,1836,52821.4,0,0
3,114.13,2.306,182.5,9.855,1861,52838.8,0,0
3,114.58,2.43,174.29,9.372,1836,52856.2,0,0
3,114.97,2.557,166.44,8.913,1861,52873.6,0,0
3,115.26,2.439,158.95,8.476,1836,52891.0,0,0
3,119.59,2.323,166.11,8.891,1861,52908.4,0,0
3,115.58,2.432,165.9,9.327,1836,52925.7,0,0
3,115.59,2.308,158.43,8.87,1861,52943.1,0,0
3,115.5,2.407,165.56,9.305,1886,52960.5,0,0
3,115.3,2.508,173.01,8.849,1861,52977.9,0,0
3,115.02,2.609,165.23,8.415,1836,52995.3,0,0
3,114.65,2.464,172.66,8.827,1861,53012.7,0,0
3,114.21,2.56,164.89,9.26,1836,53030.1,0,0
3,113.71,2.416,172.31,8.806,1861,53047.5,0,0
3,113.16,2.281,180.07,8.375,1836,53064.9,0,0
3,112.59,2.155,171.96,8.785,1861,53082.3,0,0
3,112.0,2.038,179.7,8.355,1836,53099.7,0,0
3,111.43,2.125,187.79,8.764,1811,53117.1,0,0
3,110.87,2.056,179.34,9.194,1836,53134.5,0,0
3,110.36,2.151,187.41,9.321,1861,53151.8,0,0
3,109.9,2.256,195.84,9.778,1886,53169.2,0,0
3,109.52,2.153,187.03,9.299,1861,53186.6,0,0
3,113.11,2.266,195.45,9.755,1836,53204.0,0,0
3,112.89,2.389,200.19,10.232,1861,53221.4,0,0
3,112.77,2.29,191.18,9.731,1836,53238.8,0,0
3,112.75,2.198,199.79,9.254,1811,53256.2,0,0
3,112.84,2.11,208.78,9.708,1836,53273.6,0,0
3,113.03,2.231,218.17,9.232,1861,53291.0,0,0
3,113.32,2.142,208.35,8.78,1836,53308.4,0,0
3,113.7,2.158,208.35,8.78,1836,53325.8,0,0
3,114.15,2.173,208.35,8.78,1836,53343.2,0,0
3,114.67,2.184,208.35,8.78,1836,53360.6,0,0
3,115.23,2.193,208.35,8.78,1836,53378.0,0,0
3,111.84,2.303,217.73,9.21,1861,53395.3,0,0
3,116.43,2.414,217.53,8.759,1836,53412.7,0,0
3,121.05,2.526,227.32,8.774,1861,53430.1,0,0
3,117.6,2.639,217.09,8.344,1836,53447.5,0,0
3,118.14,2.5,207.32,7.939,1861,53464.9,0,0
3,118.61,2.604,216.65,8.328,1886,53482.3,0,0
3,119.02,2.709,206.9,7.92,1861,53499.7,0,0
3,119.34,2.816,216.21,8.308,1836,53517.1,0,0
3,119.57,2.885,225.94,8.715,1861,53534.5,0,0
3,119.69,2.723,215.78,9.143,1836,53551.9,0,0
3,119.71,2.806,206.07,8.695,1841,53569.3,0,0
3,119.63,2.919,196.79,8.269,1866,53586.7,0,0
3,119.44,2.901,196.79,8.269,1866,53604.1,0,0
3,119.16,2.887,196.79,8.269,1866,53621.5,0,0
3,118.79,2.878,196.79,8.269,1866,53638.8,0,0
3,118.34,2.874,196.79,8.269,1866,53656.2,0,0
3,117.83,2.876,196.79,8.269,1866,53673.6,0,0
3,117.27,2.746,187.94,7.863,1841,53691.0,0,0
3,116.68,2.625,196.39,7.478,1816,53708.4,0,0
3,116.07,2.514,205.23,7.844,1841,53725.8,0,0
3,115.47,2.411,196.0,8.229,1816,53743.2,0,0
3,114.89,2.547,187.18,7.826,1791,53760.6,0,0
3,118.29,2.693,195.6,8.209,1816,53778.0,0,0
3,117.79,2.847,186.8,7.807,1791,53795.4,0,0
3,117.37,3.008,181.02,7.808,1788,53812.8,0,0
3,117.03,3.177,189.16,8.191,1813,53830.2,0,0
3,116.79,3.044,197.67,7.884,1788,53847.6,0,0
3,116.66,3.207,206.57,8.27,1763,53864.9,0,0
3,116.63,3.373,215.86,7.865,1748,53882.3,0,0
3,116.71,3.542,206.15,7.479,1723,53899.7,0,0
3,116.89,3.45,196.87,7.113,1748,53917.1,0,0
3,117.18,3.279,188.01,7.462,1773,53934.5,0,0
3,117.56,3.424,196.48,7.096,1748,53951.9,0,0
3,118.02,3.277,205.32,7.444,1773,53969.3,0,0
3,118.54,3.1,196.08,7.808,1748,53986.7,0,0
3,119.12,2.929,187.25,7.88,1723,54004.1,0,0
3,119.73,3.045,195.68,8.266,1698,54021.5,0,0
3,123.45,3.163,202.2,7.861,1723,54038.9,0,0
3,124.09,2.986,193.1,8.246,1748,54056.3,0,0
3,124.71,2.819,201.79,7.842,1723,54073.7,0,0
3,125.28,2.664,192.71,7.458,1698,54091.1,0,0
3,125.79,2.52,193.09,7.092,1723,54108.4,0,0
3,126.23,2.509,193.09,7.092,1723,54125.8,0,0
3,126.59,2.501,193.09,7.092,1723,54143.2,0,0
3,126.84,2.499,193.09,7.092,1723,54160.6,0,0
3,126.99,2.501,193.09,7.092,1723,54178.0,0,0
3,127.02,2.508,193.09,7.092,1723,54195.4,0,0
3,131.07,2.641,201.78,7.44,1748,54212.8,0,0
3,130.88,2.657,201.78,7.44,1748,54230.2,0,0
3,130.58,2.676,201.78,7.44,1748,54247.6,0,0
3,130.19,2.698,201.78,7.44,1748,54265.0,0,0
3,129.7,2.722,201.78,7.44,1748,54282.4,0,0
3,129.15,2.745,201.78,7.44,1748,54299.8,0,0
3,128.54,2.768,201.78,7.44,1748,54317.2,0,0
3,127.9,2.789,201.78,7.44,1748,54334.5,0,0
3,127.24,2.807,201.78,7.44,1748,54351.9,0,0
3,126.58,2.957,198.99,7.804,1723,54369.3,0,0
3,125.94,2.825,207.95,8.187,1732,54386.7,0,0
3,125.34,2.795,198.59,7.786,1757,54404.1,0,0
3,124.81,2.929,207.52,8.167,1782,54421.5,0,0
3,128.26,2.783,198.19,7.767,1807,54438.9,0,0
3,127.88,2.773,198.19,7.767,1807,54456.3,0,0
3,127.6,2.759,198.19,7.767,1807,54473.7,0,0
3,127.43,2.741,198.19,7.767,1807,54491.1,0,0
3,127.39,2.721,198.19,7.767,1807,54508.5,0,0
3,127.46,2.698,198.19,7.767,1807,54525.9,0,0
3,127.65,2.675,198.19,7.767,1807,54543.3,0,0
3,127.95,2.652,198.19,7.767,1807,54560.7,0,0
3,124.44,2.757,207.1,8.148,1782,54578.0,0,0
3,124.92,2.868,216.42,8.547,1757,54595.4,0,0
3,125.47,2.987,206.68,8.966,1732,54612.8,0,0
3,126.07,3.117,197.38,8.526,1757,54630.2,0,0
3,126.71,3.257,206.27,8.109,1732,54647.6,0,0
3,127.38,3.098,198.91,7.711,1757,54665.0,0,0
3,128.04,2.953,204.88,8.089,1782,54682.4,0,0
3,128.67,2.94,195.66,7.693,1757,54699.8,0,0
3,125.21,3.096,194.98,8.07,1782,54717.2,0,0
3,125.73,2.966,186.21,7.674,1807,54734.6,0,0
3,126.18,3.131,177.83,7.298,1832,54752.0,0,0
3,126.55,3.308,185.83,7.656,1807,54769.4,0,0
3,126.81,3.497,194.19,8.031,1782,54786.8,0,0
3,126.97,3.697,185.45,8.424,1807,54804.1,0,0
3,114.32,2.484,193.8,8.012,1832,54821.5,1,0
3,126.97,3.575,193.8,8.012,1832,54838.9,0,0
3,126.79,3.598,193.8,8.012,1832,54856.3,0,0
3,126.52,3.615,193.8,8.012,1832,54873.7,0,0
3,126.15,3.627,193.8,8.012,1832,54891.1,0,0
3,125.69,3.633,193.8,8.012,1832,54908.5,0,0
3,125.16,3.632,193.8,8.012,1832,54925.9,0,0
3,120.54,3.451,202.52,8.404,1807,54943.3,0,0
3,119.94,3.603,193.41,7.992,1801,54960.7,0,0
3,119.32,3.412,202.11,7.601,1826,54978.1,0,0
3,118.7,3.552,211.21,7.973,1806,54995.5,0,0
3,118.1,3.694,220.71,8.364,1781,55012.9,0,0
3,117.54,3.84,210.78,7.954,1756,55030.3,0,0
3,117.03,3.624,220.26,7.564,1781,55047.6,0,0
3,116.59,3.42,210.35,7.194,1799,55065.0,0,0
3,116.23,3.23,200.88,7.546,1824,55082.4,0,0
3,115.97,3.361,191.85,7.176,1849,55099.8,0,0
3,115.8,3.501,200.48,7.342,1824,55117.2,0,0
3,115.75,3.319,191.46,7.702,1849,55134.6,0,0
3,115.8,3.469,200.07,7.324,1824,55152.0,0,0
3,115.96,3.301,209.08,7.683,1849,55169.4,0,0
3,120.11,3.146,199.67,8.06,1874,55186.8,0,0
3,120.48,3.005,190.68,8.455,1849,55204.2,0,0
3,120.93,2.875,199.26,8.869,1824,55221.6,0,0
3,121.45,3.032,190.3,8.939,1799,55239.0,0,0
3,122.03,3.202,198.86,8.501,1824,55256.4,0,0
3,122.65,3.073,198.73,8.084,1799,55273.7,0,0
3,123.29,2.951,207.67,8.133,1774,55291.1,0,0
3,123.93,3.12,217.01,7.734,1799,55308.5,0,0
3,124.56,2.994,207.25,7.355,1774,55325.9,0,0
3,121.08,2.872,216.57,7.716,1749,55343.3,0,0
3,117.52,2.751,226.32,8.094,1774,55360.7,0,0
3,117.95,2.631,216.14,7.697,1799,55378.1,0,0
3,118.3,2.513,225.86,8.074,1774,55395.5,0,0
3,118.56,2.637,215.7,7.679,1749,55412.9,0,0
3,118.72,2.509,205.99,8.055,1724,55430.3,0,0
3,118.79,2.624,215.26,7.66,1749,55447.7,0,0
3,118.74,2.739,205.58,7.285,1724,55465.1,0,0
3,118.6,2.725,205.58,7.285,1724,55482.5,0,0
3,118.35,2.706,205.58,7.285,1724,55499.9,0,0
3,118.01,2.685,205.58,7.285,1724,55517.2,0,0
3,117.6,2.663,205.58,7.285,1724,55534.6,0,0
3,117.11,2.64,205.58,7.285,1724,55552.0,0,0
3,116.57,2.617,205.58,7.285,1724,55569.4,0,0
3,115.99,2.597,205.58,7.285,1724,55586.8,0,0
3,115.39,2.578,205.58,7.285,1724,55604.2,0,0
3,114.8,2.44,214.83,7.642,1749,55621.6,0,0
3,114.21,2.314,210.48,8.016,1724,55639.0,0,0
3,113.66,2.197,201.0,7.623,1699,55656.4,0,0
3,113.16,2.091,210.05,7.997,1724,55673.8,0,0
3,112.73,2.195,200.6,8.389,1749,55691.2,0,0
3,112.37,2.096,191.57,7.978,1724,55708.6,0,0
3,112.1,2.208,200.19,7.587,1699,55726.0,0,0
3,111.93,2.329,209.2,7.959,1724,55743.3,0,0
3,107.99,2.234,199.79,7.604,1749,55760.7,0,0
3,110.93,2.145,208.78,7.231,1724,55778.1,0,0
3,107.18,2.06,218.17,6.942,1749,55795.5,0,0
3,107.41,2.177,208.35,6.602,1774,55812.9,0,0
3,107.73,2.3,198.98,6.925,1751,55830.3,0,0
3,108.12,2.428,207.93,6.586,1776,55847.7,0,0
3,108.59,2.56,198.57,6.263,1751,55865.1,0,0
3,113.06,2.696,197.39,6.57,1776,55882.5,0,0
3,117.6,2.833,206.27,6.248,1751,55899.9,0,0
3,118.21,2.973,203.61,6.554,1726,55917.3,0,0
3,118.83,3.114,212.77,6.874,1751,55934.7,0,0
3,119.43,2.957,222.35,7.211,1726,55952.1,0,0
3,120.0,2.804,212.34,6.857,1701,55969.5,0,0
3,120.51,2.741,202.79,7.194,1726,55986.8,0,0
3,125.05,2.592,200.58,7.546,1701,56004.2,0,0
3,129.54,2.695,209.6,7.176,1676,56021.6,0,0
3,129.84,2.544,200.17,6.825,1701,56039.0,0,0
3,130.03,2.643,191.16,7.159,1726,56056.4,0,0
3,130.11,2.495,184.34,7.51,1751,56073.8,0,0
3,130.08,2.594,176.04,7.142,1765,56091.2,0,0
3,129.93,2.452,168.12,6.792,1790,56108.6,0,0
3,129.67,2.556,175.68,7.125,1815,56126.0,0,0
3,133.41,2.423,183.59,7.474,1840,56143.4,0,0
3,132.95,2.534,175.33,7.108,1846,56160.8,0,0
3,132.41,2.412,167.44,7.456,1821,56178.2,0,0
3,131.81,2.532,159.9,7.09,1846,56195.6,0,0
3,131.16,2.419,167.1,7.191,1821,56213.0,0,0
3,126.48,2.315,174.62,6.839,1846,56230.3,0,0
3,125.82,2.442,182.48,7.174,1871,56247.7,0,0
3,125.18,2.579,190.69,6.823,1896,56265.1,0,0
3,124.57,2.726,199.27,7.157,1871,56282.5,0,0
3,124.02,2.618,190.3,6.806,1846,56299.9,0,0
3,123.53,2.513,198.87,6.473,1863,56317.3,0,0
3,123.13,2.412,189.92,6.79,1888,56334.7,0,0
3,122.82,2.546,181.37,7.123,1863,56352.1,0,0
3,122.63,2.684,189.53,6.774,1888,56369.5,0,0
3,122.54,2.731,198.06,7.106,1863,56386.9,0,0
3,122.56,2.87,206.97,7.454,1838,56404.3,0,0
3,122.7,3.011,216.29,7.819,1863,56421.7,0,0
3,122.95,3.153,206.55,8.202,1838,56439.1,0,0
3,123.3,3.296,197.26,7.8,1863,56456.4,0,0
3,123.74,3.44,188.38,7.418,1838,56473.8,0,0
3,124.26,3.256,196.86,7.054,1863,56491.2,0,0
3,128.8,3.079,188.0,6.709,1838,56508.6,0,0
3,133.42,2.908,179.54,6.38,1813,56526.0,0,0
3,134.11,2.883,179.54,6.38,1813,56543.4,0,0
3,134.81,2.858,179.54,6.38,1813,56560.8,0,0
3,135.5,2.834,179.54,6.38,1813,56578.2,0,0
3,136.14,2.812,179.54,6.38,1813,56595.6,0,0
3,136.74,2.793,179.54,6.38,1813,56613.0,0,0
3,137.26,2.777,179.54,6.38,1813,56630.4,0,0
3,137.69,2.767,179.54,6.38,1813,56647.8,0,0
3,138.03,2.761,179.54,6.38,1813,56665.2,0,0
3,138.24,2.894,187.62,6.693,1838,56682.6,0,0
3,138.35,2.76,196.06,7.021,1863,56699.9,0,0
3,138.33,2.903,204.89,6.807,1838,56717.3,0,0
3,138.18,2.779,214.11,7.141,1863,56734.7,0,0
3,137.93,2.664,204.47,7.491,1838,56752.1,0,0
3,137.56,2.556,213.67,7.858,1863,56769.5,0,0
3,137.1,2.701,223.29,8.243,1838,56786.9,0,0
3,134.33,2.855,233.34,7.839,1863,56804.3,0,0
3,133.72,2.741,243.84,7.455,1838,56821.7,0,0
3,133.07,2.896,242.06,7.089,1863,56839.1,0,0
3,132.39,3.056,231.17,6.742,1838,56856.5,0,0
3,131.7,3.222,220.77,7.072,1863,56873.9,0,0
3,131.02,3.08,230.7,7.419,1838,56891.3,0,0
3,130.38,3.237,220.32,7.055,1813,56908.7,0,0
3,125.86,3.084,230.23,7.401,1788,56926.0,0,0
3,129.27,2.933,219.87,7.038,1767,56943.4,0,0
3,128.84,3.066,209.98,6.694,1792,56960.8,0,0
3,128.51,2.906,219.43,6.424,1767,56978.2,0,0
3,128.29,2.75,209.55,6.109,1742,56995.6,0,0
3,128.18,2.862,200.12,6.409,1767,57013.0,0,0
3,128.19,2.975,209.13,6.095,1742,57030.4,0,0
3,128.32,2.808,199.72,6.393,1717,57047.8,0,0
3,128.02,2.918,190.73,6.08,1742,57065.2,0,0
3,124.47,3.032,199.31,6.378,1767,57082.6,0,0
3,128.19,3.153,190.35,6.066,1742,57100.0,0,0
3,128.72,3.282,198.91,5.768,1767,57117.4,0,0
3,129.32,3.108,189.96,6.051,1792,57134.8,0,0
3,129.96,3.245,198.51,6.348,1817,57152.2,0,0
3,130.64,3.084,207.44,6.659,1792,57169.5,0,0
3,131.32,3.233,216.78,6.985,1767,57186.9,0,0
3,131.99,3.084,207.02,6.643,1792,57204.3,0,0
3,132.63,3.245,197.7,6.317,1767,57221.7,0,0
3,133.21,3.383,188.81,6.627,1767,57239.1,0,0
3,133.73,3.243,197.3,6.951,1742,57256.5,0,0
3,134.17,3.425,206.18,6.611,1767,57273.9,0,0
3,134.5,3.289,196.9,6.287,1742,57291.3,0,0
3,134.73,3.158,205.77,5.979,1767,57308.7,0,0
3,134.84,3.032,197.11,6.272,1792,57326.1,0,0
3,134.84,3.056,197.11,6.272,1792,57343.5,0,0
3,134.72,3.077,197.11,6.272,1792,57360.9,0,0
3,134.48,3.095,197.11,6.272,1792,57378.3,0,0
3,134.13,3.107,197.11,6.272,1792,57395.6,0,0
3,133.69,3.115,197.11,6.272,1792,57413.0,0,0
3,133.17,3.117,197.11,6.272,1792,57430.4,0,0
3,136.63,2.964,188.24,5.964,1817,57447.8,0,0
3,135.97,2.956,188.24,5.964,1817,57465.2,0,0
3,135.27,2.942,188.24,5.964,1817,57482.6,0,0
3,134.57,2.925,188.24,5.964,1817,57500.0,0,0
3,133.88,2.904,188.24,5.964,1817,57517.4,0,0
3,133.22,2.881,188.24,5.964,1817,57534.8,0,0
3,132.61,2.856,188.24,5.964,1817,57552.2,0,0
3,132.07,2.831,188.24,5.964,1817,57569.6,0,0
3,131.62,2.808,188.24,5.964,1817,57587.0,0,0
3,131.26,2.786,188.24,5.964,1817,57604.4,0,0
3,131.02,2.768,188.24,5.964,1817,57621.8,0,0
3,130.9,2.754,188.24,5.964,1817,57639.1,0,0
3,130.89,2.744,188.24,5.964,1817,57656.5,0,0
3,131.01,2.74,188.24,5.964,1817,57673.9,0,0
3,131.25,2.741,188.24,5.964,1817,57691.3,0,0
3,131.6,2.747,188.24,5.964,1817,57708.7,0,0
3,135.96,2.626,196.71,6.257,1842,57726.1,0,0
3,140.44,2.514,205.56,6.563,1864,57743.5,0,0
3,141.09,2.532,205.56,6.563,1864,57760.9,0,0
3,141.78,2.552,205.56,6.563,1864,57778.3,0,0
3,142.52,2.574,205.56,6.563,1864,57795.7,0,0
3,143.26,2.596,205.56,6.563,1864,57813.1,0,0
3,148.02,2.617,196.31,6.885,1889,57830.5,0,0
3,148.75,2.511,205.15,6.547,1864,57847.9,0,0
3,149.41,2.65,195.92,6.353,1839,57865.2,0,0
3,150.0,2.536,204.73,6.664,1814,57882.6,0,0
3,150.0,2.669,195.52,6.99,1789,57900.0,0,0
3,150.0,2.803,186.72,6.648,1781,57917.4,0,0
3,150.0,2.67,182.59,6.974,1756,57934.8,0,0
3,150.0,2.795,181.09,6.632,1781,57952.2,0,0
3,150.0,2.652,172.94,6.957,1806,57969.6,0,0
3,150.0,2.767,180.73,6.616,1781,57987.0,0,0
3,150.0,2.882,172.59,6.292,1806,58004.4,0,0
3,150.0,2.724,180.36,6.6,1831,58021.8,0,0
3,150.0,2.831,188.48,6.924,1856,58039.2,0,0
3,149.52,2.942,196.96,6.584,1831,58056.6,0,0
3,148.86,2.776,188.09,6.907,1856,58074.0,0,0
3,148.15,2.886,187.88,7.245,1881,58091.4,0,0
3,147.4,3.001,179.43,6.89,1856,58108.7,0,0
3,146.63,2.839,187.5,7.228,1881,58126.1,0,0
3,145.88,2.689,195.94,7.582,1906,58143.5,0,0
3,141.2,2.551,187.12,7.211,1931,58160.9,0,0
3,140.55,2.548,187.12,7.211,1931,58178.3,0,0
3,139.97,2.549,187.12,7.211,1931,58195.7,0,0
3,139.47,2.555,187.12,7.211,1931,58213.1,0,0
3,139.09,2.566,187.12,7.211,1931,58230.5,0,0
3,138.81,2.581,187.12,7.211,1931,58247.9,0,0
3,138.67,2.6,187.12,7.211,1931,58265.3,0,0
3,138.65,2.621,187.12,7.211,1931,58282.7,0,0
3,142.64,2.77,195.54,7.564,1906,58300.1,0,0
3,142.88,2.928,186.74,7.193,1881,58317.5,0,0
3,143.25,2.811,191.22,7.546,1906,58334.9,0,0
3,143.72,2.906,182.61,7.176,1931,58352.2,0,0
3,144.3,2.785,174.4,6.824,1906,58369.6,0,0
3,141.0,2.665,182.24,7.159,1881,58387.0,0,0
3,141.69,2.676,182.24,7.159,1881,58404.4,0,0
3,142.42,2.681,182.24,7.159,1881,58421.8,0,0
3,143.17,2.682,182.24,7.159,1881,58439.2,0,0
3,143.9,2.678,182.24,7.159,1881,58456.6,0,0
3,130.15,1.869,182.24,7.159,1881,58474.0,1,0
3,145.27,2.657,182.24,7.159,1881,58491.4,0,0
3,145.86,2.64,182.24,7.159,1881,58508.8,0,0
3,146.35,2.621,182.24,7.159,1881,58526.2,0,0
3,146.75,2.599,182.24,7.159,1881,58543.6,0,0
3,147.03,2.577,182.24,7.159,1881,58561.0,0,0
3,147.18,2.555,182.24,7.159,1881,58578.3,0,0
3,147.21,2.412,174.04,6.808,1906,58595.7,0,0
3,147.11,2.509,166.21,6.474,1881,58613.1,0,0
3,146.88,2.613,158.73,6.157,1906,58630.5,0,0
3,146.53,2.725,165.87,6.459,1931,58647.9,0,0
3,146.08,2.586,173.34,6.142,1956,58665.3,0,0
3,149.6,2.707,181.14,5.841,1931,58682.7,0,0
3,148.95,2.709,181.14,5.841,1931,58700.1,0,0
3,148.24,2.716,181.14,5.841,1931,58717.5,0,0
3,147.49,2.728,181.14,5.841,1931,58734.9,0,0
3,146.73,2.745,181.14,5.841,1931,58752.3,0,0
3,145.97,2.764,181.14,5.841,1931,58769.7,0,0
3,145.24,2.787,181.14,5.841,1931,58787.1,0,0
3,144.56,2.811,181.14,5.841,1931,58804.5,0,0
3,143.95,2.835,181.14,5.841,1931,58821.8,0,0
3,143.44,2.859,181.14,5.841,1931,58839.2,0,0
3,143.02,2.881,181.14,5.841,1931,58856.6,0,0
3,142.73,2.9,181.14,5.841,1931,58874.0,0,0
3,142.56,2.915,181.14,5.841,1931,58891.4,0,0
3,142.52,2.926,181.14,5.841,1931,58908.8,0,0
3,138.74,2.791,172.99,6.128,1956,58926.2,0,0
3,138.96,2.925,165.2,5.827,1931,58943.6,0,0
3,139.3,3.061,172.64,5.775,1906,58961.0,0,0
3,139.75,2.904,180.41,5.492,1881,58978.4,0,0
3,140.29,3.028,172.29,5.223,1856,58995.8,0,0
3,140.92,3.153,180.04,5.479,1839,59013.2,0,0
3,141.6,3.105,179.91,5.211,1864,59030.6,0,0
3,138.35,3.227,171.81,5.466,1889,59047.9,0,0
3,139.07,3.199,171.81,5.466,1889,59065.3,0,0
3,139.79,3.172,171.81,5.466,1889,59082.7,0,0
3,140.48,3.146,171.81,5.466,1889,59100.1,0,0
3,141.13,3.123,171.81,5.466,1889,59117.5,0,0
3,141.71,3.103,171.81,5.466,1889,59134.9,0,0
3,142.2,2.941,179.54,5.734,1864,59152.3,0,0
3,142.6,2.791,171.46,5.453,1846,59169.7,0,0
3,142.88,2.922,163.75,5.72,1821,59187.1,0,0
3,143.05,2.784,171.12,6.0,1846,59204.5,0,0
3,143.09,2.658,178.82,6.294,1821,59221.9,0,0
3,143.01,2.542,170.77,5.986,1846,59239.3,0,0
3,138.69,2.681,178.46,6.279,1851,59256.7,0,0
3,138.38,2.701,178.46,6.279,1851,59274.1,0,0
3,137.96,2.723,178.46,6.279,1851,59291.4,0,0
3,137.45,2.746,178.46,6.279,1851,59308.8,0,0
3,136.86,2.77,178.46,6.279,1851,59326.2,0,0
3,136.22,2.793,178.46,6.279,1851,59343.6,0,0
3,135.54,2.814,178.46,6.279,1851,59361.0,0,0
3,134.83,2.832,178.46,6.279,1851,59378.4,0,0
3,130.16,2.837,170.42,6.587,1876,59395.8,0,0
3,129.5,2.984,162.76,6.264,1851,59413.2,0,0
3,128.89,2.846,155.43,6.571,1876,59430.6,0,0
3,128.34,2.963,162.43,6.249,1901,59448.0,0,0
3,127.87,2.818,155.12,6.555,1876,59465.4,0,0
3,131.38,2.942,162.1,6.761,1901,59482.8,0,0
3,134.98,3.068,154.8,6.43,1876,59500.2,0,0
3,130.93,3.173,161.77,6.115,1851,59517.5,0,0
3,127.0,2.998,169.05,6.414,1876,59534.9,0,0
3,123.19,2.83,161.44,6.1,1851,59552.3,0,0
3,119.48,2.671,168.71,5.801,1869,59569.7,0,0
3,119.76,2.521,176.3,6.085,1894,59587.1,0,0
3,120.14,2.381,168.36,6.383,1869,59604.5,0,0
3,120.6,2.477,175.94,6.696,1844,59621.9,0,0
3,121.13,2.58,183.86,7.024,1869,59639.3,0,0
3,121.71,2.635,192.13,7.368,1844,59656.7,0,0
3,118.35,2.697,200.78,7.73,1869,59674.1,0,0
3,118.97,2.566,209.81,7.351,1844,59691.5,0,0
3,119.59,2.46,200.37,7.711,1819,59708.9,0,0
3,120.18,2.585,209.39,8.089,1844,59726.3,0,0
3,120.74,2.473,206.53,8.485,1819,59743.7,0,0
3,121.25,2.608,197.24,8.069,1844,59761.0,0,0
3,121.68,2.754,190.5,8.465,1869,59778.4,0,0
3,122.03,2.91,199.08,8.88,1894,59795.8,0,0
3,122.29,2.973,190.12,8.444,1869,59813.2,0,0
3,122.45,2.855,198.67,8.031,1844,59830.6,0,0
3,122.5,3.017,207.61,8.424,1869,59848.0,0,0
3,122.44,2.893,198.27,8.011,1894,59865.4,0,0
3,122.27,2.772,207.19,8.404,1869,59882.8,0,0
3,122.01,2.919,216.52,8.816,1894,59900.2,0,0
3,117.56,2.789,206.77,8.384,1869,59917.6,0,0
3,121.21,2.659,197.47,8.795,1844,59935.0,0,0
3,120.7,2.786,197.97,8.364,1819,59952.4,0,0
3,120.14,2.914,197.26,8.773,1844,59969.8,0,0
3,119.54,3.042,206.14,9.203,1819,59987.1,0,0
3,118.92,3.172,196.86,8.752,1794,60004.5,0,0
3,118.31,2.999,205.72,9.181,1796,60021.9,0,0
3,117.71,2.834,214.98,9.631,1771,60039.3,0,0
3,117.15,2.675,224.65,10.103,1746,60056.7,0,0
3,120.56,2.71,214.55,9.608,1721,60074.1,0,0
3,120.11,2.558,204.89,9.137,1696,60091.5,0,0
3,119.74,2.659,195.67,8.69,1721,60108.9,0,0
3,119.47,2.675,204.48,8.264,1696,60126.3,0,0
3,119.3,2.787,213.68,8.669,1721,60143.7,0,0
3,119.24,2.908,204.06,8.244,1696,60161.1,0,0
3,119.29,2.762,194.88,7.84,1721,60178.5,0,0
3,119.46,2.627,186.11,7.456,1735,60195.9,0,0
3,119.72,2.504,194.48,7.821,1760,60213.3,0,0
3,120.09,2.392,203.24,8.204,1785,60230.6,0,0
3,120.54,2.519,194.09,7.802,1760,60248.0,0,0
3,121.06,2.657,202.82,8.185,1735,60265.4,0,0
3,121.64,2.548,211.95,8.586,1710,60282.8,0,0
3,118.28,2.693,221.49,9.006,1731,60300.2,0,0
3,114.89,2.847,211.52,9.138,1756,60317.6,0,0
3,115.49,2.802,202.0,9.586,1781,60335.0,0,0
3,116.07,2.689,209.32,9.116,1756,60352.4,0,0
3,116.62,2.839,199.91,8.669,1781,60369.8,0,0
3,117.11,2.72,208.9,8.244,1806,60387.2,0,0
3,117.54,2.601,199.5,8.648,1831,60404.6,0,0
3,117.89,2.61,199.5,8.648,1831,60422.0,0,0
3,118.15,2.613,199.5,8.648,1831,60439.4,0,0
3,118.31,2.612,199.5,8.648,1831,60456.8,0,0
3,118.38,2.607,199.5,8.648,1831,60474.1,0,0
3,118.33,2.596,199.5,8.648,1831,60491.5,0,0
3,118.19,2.582,199.5,8.648,1831,60508.9,0,0
3,117.94,2.565,199.5,8.648,1831,60526.3,0,0
3,113.51,2.423,190.52,8.225,1856,60543.7,0,0
3,113.11,2.518,199.1,8.628,1881,60561.1,0,0
3,112.65,2.377,208.06,8.205,1856,60578.5,0,0
3,112.13,2.351,198.69,7.803,1831,60595.9,0,0
3,111.57,2.444,203.98,7.42,1806,60613.3,0,0
3,111.0,2.544,194.8,7.784,1831,60630.7,0,0
3,110.42,2.407,203.57,8.166,1806,60648.1,0,0
3,109.86,2.512,194.41,7.765,1831,60665.5,0,0
3,109.33,2.627,185.66,8.146,1806,60682.9,0,0
3,104.92,2.648,177.3,7.747,1781,60700.2,0,0
3,104.52,2.652,177.3,7.747,1781,60717.6,0,0
3,104.19,2.661,177.3,7.747,1781,60735.0,0,0
3,103.94,2.675,177.3,7.747,1781,60752.4,0,0
3,103.78,2.692,177.3,7.747,1781,60769.8,0,0
3,103.72,2.713,177.3,7.747,1781,60787.2,0,0
3,103.75,2.735,177.3,7.747,1781,60804.6,0,0
3,103.88,2.759,177.3,7.747,1781,60822.0,0,0
3,100.21,2.649,185.28,7.367,1806,60839.4,0,0
3,100.51,2.799,176.94,7.728,1831,60856.8,0,0
3,100.87,2.955,168.98,8.107,1856,60874.2,0,0
3,101.3,3.115,176.59,8.504,1831,60891.6,0,0
3,101.78,3.28,168.64,8.087,1806,60909.0,0,0
3,102.3,3.448,162.86,8.484,1831,60926.4,0,0
3,102.83,3.618,170.19,8.899,1856,60943.7,0,0
3,103.37,3.442,162.53,8.463,1831,60961.1,0,0
3,107.93,3.599,169.85,8.049,1806,60978.5,0,0
3,108.44,3.412,177.49,8.443,1831,60995.9,0,0
3,108.9,3.556,169.5,8.029,1856,61013.3,0,0
3,109.31,3.701,177.13,8.423,1831,61030.7,0,0
3,109.65,3.496,185.1,8.01,1856,61048.1,0,0
3,109.9,3.492,193.43,8.402,1881,61065.5,0,0
3,110.06,3.295,184.73,7.991,1856,61082.9,0,0
3,114.25,3.111,176.41,7.599,1881,61100.3,0,0
3,114.22,3.234,168.47,7.227,1906,61117.7,0,0
3,114.1,3.058,176.06,7.581,1881,61135.1,0,0
3,113.87,3.186,168.13,7.209,1856,61152.5,0,0
3,113.56,3.021,175.7,7.563,1831,61169.8,0,0
3,113.17,3.159,167.79,7.192,1856,61187.2,0,0
3,112.71,3.007,175.34,7.545,1831,61204.6,0,0
3,112.19,3.107,183.23,7.175,1806,61222.0,0,0
3,111.64,2.968,191.48,6.823,1831,61239.4,0,0
3,111.07,2.841,182.86,7.158,1856,61256.8,0,0
3,110.49,2.997,191.09,7.508,1831,61274.2,0,0
3,113.89,2.875,182.49,7.14,1806,61291.6,0,0
3,109.39,3.039,174.28,6.791,1831,61309.0,0,0
3,108.91,3.065,174.28,6.791,1831,61326.4,0,0
3,108.48,3.091,174.28,6.791,1831,61343.8,0,0
3,108.13,3.116,174.28,6.791,1831,61361.2,0,0
3,107.86,3.139,174.28,6.791,1831,61378.6,0,0
3,107.68,3.006,182.12,7.123,1856,61396.0,0,0
3,107.6,3.164,190.32,7.472,1881,61413.3,0,0
3,107.63,3.021,198.88,7.839,1906,61430.7,0,0
3,107.75,3.169,189.93,8.223,1931,61448.1,0,0
3,107.97,3.319,198.48,8.587,1906,61465.5,0,0
3,108.27,3.151,189.55,9.008,1903,61482.9,0,0
3,108.66,2.988,181.02,9.449,1928,61500.3,0,0
3,109.12,3.113,172.87,8.986,1903,61517.7,0,0
3,109.63,3.24,180.65,9.427,1928,61535.1,0,0
3,110.18,3.06,188.78,9.889,1903,61552.5,0,0
3,110.75,2.889,197.28,10.373,1878,61569.9,0,0
3,111.33,2.726,206.15,10.881,1853,61587.3,0,0
3,111.89,2.833,215.43,11.415,1828,61604.7,0,0
3,112.43,2.946,205.74,10.855,1853,61622.1,0,0
3,112.92,3.066,214.99,10.323,1828,61639.4,0,0
3,113.35,3.196,205.32,9.817,1803,61656.8,0,0
3,113.71,3.336,214.56,10.299,1828,61674.2,0,0
3,113.98,3.17,224.21,10.803,1853,61691.6,0,0
3,114.17,3.322,214.12,10.274,1828,61709.0,0,0
3,114.25,3.168,223.69,10.777,1853,61726.4,0,0
3,114.23,3.027,233.76,10.249,1878,61743.8,0,0
3,118.23,3.19,223.24,9.747,1903,61761.2,0,0
3,118.01,3.211,223.24,9.747,1903,61778.6,0,0
3,117.7,3.237,223.24,9.747,1903,61796.0,0,0
3,117.3,3.264,223.24,9.747,1903,61813.4,0,0
3,116.83,3.293,223.24,9.747,1903,61830.8,0,0
3,116.31,3.321,223.24,9.747,1903,61848.2,0,0
3,115.74,3.347,223.24,9.747,1903,61865.6,0,0
3,115.15,3.371,223.24,9.747,1903,61882.9,0,0
3,114.55,3.553,213.19,9.269,1878,61900.3,0,0
3,113.96,3.74,203.6,8.815,1903,61917.7,0,0
3,113.4,3.93,194.44,8.383,1878,61935.1,0,0
3,112.89,3.744,185.69,7.972,1903,61952.5,0,0
3,112.44,3.92,194.04,8.363,1878,61969.9,0,0
3,112.07,4.097,202.78,7.953,1853,61987.3,0,0
3,111.78,3.884,211.9,8.343,1828,62004.7,0,0
3,111.58,3.676,202.36,7.934,1853,62022.1,0,0
3,111.49,3.475,193.26,7.545,1828,62039.5,0,0
3,111.5,3.282,184.56,7.176,1853,62056.9,0,0
3,111.61,3.098,176.26,7.459,1828,62074.3,0,0
3,107.93,2.923,168.32,7.093,1803,62091.7,0,0
3,108.23,2.899,168.32,7.093,1803,62109.0,0,0
3,108.61,2.876,168.32,7.093,1803,62126.4,0,0
3,109.06,2.857,168.32,7.093,1803,62143.8,0,0
3,109.56,2.842,168.32,7.093,1803,62161.2,0,0
3,106.14,2.696,160.75,6.746,1778,62178.6,0,0
3,102.7,2.562,167.98,7.076,1803,62196.0,0,0
3,103.23,2.439,160.42,6.729,1778,62213.4,0,0
3,103.76,2.327,167.64,6.4,1753,62230.8,0,0
3,104.26,2.448,160.1,6.713,1778,62248.2,0,0
3,104.72,2.58,167.3,7.042,1803,62265.6,0,0
3,105.13,2.722,174.83,6.759,1816,62283.0,0,0
3,109.57,2.612,174.23,6.556,1841,62300.4,0,0
3,109.85,2.634,174.23,6.556,1841,62317.8,0,0
3,110.03,2.657,174.23,6.556,1841,62335.2,0,0
3,110.12,2.68,174.23,6.556,1841,62352.5,0,0
3,110.12,2.701,174.23,6.556,1841,62369.9,0,0
3,110.02,2.72,174.23,6.556,1841,62387.3,0,0
3,109.83,2.735,174.23,6.556,1841,62404.7,0,0
3,109.55,2.747,174.23,6.556,1841,62422.1,0,0
3,109.19,2.753,174.23,6.556,1841,62439.5,0,0
3,112.83,2.765,182.07,6.455,1816,62456.9,0,0
3,112.33,2.63,190.26,6.138,1791,62474.3,0,0
3,111.78,2.496,198.82,6.439,1766,62491.7,0,0
3,111.21,2.581,189.87,6.124,1791,62509.1,0,0
3,110.64,2.689,181.33,6.424,1816,62526.5,0,0
3,106.1,2.541,189.49,6.738,1841,62543.9,0,0
3,103.58,2.642,180.96,7.069,1866,62561.3,0,0
3,99.17,2.494,189.11,6.722,1841,62578.6,0,0
3,94.86,2.353,197.62,6.393,1816,62596.0,0,0
3,94.53,2.446,188.72,6.706,1841,62613.4,0,0
3,94.28,2.544,180.23,7.035,1866,62630.8,0,0
3,94.1,2.648,179.18,6.69,1891,62648.2,0,0
3,94.01,2.761,187.25,7.018,1891,62665.6,0,0
3,97.89,2.883,178.82,7.362,1866,62683.0,0,0
3,97.98,2.879,178.82,7.362,1866,62700.4,0,0
3,98.16,2.88,178.82,7.362,1866,62717.8,0,0
3,98.42,2.886,178.82,7.362,1866,62735.2,0,0
3,98.75,2.898,178.82,7.362,1866,62752.6,0,0
3,99.15,2.915,178.82,7.362,1866,62770.0,0,0
3,102.69,2.794,170.77,7.001,1841,62787.4,0,0
3,107.17,2.681,178.46,7.344,1866,62804.8,0,0
3,103.74,2.834,186.49,6.984,1841,62822.1,0,0
3,100.27,2.722,194.88,7.326,1866,62839.5,0,0
3,100.78,2.613,203.65,7.685,1841,62856.9,0,0
3,101.27,2.679,200.22,8.062,1866,62874.3,0,0
3,101.73,2.568,191.21,8.457,1841,62891.7,0,0
3,102.13,2.458,182.61,8.043,1816,62909.1,0,0
3,102.47,2.35,174.39,7.649,1791,62926.5,0,0
3,106.85,2.468,166.54,8.023,1816,62943.9,0,0
3,102.93,2.588,159.05,8.416,1841,62961.3,0,0
3,103.02,2.709,166.21,8.004,1816,62978.7,0,0
3,103.03,2.83,161.33,7.612,1815,62996.1,0,0
3,102.95,2.682,168.59,7.985,1840,63013.5,0,0
3,102.78,2.537,176.18,8.376,1865,63030.9,0,0
3,102.53,2.64,168.25,8.625,1840,63048.3,0,0
3,102.2,2.744,175.82,8.203,1865,63065.6,0,0
3,101.81,2.851,167.91,7.801,1840,63083.0,0,0
3,97.31,2.963,163.95,7.419,1815,63100.4,0,0
3,92.81,2.797,171.33,7.055,1790,63117.8,0,0
3,88.32,2.909,163.62,7.401,1815,63135.2,0,0
3,91.86,2.752,156.25,7.038,1790,63152.6,0,0
3,91.38,2.606,163.28,7.383,1765,63170.0,0,0
3,90.93,2.527,170.63,7.021,1740,63187.4,0,0
3,90.51,2.402,178.31,6.677,1765,63204.8,0,0
3,90.13,2.288,186.33,7.004,1740,63222.2,0,0
3,89.82,2.404,177.95,6.661,1715,63239.6,0,0
3,89.57,2.53,185.96,6.988,1740,63257.0,0,0
3,93.28,2.667,177.59,6.645,1765,63274.4,0,0
3,96.27,2.815,185.58,6.32,1740,63291.7,0,0
3,100.14,2.974,177.23,6.629,1765,63309.1,0,0
3,104.1,3.143,172.69,6.564,1740,63326.5,0,0
3,100.39,3.018,180.46,6.886,1765,63343.9,0,0
3,104.55,3.19,184.29,6.548,1740,63361.3,0,0
3,104.89,3.06,192.59,6.869,1765,63378.7,0,0
3,105.31,3.229,183.92,7.206,1790,63396.1,0,0
3,105.79,3.09,192.2,7.559,1765,63413.5,0,0
3,106.3,2.953,183.55,7.188,1740,63430.9,0,0
3,106.85,2.818,175.29,6.836,1765,63448.3,0,0
3,107.41,2.683,167.4,7.171,1790,63465.7,0,0
3,107.96,2.551,174.93,7.523,1765,63483.1,0,0
3,108.49,2.664,167.06,7.154,1740,63500.5,0,0
3,113.05,2.524,174.58,7.504,1715,63517.9,0,0
3,113.51,2.629,182.44,7.872,1740,63535.2,0,0
3,113.9,2.484,190.64,8.258,1715,63552.6,0,0
3,114.2,2.346,182.07,8.663,1690,63570.0,0,0
3,114.42,2.255,190.26,9.087,1665,63587.4,0,0
3,114.54,2.343,181.7,8.642,1640,63604.8,0,0
3,114.57,2.435,189.87,9.065,1665,63622.2,0,0
3,114.49,2.533,181.33,9.509,1690,63639.6,0,0
3,118.42,2.638,173.17,9.975,1711,63657.0,0,0
3,118.14,2.499,165.38,9.487,1736,63674.4,0,0
3,117.77,2.611,157.93,9.022,1711,63691.8,0,0
3,117.33,2.482,165.04,9.464,1686,63709.2,0,0
3,116.82,2.365,172.47,9.927,1711,63726.6,0,0
3,116.27,2.485,164.71,9.441,1736,63744.0,0,0
3,115.68,2.616,157.3,8.978,1761,63761.3,0,0
3,115.08,2.505,164.37,8.538,1736,63778.7,0,0
3,114.49,2.644,156.98,8.12,1761,63796.1,0,0
3,109.96,2.538,164.04,8.518,1786,63813.5,0,0
3,109.44,2.56,164.04,8.518,1786,63830.9,0,0
3,108.98,2.582,164.04,8.518,1786,63848.3,0,0
3,108.59,2.604,164.04,8.518,1786,63865.7,0,0
3,108.28,2.623,164.04,8.518,1786,63883.1,0,0
3,104.17,2.768,171.42,8.935,1811,63900.5,0,0
3,100.16,2.916,163.71,8.498,1786,63917.9,0,0
3,96.26,2.786,171.08,8.131,1761,63935.3,0,0
3,96.32,2.925,178.77,8.529,1786,63952.7,0,0
3,96.48,2.785,172.88,8.111,1811,63970.1,0,0
3,96.71,2.659,180.66,7.714,1786,63987.5,0,0
3,97.02,2.522,188.79,8.092,1780,64004.8,0,0
3,97.4,2.63,191.5,8.489,1805,64022.2,0,0
3,101.78,2.739,182.88,8.904,1780,64039.6,0,0
3,98.31,2.849,191.11,8.468,1755,64057.0,0,0
3,98.82,2.826,191.11,8.468,1755,64074.4,0,0
3,99.33,2.802,191.11,8.468,1755,64091.8,0,0
3,99.84,2.778,191.11,8.468,1755,64109.2,0,0
3,100.34,2.755,191.11,8.468,1755,64126.6,0,0
3,100.8,2.735,191.11,8.468,1755,64144.0,0,0
3,101.22,2.718,191.11,8.468,1755,64161.4,0,0
3,101.57,2.705,191.11,8.468,1755,64178.8,0,0
3,101.85,2.697,191.11,8.468,1755,64196.2,0,0
3,97.94,2.823,182.51,8.053,1780,64213.6,0,0
3,98.06,2.69,177.95,8.448,1755,64230.9,0,0
3,98.09,2.827,185.96,8.862,1780,64248.3,0,0
3,98.03,2.704,194.33,9.296,1805,64265.7,0,0
3,97.89,2.851,185.59,9.751,1830,64283.1,0,0
3,97.67,2.734,177.23,9.274,1805,64300.5,0,0
3,97.37,2.889,169.26,8.819,1780,64317.9,0,0
3,101.09,2.774,161.64,8.387,1755,64335.3,0,0
3,104.72,2.674,154.37,8.798,1780,64352.7,0,0
3,108.26,2.567,161.32,9.229,1755,64370.1,0,0
3,111.74,2.711,154.06,8.777,1780,64387.5,0,0
3,108.61,2.597,160.99,9.207,1805,64404.9,0,0
3,112.02,2.736,153.74,8.756,1830,64422.3,0,0
3,111.46,2.745,153.74,8.756,1830,64439.7,0,0
3,110.93,2.75,153.74,8.756,1830,64457.1,0,0
3,110.45,2.75,153.74,8.756,1830,64474.4,0,0
3,110.05,2.745,153.74,8.756,1830,64491.8,0,0
3,109.72,2.735,153.74,8.756,1830,64509.2,0,0
3,109.48,2.721,153.74,8.756,1830,64526.6,0,0
3,109.34,2.704,153.74,8.756,1830,64544.0,0,0
3,109.3,2.683,153.74,8.756,1830,64561.4,0,0
3,105.48,2.534,160.66,9.185,1855,64578.8,0,0
3,105.63,2.632,153.43,8.735,1880,64596.2,0,0
3,105.88,2.735,160.34,8.307,1905,64613.6,0,0
3,106.21,2.626,153.12,7.9,1880,64631.0,0,0
3,106.62,2.732,146.23,7.513,1855,64648.4,0,0
3,107.09,2.846,139.65,7.881,1830,64665.8,0,0
3,107.6,2.697,133.37,7.495,1805,64683.2,0,0
3,108.15,2.56,139.37,7.862,1780,64700.5,0,0
3,108.71,2.436,133.1,8.247,1805,64717.9,0,0
3,105.26,2.321,139.09,8.651,1830,64735.3,0,0
3,109.82,2.44,145.34,9.075,1805,64752.7,0,0
3,114.4,2.334,151.89,9.52,1780,64770.1,0,0
3,117.77,2.461,158.72,9.053,1805,64787.5,0,0
3,122.28,2.599,165.86,9.497,1830,64804.9,0,0
3,118.53,2.494,173.33,9.962,1855,64822.3,0,0
3,122.9,2.637,165.53,10.451,1880,64839.7,0,0
3,123.05,2.679,158.08,10.963,1905,64857.1,0,0
3,123.1,2.591,165.19,10.425,1880,64874.5,0,0
3,123.05,2.485,157.76,9.915,1855,64891.9,0,0
3,122.88,2.621,164.86,10.4,1880,64909.3,0,0
3,122.62,2.76,157.44,9.891,1905,64926.7,0,0
3,122.26,2.637,164.0,9.406,1880,64944.0,0,0
3,121.82,2.768,171.38,9.867,1855,64961.4,0,0
3,125.36,2.9,179.09,10.351,1880,64978.8,0,0
3,120.74,2.755,187.15,9.843,1855,64996.2,0,0
3,120.14,2.801,195.57,10.326,1880,65013.6,0,0
3,119.52,2.92,204.37,10.832,1905,65031.0,0,0
3,118.9,2.762,206.17,10.301,1930,65048.4,0,0
3,118.3,2.749,196.89,9.796,1905,65065.8,0,0
3,117.73,2.726,196.89,9.796,1905,65083.2,0,0
3,117.22,2.702,196.89,9.796,1905,65100.6,0,0
3,116.78,2.679,196.89,9.796,1905,65118.0,0,0
3,116.42,2.658,196.89,9.796,1905,65135.4,0,0
3,116.15,2.639,196.89,9.796,1905,65152.8,0,0
3,115.99,2.623,196.89,9.796,1905,65170.2,0,0
3,119.81,2.486,188.03,9.316,1917,65187.5,0,0
3,119.87,2.48,188.03,9.316,1917,65204.9,0,0
3,120.03,2.478,188.03,9.316,1917,65222.3,0,0
3,120.3,2.482,188.03,9.316,1917,65239.7,0,0
3,120.66,2.489,188.03,9.316,1917,65257.1,0,0
3,117.19,2.622,196.49,8.86,1942,65274.5,0,0
3,117.7,2.512,205.33,8.426,1967,65291.9,0,0
3,118.26,2.652,196.09,8.013,1971,65309.3,0,0
3,118.86,2.546,204.92,8.405,1946,65326.7,0,0
3,119.48,2.445,195.7,8.817,1921,65344.1,0,0
3,120.1,2.584,186.89,9.249,1946,65361.5,0,0
3,120.71,2.481,183.18,8.796,1921,65378.9,0,0
3,121.27,2.619,174.93,8.365,1932,65396.3,0,0
3,121.79,2.762,169.83,7.955,1907,65413.6,0,0
3,126.33,2.908,164.24,8.345,1932,65431.0,0,0
3,126.7,2.917,164.24,8.345,1932,65448.4,0,0
3,126.98,2.921,164.24,8.345,1932,65465.8,0,0
3,127.16,2.92,164.24,8.345,1932,65483.2,0,0
3,127.22,2.914,164.24,8.345,1932,65500.6,0,0
3,127.18,2.903,164.24,8.345,1932,65518.0,0,0
3,122.91,2.748,171.64,8.754,1957,65535.4,0,0
3,122.66,2.73,171.64,8.754,1957,65552.8,0,0
3,122.31,2.709,171.64,8.754,1957,65570.2,0,0
3,121.88,2.686,171.64,8.754,1957,65587.6,0,0
3,121.37,2.663,171.64,8.754,1957,65605.0,0,0
3,116.77,2.767,179.36,9.183,1932,65622.4,0,0
3,116.19,2.745,179.36,9.183,1932,65639.8,0,0
3,115.59,2.726,179.36,9.183,1932,65657.1,0,0
3,114.99,2.71,179.36,9.183,1932,65674.5,0,0
3,114.41,2.699,179.36,9.183,1932,65691.9,0,0
3,113.86,2.692,179.36,9.183,1932,65709.3,0,0
3,113.36,2.691,179.36,9.183,1932,65726.7,0,0
3,116.83,2.722,171.29,8.733,1907,65744.1,0,0
3,116.46,2.6,179.0,9.161,1882,65761.5,0,0
3,116.18,2.739,170.94,8.712,1907,65778.9,0,0
3,116.01,2.889,178.63,9.139,1932,65796.3,0,0
3,115.93,3.051,170.6,8.691,1907,65813.7,0,0
3,115.97,3.224,178.27,8.265,1882,65831.1,0,0
3,116.12,3.098,186.28,8.67,1857,65848.5,0,0
3,116.36,2.975,177.89,8.245,1882,65865.9,0,0
3,116.71,2.855,185.9,7.841,1857,65883.2,0,0
3,113.21,2.894,194.26,8.225,1882,65900.6,0,0
3,117.63,2.772,203.01,7.822,1857,65918.0,0,0
3,118.19,2.651,193.87,7.439,1882,65935.4,0,0
3,118.78,2.787,185.15,7.075,1857,65952.8,0,0
3,119.4,2.656,176.82,7.421,1882,65970.2,0,0
3,120.03,2.782,184.77,7.785,1857,65987.6,0,0
3,120.63,2.909,176.46,7.403,1832,66005.0,0,0
3,121.2,2.758,168.52,7.041,1857,66022.4,0,0
3,121.73,2.874,160.93,6.761,1882,66039.8,0,0
3,122.18,2.718,168.18,7.093,1857,66057.2,0,0
3,122.56,2.826,160.61,6.745,1850,66074.6,0,0
3,122.84,2.668,167.83,7.076,1875,66092.0,0,0
3,123.02,2.518,172.21,7.422,1900,66109.4,0,0
3,123.1,2.377,179.96,7.206,1925,66126.7,0,0
3,123.07,2.471,171.86,6.853,1900,66144.1,0,0
3,122.93,2.336,179.6,6.646,1875,66161.5,0,0
3,122.69,2.211,187.68,6.972,1900,66178.9,0,0
3,122.36,2.308,184.13,6.63,1875,66196.3,0,0
3,121.93,2.414,175.85,6.6,1900,66213.7,0,0
3,121.44,2.297,183.76,6.277,1875,66231.1,0,0
3,120.89,2.412,175.49,6.584,1900,66248.5,0,0
3,120.29,2.304,167.59,6.262,1875,66265.9,0,0
3,119.67,2.205,175.13,5.955,1850,66283.3,0,0
3,119.05,2.326,183.01,6.247,1875,66300.7,0,0
3,118.44,2.232,191.25,5.941,1850,66318.1,0,0
3,121.81,2.142,189.93,6.232,1825,66335.5,0,0
3,121.27,2.161,189.93,6.232,1825,66352.8,0,0
3,120.79,2.18,189.93,6.232,1825,66370.2,0,0
3,120.4,2.197,189.93,6.232,1825,66387.6,0,0
3,120.1,2.213,189.93,6.232,1825,66405.0,0,0
3,123.79,2.119,181.39,6.537,1800,66422.4,0,0
3,127.58,2.231,173.22,6.217,1825,66439.8,0,0
3,127.6,2.13,181.02,5.912,1800,66457.2,0,0
3,127.75,2.234,189.16,6.202,1825,66474.6,0,0
3,128.01,2.34,197.68,5.898,1801,66492.0,0,0
3,128.37,2.446,188.78,5.609,1776,66509.4,0,0
3,128.83,2.553,180.29,5.334,1801,66526.8,0,0
3,129.37,2.416,172.17,5.595,1826,66544.2,0,0
3,129.98,2.284,166.23,5.87,1851,66561.6,0,0
3,130.63,2.375,159.85,6.157,1876,66579.0,0,0
3,131.31,2.468,167.04,6.459,1851,66596.3,0,0
3,131.99,2.564,159.52,6.775,1876,66613.7,0,0
3,132.66,2.665,152.35,7.107,1851,66631.1,0,0
3,133.3,2.771,159.2,6.759,1826,66648.5,0,0
3,133.88,2.62,166.37,7.09,1801,66665.9,0,0
3,134.39,2.731,173.85,6.743,1826,66683.3,0,0
3,130.72,2.851,166.03,6.413,1801,66700.7,0,0
3,126.92,2.708,173.5,6.727,1826,66718.1,0,0
3,123.01,2.578,167.01,7.056,1851,66735.5,0,0
3,123.1,2.459,174.53,7.402,1826,66752.9,0,0
3,123.08,2.35,182.38,7.039,1801,66770.3,0,0
3,122.96,2.249,190.59,7.384,1826,66787.7,0,0
3,122.73,2.156,199.17,7.746,1851,66805.1,0,0
3,122.4,2.277,208.13,8.126,1876,66822.4,0,0
3,121.99,2.406,198.76,7.728,1851,66839.8,0,0
3,121.5,2.544,191.4,8.106,1876,66857.2,0,0
3,120.96,2.442,182.78,8.393,1851,66874.6,0,0
3,120.37,2.344,191.01,8.804,1826,66892.0,0,0
3,119.75,2.247,182.41,8.373,1851,66909.4,0,0
3,119.13,2.368,174.2,8.783,1876,66926.8,0,0
3,122.49,2.265,166.36,8.353,1901,66944.2,0,0
3,117.94,2.162,173.85,8.154,1926,66961.6,0,0
3,117.4,2.267,173.75,7.754,1901,66979.0,0,0
3,116.94,2.156,181.57,8.134,1876,66996.4,0,0
3,116.54,2.254,189.74,7.736,1851,67013.8,0,0
3,116.24,2.352,198.28,7.357,1826,67031.2,0,0
3,116.04,2.45,189.36,6.996,1851,67048.6,0,0
3,113.56,2.55,194.11,7.339,1876,67065.9,0,0
3,113.57,2.53,194.11,7.339,1876,67083.3,0,0
3,113.69,2.508,194.11,7.339,1876,67100.7,0,0
3,113.9,2.486,194.11,7.339,1876,67118.1,0,0
3,114.22,2.466,194.11,7.339,1876,67135.5,0,0
3,114.62,2.447,194.11,7.339,1876,67152.9,0,0
3,115.09,2.43,194.11,7.339,1876,67170.3,0,0
3,115.62,2.417,194.11,7.339,1876,67187.7,0,0
3,116.2,2.408,194.11,7.339,1876,67205.1,0,0
3,120.79,2.288,202.85,7.698,1851,67222.5,0,0
3,117.41,2.399,211.98,8.076,1876,67239.9,0,0
3,122.04,2.519,202.44,8.471,1856,67257.3,0,0
3,122.63,2.65,193.33,8.056,1831,67274.7,0,0
3,123.17,2.793,202.03,8.451,1856,67292.1,0,0
3,123.65,2.677,192.94,8.037,1881,67309.4,0,0
3,124.06,2.828,201.62,8.431,1894,67326.8,0,0
3,124.37,2.989,192.55,8.283,1869,67344.2,0,0
3,124.58,3.16,201.21,8.689,1894,67361.6,0,0
3,124.68,3.135,192.16,9.115,1869,67379.0,0,0
3,124.68,3.311,183.51,9.561,1844,67396.4,0,0
3,120.45,3.174,191.77,10.03,1819,67413.8,0,0
3,120.24,3.039,183.14,9.538,1844,67431.2,0,0
3,119.93,3.198,191.38,10.006,1819,67448.6,0,0
3,119.54,3.36,199.99,9.515,1837,67466.0,0,0
3,119.07,3.524,208.99,9.049,1862,67483.4,0,0
3,118.54,3.351,199.59,9.493,1887,67500.8,0,0
3,117.97,3.502,208.57,9.958,1912,67518.2,0,0
3,117.37,3.653,199.18,9.47,1937,67535.5,0,0
3,116.76,3.457,190.22,9.006,1962,67552.9,0,0
3,120.13,3.268,198.78,9.447,1987,67570.3,0,0
3,119.53,3.242,198.78,9.447,1987,67587.7,0,0
3,118.99,3.214,198.78,9.447,1987,67605.1,0,0
3,118.5,3.186,198.78,9.447,1987,67622.5,0,0
3,118.1,3.16,198.78,9.447,1987,67639.9,0,0
3,117.78,3.135,198.78,9.447,1987,67657.3,0,0
3,117.56,3.115,198.78,9.447,1987,67674.7,0,0
3,117.45,3.099,198.78,9.447,1987,67692.1,0,0
3,117.44,3.088,198.78,9.447,1987,67709.5,0,0
3,116.63,2.935,189.83,8.984,2012,67726.9,0,0
3,116.84,3.077,184.11,9.424,1987,67744.3,0,0
3,117.15,3.232,192.39,9.886,1962,67761.7,0,0
3,117.54,3.089,183.74,9.402,1937,67779.0,0,0
3,118.02,2.958,192.0,8.941,1962,67796.4,0,0
3,118.56,2.835,200.64,9.379,1987,67813.8,0,0
3,119.15,2.995,191.61,8.92,2012,67831.2,0,0
3,119.76,3.166,200.24,9.357,1987,67848.6,0,0
3,120.39,3.347,207.18,9.815,1962,67866.0,0,0
3,121.0,3.407,197.85,10.296,1937,67883.4,0,0
3,121.59,3.598,188.95,9.792,1912,67900.8,0,0
3,122.14,3.449,197.45,9.383,1937,67918.2,0,0
3,122.63,3.614,188.57,8.923,1962,67935.6,0,0
3,123.03,3.454,197.05,8.486,1937,67953.0,0,0
3,123.36,3.296,188.19,8.07,1912,67970.4,0,0
3,123.58,3.456,190.58,7.675,1937,67987.8,0,0
3,123.7,3.452,190.58,7.675,1937,68005.1,0,0
3,123.71,3.441,190.58,7.675,1937,68022.5,0,0
3,123.61,3.425,190.58,7.675,1937,68039.9,0,0
3,123.4,3.404,190.58,7.675,1937,68057.3,0,0
3,123.1,3.38,190.58,7.675,1937,68074.7,0,0
3,118.62,3.191,199.16,7.299,1912,68092.1,0,0
3,118.17,3.012,208.12,7.657,1887,68109.5,0,0
3,117.65,2.843,217.49,7.281,1862,68126.9,0,0
3,117.08,2.955,227.28,7.638,1887,68144.3,0,0
3,116.49,2.792,237.5,7.264,1912,68161.7,0,0
3,115.89,2.907,248.19,7.62,1937,68179.1,0,0
3,119.26,3.031,237.02,7.993,1912,68196.5,0,0
3,122.62,3.166,231.44,8.385,1887,68213.9,0,0
3,118.12,3.01,241.86,8.796,1862,68231.3,0,0
3,117.63,3.011,241.86,8.796,1862,68248.6,0,0
3,117.21,3.018,241.86,8.796,1862,68266.0,0,0
3,116.89,3.031,241.86,8.796,1862,68283.4,0,0
3,116.66,3.049,241.86,8.796,1862,68300.8,0,0
3,116.53,3.071,241.86,8.796,1862,68318.2,0,0
3,116.52,3.096,241.86,8.796,1862,68335.6,0,0
3,116.61,3.122,241.86,8.796,1862,68353.0,0,0
5,96.8,2.456,211.1,11.219,1962,0.0,0,0
5,101.3,2.596,201.6,10.669,1937,16.8,0,0
5,101.79,2.742,210.68,10.147,1962,33.6,0,0
5,102.26,2.894,220.16,9.649,1985,50.4,0,0
5,102.68,3.051,210.25,9.177,1960,67.2,0,0
5,103.05,3.213,200.79,9.626,1985,84.0,0,0
5,103.35,3.069,209.82,10.098,1960,100.8,0,0
5,103.59,2.926,200.38,9.603,1985,117.6,0,0
5,106.77,3.067,209.4,10.074,2010,134.4,0,0
5,110.96,2.914,199.98,10.567,2035,151.2,0,0
5,110.95,3.044,190.98,10.049,2010,168.0,0,0
5,110.85,3.175,199.57,10.542,2035,184.8,0,0
5,110.65,3.004,190.59,10.025,2060,201.6,0,0
5,110.38,2.839,182.01,9.534,2035,218.4,0,0
5,110.03,2.952,190.2,9.216,2010,235.2,0,0
5,109.62,2.827,181.65,9.668,1985,252.0,0,0
5,109.15,2.913,173.47,9.194,1960,268.8,0,0
5,108.65,3.028,181.28,8.743,1985,285.6,0,0
5,112.13,2.861,173.12,9.172,1960,302.4,0,0
5,115.56,2.707,165.33,9.621,1935,319.2,0,0
5,111.01,2.564,172.77,10.093,1910,336.0,0,0
5,106.52,2.433,164.99,9.598,1885,352.8,0,0
5,106.04,2.428,164.99,9.598,1885,369.6,0,0
5,105.6,2.429,164.99,9.598,1885,386.4,0,0
5,105.22,2.433,164.99,9.598,1885,403.2,0,0
5,104.92,2.442,164.99,9.598,1885,420.0,0,0
5,104.69,2.455,164.99,9.598,1885,436.8,0,0
5,104.55,2.471,164.99,9.598,1885,453.6,0,0
5,100.62,2.37,172.42,10.068,1910,470.4,0,0
5,104.55,2.504,180.18,9.871,1885,487.2,0,0
5,104.68,2.525,180.18,9.871,1885,504.0,0,0
5,104.89,2.546,180.18,9.871,1885,520.8,0,0
5,105.19,2.566,180.18,9.871,1885,537.6,0,0
5,105.56,2.584,180.18,9.871,1885,554.4,0,0
5,105.99,2.6,180.18,9.871,1885,571.2,0,0
5,106.47,2.612,180.18,9.871,1885,588.0,0,0
5,106.98,2.62,180.18,9.871,1885,604.7,0,0
5,107.52,2.498,188.29,10.185,1910,621.5,0,0
5,108.06,2.617,196.76,9.686,1935,638.3,0,0
5,108.59,2.738,187.91,10.161,1910,655.1,0,0
5,109.1,2.86,196.36,9.663,1885,671.9,0,0
5,109.57,2.982,205.2,9.19,1910,688.7,0,0
5,109.99,2.821,196.11,9.64,1935,705.5,0,0
5,110.35,2.936,204.94,9.168,1910,722.3,0,0
5,110.63,2.773,202.23,9.617,1885,739.1,0,0
5,110.83,2.882,193.13,9.54,1910,755.9,0,0
5,110.94,2.995,188.42,9.073,1935,772.7,0,0
5,110.97,3.113,179.94,8.628,1910,789.5,0,0
5,110.9,3.05,171.84,9.051,1885,806.3,0,0
5,110.74,2.885,179.58,9.495,1860,823.1,0,0
5,110.5,3.009,187.66,9.029,1835,839.9,0,0
5,110.18,3.143,179.21,8.587,1810,856.7,0,0
5,109.79,2.987,171.15,8.166,1835,873.5,0,0
5,109.35,2.984,163.45,7.766,1810,890.3,0,0
5,108.86,3.134,156.09,7.386,1785,907.1,0,0
5,108.33,2.995,163.11,7.024,1760,923.9,0,0
5,107.79,3.155,170.45,7.368,1735,940.7,0,0
5,107.25,3.024,178.13,7.729,1710,957.5,0,0
5,103.6,2.9,170.11,8.108,1685,974.3,0,0
5,104.6,3.064,177.76,8.505,1710,991.1,0,0
5,108.08,2.942,179.21,8.922,1735,1007.9,0,0
5,107.67,2.824,187.28,8.484,1710,1024.7,0,0
5,107.33,2.982,195.71,8.069,1735,1041.5,0,0
5,107.06,2.859,186.9,8.283,1760,1058.3,0,0
5,106.88,2.738,195.31,8.689,1785,1075.1,0,0
5,106.79,2.618,198.8,9.114,1760,1091.9,0,0
5,106.8,2.5,189.86,8.668,1785,1108.7,0,0
5,106.9,2.384,181.31,8.243,1810,1125.5,0,0
5,107.08,2.497,189.47,7.839,1818,1142.3,0,0
5,107.35,2.373,198.0,8.223,1793,1159.1,0,0
5,107.7,2.478,206.91,8.626,1768,1175.9,0,0
5,108.12,2.478,197.6,8.203,1743,1192.7,0,0
5,108.59,2.58,206.49,8.605,1768,1209.5,0,0
5,109.1,2.439,215.78,9.027,1743,1226.3,0,0
5,109.64,2.303,206.07,9.469,1718,1243.1,0,0
5,110.19,2.394,215.35,9.933,1743,1259.9,0,0
5,110.75,2.488,225.04,9.447,1718,1276.7,0,0
5,111.28,2.349,214.91,8.984,1743,1293.5,0,0
5,111.78,2.444,224.58,8.544,1718,1310.3,0,0
5,112.23,2.313,214.47,8.962,1693,1327.1,0,0
5,112.62,2.412,224.13,9.401,1718,1343.9,0,0
5,112.94,2.289,214.04,8.941,1743,1360.7,0,0
5,114.81,2.396,204.41,8.503,1768,1377.5,0,0
5,110.84,2.282,195.21,8.086,1743,1394.3,0,0
5,112.95,2.177,186.43,7.69,1768,1411.1,0,0
5,108.8,2.08,178.04,8.067,1743,1427.9,0,0
5,104.57,2.192,186.05,7.671,1768,1444.7,0,0
5,104.37,2.106,177.68,7.295,1793,1461.5,0,0
5,104.1,2.224,169.68,7.653,1818,1478.3,0,0
5,103.76,2.134,162.04,7.278,1843,1495.1,0,0
5,103.36,2.049,154.75,7.634,1818,1511.9,0,0
5,102.91,1.967,161.72,8.009,1793,1528.7,0,0
5,102.43,2.077,154.44,8.401,1768,1545.5,0,0
5,101.92,2.192,147.49,7.989,1743,1562.3,0,0
5,101.41,2.31,154.13,7.598,1768,1579.1,0,0
5,100.91,2.432,161.06,7.97,1793,1595.9,0,0
5,100.42,2.556,168.31,7.58,1770,1612.7,0,0
5,99.97,2.682,175.88,7.951,1795,1629.5,0,0
5,99.57,2.81,183.8,8.341,1820,1646.3,0,0
5,99.49,2.669,192.07,8.749,1845,1663.1,0,0
5,103.11,2.532,183.43,9.178,1870,1679.9,0,0
5,106.79,2.64,175.17,9.628,1895,1696.7,0,0
5,106.67,2.749,183.05,10.1,1870,1713.5,0,0
5,106.64,2.598,174.82,9.605,1845,1730.3,0,0
5,106.69,2.453,166.95,9.134,1820,1747.1,0,0
5,106.85,2.55,174.46,8.686,1845,1763.9,0,0
5,107.08,2.65,182.31,9.112,1820,1780.7,0,0
5,107.4,2.755,190.52,8.666,1795,1797.4,0,0
5,107.79,2.604,199.09,9.09,1770,1814.2,0,0
5,108.24,2.464,190.13,8.645,1795,1831.0,0,0
5,108.74,2.335,197.4,9.068,1770,1847.8,0,0
5,109.27,2.341,188.52,8.624,1795,1864.6,0,0
5,109.82,2.226,180.04,9.047,1820,1881.4,0,0
5,110.37,2.334,176.73,8.603,1795,1898.2,0,0
5,106.87,2.452,184.69,9.025,1820,1915.0,0,0
5,111.42,2.344,193.0,9.467,1845,1931.8,0,0
5,111.89,2.357,193.0,9.467,1845,1948.6,0,0
5,112.31,2.372,193.0,9.467,1845,1965.4,0,0
5,112.66,2.391,193.0,9.467,1845,1982.2,0,0
5,112.93,2.41,193.0,9.467,1845,1999.0,0,0
5,113.12,2.314,184.31,9.003,1820,2015.8,0,0
5,113.22,2.377,187.86,8.562,1795,2032.6,0,0
5,113.22,2.51,179.41,8.982,1820,2049.4,0,0
5,113.13,2.406,187.48,8.541,1795,2066.2,0,0
5,112.96,2.536,179.05,8.123,1820,2083.0,0,0
5,108.59,2.425,187.1,7.725,1845,2099.8,0,0
5,112.35,2.315,178.68,7.346,1870,2116.6,0,0
5,107.87,2.206,180.76,6.986,1845,2133.4,0,0
5,107.43,2.099,187.53,7.329,1840,2150.2,0,0
5,106.94,2.195,195.97,7.019,1865,2167.0,0,0
5,106.42,2.082,190.27,6.675,1840,2183.8,0,0
5,105.88,2.17,198.83,7.002,1865,2200.6,0,0
5,105.35,2.053,207.78,6.659,1842,2217.4,0,0
5,104.84,2.135,198.43,6.333,1817,2234.2,0,0
5,104.36,2.22,189.5,6.023,1842,2251.0,0,0
5,103.92,2.297,180.97,6.318,1817,2267.8,0,0
5,103.53,2.169,189.11,6.627,1842,2284.6,0,0
5,103.22,2.048,197.62,6.952,1817,2301.4,0,0
5,102.98,1.936,188.73,7.293,1792,2318.2,0,0
5,102.83,1.832,197.22,6.935,1817,2335.0,0,0
5,102.76,1.736,188.35,6.596,1792,2351.8,0,0
5,102.78,1.688,179.87,6.272,1817,2368.6,0,0
5,102.89,1.767,171.78,6.58,1842,2385.4,0,0
5,103.08,1.853,179.51,6.902,1867,2402.2,0,0
5,99.46,1.768,187.59,6.564,1842,2419.0,0,0
5,99.79,1.861,196.03,6.886,1817,2435.8,0,0
5,100.19,1.782,204.85,7.223,1792,2452.6,0,0
5,100.63,1.88,195.63,6.869,1817,2469.4,0,0
5,101.11,1.985,204.43,7.206,1842,2486.2,0,0
5,105.61,2.098,213.63,7.559,1867,2503.0,0,0
5,106.14,2.116,213.63,7.559,1867,2519.8,0,0
5,106.67,2.133,213.63,7.559,1867,2536.6,0,0
5,107.17,2.149,213.63,7.559,1867,2553.4,0,0
5,107.65,2.164,213.63,7.559,1867,2570.2,0,0
5,108.07,2.176,213.63,7.559,1867,2587.0,0,0
5,108.43,2.185,213.63,7.559,1867,2603.8,0,0
5,108.72,2.191,213.63,7.559,1867,2620.6,0,0
5,108.94,2.193,213.63,7.559,1867,2637.4,0,0
5,113.19,2.297,204.02,7.188,1892,2654.2,0,0
5,109.11,2.401,194.84,6.836,1917,2671.0,0,0
5,109.06,2.392,194.84,6.836,1917,2687.8,0,0
5,108.93,2.379,194.84,6.836,1917,2704.6,0,0
5,108.71,2.364,194.84,6.836,1917,2721.4,0,0
5,108.41,2.346,194.84,6.836,1917,2738.2,0,0
5,108.04,2.327,194.84,6.836,1917,2755.0,0,0
5,107.61,2.308,194.84,6.836,1917,2771.8,0,0
5,107.14,2.289,194.84,6.836,1917,2788.6,0,0
5,106.63,2.271,194.84,6.836,1917,2805.4,0,0
5,102.09,2.363,202.23,7.171,1942,2822.2,0,0
5,101.58,2.349,202.23,7.171,1942,2839.0,0,0
5,101.08,2.339,202.23,7.171,1942,2855.8,0,0
5,100.6,2.332,202.23,7.171,1942,2872.6,0,0
5,100.16,2.33,202.23,7.171,1942,2889.4,0,0
5,99.77,2.332,202.23,7.171,1942,2906.2,0,0
5,99.44,2.338,202.23,7.171,1942,2923.0,0,0
5,99.18,2.348,202.23,7.171,1942,2939.8,0,0
5,98.99,2.362,202.23,7.171,1942,2956.6,0,0
5,95.01,2.492,211.33,7.522,1917,2973.4,0,0
5,96.68,2.632,220.84,7.891,1942,2990.2,0,0
5,92.87,2.526,230.78,8.278,1967,3006.9,0,0
5,96.9,2.67,241.17,8.683,1992,3023.7,0,0
5,100.68,2.563,241.43,8.258,2017,3040.5,0,0
5,100.99,2.458,230.56,8.663,1992,3057.3,0,0
5,101.37,2.593,220.19,8.238,1967,3074.1,0,0
5,101.8,2.482,230.1,7.834,1992,3090.9,0,0
5,102.28,2.612,240.45,8.218,1967,3107.7,0,0
5,106.76,2.493,229.63,7.816,1942,3124.5,0,0
5,107.3,2.376,219.3,8.199,1917,3141.3,0,0
5,107.84,2.488,209.43,7.797,1892,3158.1,0,0
5,108.36,2.6,200.0,7.415,1867,3174.9,0,0
5,108.85,2.662,191.0,7.324,1842,3191.7,0,0
5,109.3,2.775,199.6,7.682,1817,3208.5,0,0
5,109.7,2.889,208.58,8.059,1842,3225.3,0,0
5,110.02,2.729,217.97,7.664,1817,3242.1,0,0
5,110.27,2.577,208.16,7.742,1842,3258.9,0,0
5,110.44,2.678,198.79,8.122,1867,3275.7,0,0
5,110.52,2.784,189.85,7.724,1892,3292.5,0,0
5,106.39,2.63,198.39,7.345,1917,3309.3,0,0
5,106.29,2.486,197.23,7.705,1942,3326.1,0,0
5,106.11,2.591,206.1,8.083,1967,3342.9,0,0
5,105.84,2.456,196.83,8.106,1942,3359.7,0,0
5,105.51,2.332,187.97,8.503,1967,3376.5,0,0
5,105.12,2.218,196.43,8.086,1992,3393.3,0,0
5,104.67,2.326,205.27,8.482,1967,3410.1,0,0
5,108.22,2.3,211.84,8.067,1942,3426.9,0,0
5,107.69,2.199,221.38,7.671,1917,3443.7,0,0
5,107.15,2.106,211.41,7.296,1892,3460.5,0,0
5,106.62,2.223,201.9,7.653,1917,3477.3,0,0
5,106.1,2.133,192.81,8.028,1892,3494.1,0,0
5,105.62,2.047,201.49,7.635,1867,3510.9,0,0
5,91.14,1.514,210.56,8.009,1842,3527.7,1,0
5,100.9,2.181,210.56,8.009,1842,3544.5,0,0
5,100.61,2.197,210.56,8.009,1842,3561.3,0,0
5,100.39,2.212,210.56,8.009,1842,3578.1,0,0
5,100.26,2.224,210.56,8.009,1842,3594.9,0,0
5,100.21,2.233,210.56,8.009,1842,3611.7,0,0
5,100.24,2.238,210.56,8.009,1842,3628.5,0,0
5,96.48,2.132,201.08,7.616,1867,3645.3,0,0
5,96.68,2.13,201.08,7.616,1867,3662.1,0,0
5,96.95,2.125,201.08,7.616,1867,3678.9,0,0
5,97.29,2.116,201.08,7.616,1867,3695.7,0,0
5,97.69,2.104,201.08,7.616,1867,3712.5,0,0
5,98.13,2.09,201.08,7.616,1867,3729.3,0,0
5,98.6,2.074,201.08,7.616,1867,3746.1,0,0
5,99.1,2.089,210.13,7.99,1842,3762.9,0,0
5,99.6,2.171,200.68,8.381,1867,3779.7,0,0
5,100.09,2.05,191.65,7.97,1842,3796.5,0,0
5,100.56,1.937,183.02,7.58,1817,3813.3,0,0
5,100.99,1.831,191.26,7.951,1842,3830.1,0,0
5,101.38,1.908,182.65,7.562,1867,3846.9,0,0
5,105.8,1.992,174.43,7.191,1892,3863.7,0,0
5,110.18,2.046,182.28,7.543,1917,3880.5,0,0
5,110.38,2.045,182.28,7.543,1917,3897.3,0,0
5,110.5,2.047,182.28,7.543,1917,3914.1,0,0
5,110.52,2.053,182.28,7.543,1917,3930.9,0,0
5,110.46,2.062,182.28,7.543,1917,3947.7,0,0
5,110.3,2.074,182.28,7.543,1917,3964.5,0,0
5,110.06,1.989,174.08,7.913,1892,3981.3,0,0
5,109.75,1.908,181.91,8.301,1917,3998.1,0,0
5,109.36,2.009,190.1,7.894,1942,4014.9,0,0
5,108.92,1.928,186.48,7.507,1946,4031.7,0,0
5,108.43,2.037,194.87,7.875,1971,4048.5,0,0
5,107.91,2.053,194.87,7.875,1971,4065.3,0,0
5,107.37,2.066,194.87,7.875,1971,4082.1,0,0
5,106.83,2.077,194.87,7.875,1971,4098.9,0,0
5,106.31,2.085,194.87,7.875,1971,4115.7,0,0
5,105.81,2.09,194.87,7.875,1971,4132.5,0,0
5,105.35,2.091,194.87,7.875,1971,4149.3,0,0
5,104.95,2.089,194.87,7.875,1971,4166.1,0,0
5,104.62,2.083,194.87,7.875,1971,4182.9,0,0
5,104.36,2.074,194.87,7.875,1971,4199.6,0,0
5,104.18,2.062,194.87,7.875,1971,4216.4,0,0
5,104.1,2.048,194.87,7.875,1971,4233.2,0,0
5,104.1,2.033,194.87,7.875,1971,4250.0,0,0
5,104.19,2.016,194.87,7.875,1971,4266.8,0,0
5,104.37,1.999,194.87,7.875,1971,4283.6,0,0
5,100.74,2.078,201.53,8.261,1946,4300.4,0,0
5,101.06,2.161,192.46,7.856,1971,4317.2,0,0
5,101.45,2.25,183.8,8.241,1946,4334.0,0,0
5,101.89,2.345,175.53,7.837,1921,4350.8,0,0
5,102.37,2.223,183.43,7.453,1946,4367.6,0,0
5,102.88,2.111,191.69,7.819,1921,4384.4,0,0
5,103.4,2.051,200.31,7.435,1946,4401.2,0,0
5,107.94,1.955,191.3,7.071,1921,4418.0,0,0
5,108.46,2.055,187.18,6.777,1946,4434.8,0,0
5,108.94,1.965,195.6,7.109,1921,4451.6,0,0
5,109.38,2.072,191.89,6.761,1896,4468.4,0,0
5,109.77,1.987,183.26,6.429,1871,4485.2,0,0
5,114.18,1.906,175.01,6.745,1896,4502.0,0,0
5,110.31,1.83,182.89,6.414,1871,4518.8,0,0
5,106.34,1.817,191.11,6.728,1846,4535.6,0,0
5,106.4,1.743,182.51,7.058,1821,4552.4,0,0
5,106.37,1.672,190.73,6.712,1846,4569.2,0,0
5,106.26,1.764,182.15,6.383,1821,4586.0,0,0
5,106.06,1.688,173.95,6.696,1846,4602.8,0,0
5,105.79,1.775,181.78,7.024,1871,4619.6,0,0
5,101.36,1.864,173.6,6.68,1846,4636.4,0,0
5,100.97,1.776,181.41,7.007,1821,4653.2,0,0
5,100.53,1.859,189.57,7.351,1846,4670.0,0,0
5,100.06,1.942,181.04,7.711,1871,4686.8,0,0
5,99.57,2.027,178.31,8.089,1896,4703.6,0,0
5,99.07,1.918,186.33,8.485,1921,4720.4,0,0
5,98.57,1.997,177.95,8.082,1896,4737.2,0,0
5,98.1,1.886,178.28,7.686,1871,4754.0,0,0
5,93.73,1.781,186.31,7.31,1846,4770.8,0,0
5,97.27,1.851,177.92,7.668,1821,4787.6,0,0
5,96.94,1.924,185.93,7.292,1796,4804.4,0,0
5,96.67,1.818,194.3,7.649,1821,4821.2,0,0
5,96.47,1.719,203.04,7.367,1846,4838.0,0,0
5,96.36,1.635,193.9,7.728,1871,4854.8,0,0
5,96.33,1.706,202.32,8.107,1846,4871.6,0,0
5,96.38,1.621,193.21,7.71,1821,4888.4,0,0
5,96.51,1.698,184.52,8.087,1846,4905.2,0,0
5,96.73,1.782,192.82,7.736,1821,4922.0,0,0
5,93.11,1.873,184.14,7.357,1846,4938.8,0,0
5,89.52,1.972,175.86,6.996,1871,4955.6,0,0
5,89.89,2.08,167.94,6.654,1846,4972.4,0,0
5,90.31,1.994,175.5,6.328,1871,4989.2,0,0
5,90.75,2.107,167.6,6.638,1846,5006.0,0,0
5,91.2,2.022,175.15,6.963,1871,5022.8,0,0
5,91.66,1.961,167.26,7.304,1896,5039.6,0,0
5,92.11,2.072,174.79,6.946,1921,5056.4,0,0
5,92.54,1.987,182.66,7.287,1946,5073.2,0,0
5,92.93,1.903,190.88,6.929,1921,5090.0,0,0
5,97.36,2.005,182.29,7.269,1896,5106.8,0,0
5,93.57,2.109,183.54,7.625,1871,5123.6,0,0
5,93.79,2.165,185.35,7.252,1896,5140.4,0,0
5,93.95,2.27,177.01,7.607,1921,5157.2,0,0
5,94.03,2.375,184.97,7.98,1946,5174.0,0,0
5,94.04,2.255,193.29,7.589,1971,5190.8,0,0
5,89.85,2.145,196.02,7.96,1996,5207.6,0,0
5,93.82,2.235,204.84,8.351,2021,5224.4,0,0
5,93.6,2.201,214.06,8.76,1996,5241.2,0,0
5,93.32,2.288,223.69,9.189,1971,5258.0,0,0
5,92.98,2.161,213.63,8.739,1946,5274.8,0,0
5,92.6,2.245,204.01,8.31,1921,5291.6,0,0
5,92.18,2.334,195.55,8.718,1896,5308.4,0,0
5,87.71,2.205,190.57,9.145,1921,5325.2,0,0
5,91.27,2.296,199.14,8.697,1946,5342.0,0,0
5,89.82,2.393,208.1,9.123,1921,5358.8,0,0
5,89.38,2.384,208.1,9.123,1921,5375.6,0,0
5,88.97,2.379,208.1,9.123,1921,5392.3,0,0
5,88.59,2.379,208.1,9.123,1921,5409.1,0,0
5,88.27,2.382,208.1,9.123,1921,5425.9,0,0
5,88.0,2.39,208.1,9.123,1921,5442.7,0,0
5,91.68,2.517,198.74,9.57,1946,5459.5,0,0
5,87.66,2.411,207.68,9.101,1921,5476.3,0,0
5,83.72,2.545,217.03,9.547,1896,5493.1,0,0
5,83.74,2.593,207.26,10.015,1871,5509.9,0,0
5,83.82,2.489,197.93,10.505,1896,5526.7,0,0
5,83.98,2.39,206.84,9.991,1871,5543.5,0,0
5,84.21,2.293,197.53,10.48,1896,5560.3,0,0
5,84.49,2.199,188.64,10.994,1921,5577.1,0,0
5,84.82,2.107,197.13,11.532,1896,5593.9,0,0
5,89.15,2.219,191.4,10.967,1871,5610.7,0,0
5,89.57,2.12,200.01,11.505,1846,5627.5,0,0
5,90.02,2.225,209.02,10.941,1821,5644.3,0,0
5,90.47,2.119,218.42,11.477,1796,5661.1,0,0
5,90.92,2.218,208.59,10.915,1821,5677.9,0,0
5,91.36,2.317,199.21,10.38,1796,5694.7,0,0
5,91.76,2.417,190.24,9.871,1771,5711.5,0,0
5,88.04,2.287,181.68,9.388,1796,5728.3,0,0
5,88.34,2.271,181.68,9.388,1796,5745.1,0,0
5,88.58,2.254,181.68,9.388,1796,5761.9,0,0
5,88.75,2.235,181.68,9.388,1796,5778.7,0,0
5,88.86,2.216,181.68,9.388,1796,5795.5,0,0
5,88.89,2.198,181.68,9.388,1796,5812.3,0,0
5,84.74,2.077,189.86,9.848,1821,5829.1,0,0
5,84.31,2.163,198.4,10.33,1846,5845.9,0,0
5,88.24,2.048,189.47,9.824,1821,5862.7,0,0
5,88.0,2.139,180.95,9.343,1796,5879.5,0,0
5,87.7,2.237,172.8,9.8,1821,5896.3,0,0
5,87.36,2.344,180.58,9.32,1796,5913.1,0,0
5,86.97,2.235,172.45,8.863,1771,5929.9,0,0
5,90.59,2.135,164.69,9.298,1796,5946.7,0,0
5,90.14,2.249,157.28,8.842,1771,5963.5,0,0
5,89.68,2.154,164.36,8.409,1796,5980.3,0,0
5,89.24,2.274,156.96,7.997,1771,5997.1,0,0
5,88.82,2.403,164.03,8.389,1796,6013.9,0,0
5,88.43,2.539,171.41,8.217,1821,6030.7,0,0
5,88.08,2.438,179.12,8.62,1796,6047.5,0,0
5,87.79,2.575,187.18,9.042,1821,6064.3,0,0
5,87.56,2.718,195.6,8.599,1846,6081.1,0,0
5,87.4,2.735,195.6,8.599,1846,6097.9,0,0
5,87.31,2.748,195.6,8.599,1846,6114.7,0,0
5,87.29,2.757,195.6,8.599,1846,6131.5,0,0
5,87.35,2.762,195.6,8.599,1846,6148.3,0,0
5,87.49,2.762,195.6,8.599,1846,6165.1,0,0
5,87.7,2.89,204.41,8.178,1871,6181.9,0,0
5,87.97,2.743,195.21,8.578,1846,6198.7,0,0
5,88.3,2.599,203.99,8.427,1821,6215.5,0,0
5,88.67,2.707,213.17,8.84,1846,6232.3,0,0
5,89.09,2.559,222.76,9.273,1871,6249.1,0,0
5,89.52,2.661,232.79,9.727,1846,6265.9,0,0
5,89.97,2.766,222.31,10.204,1871,6282.7,0,0
5,90.43,2.874,232.32,9.704,1896,6299.5,0,0
5,94.9,2.988,221.86,9.228,1892,6316.3,0,0
5,95.34,3.108,231.85,8.776,1867,6333.1,0,0
5,95.73,3.075,221.41,8.346,1892,6349.9,0,0
5,96.08,2.913,216.86,8.755,1867,6366.7,0,0
5,96.37,3.042,207.1,9.125,1892,6383.5,0,0
5,96.59,3.182,197.78,8.678,1917,6400.3,0,0
5,96.73,3.029,188.88,8.252,1942,6417.1,0,0
5,96.8,2.889,197.38,8.657,1917,6433.9,0,0
5,96.79,2.76,188.5,9.081,1892,6450.7,0,0
5,92.59,2.641,180.02,8.636,1917,6467.5,0,0
5,88.32,2.785,188.12,9.059,1942,6484.3,0,0
5,88.11,2.671,179.65,8.615,1967,6501.1,0,0
5,87.83,2.564,187.74,9.037,1942,6517.9,0,0
5,87.5,2.461,196.19,9.48,1967,6534.7,0,0
5,87.13,2.601,205.01,9.945,1992,6551.5,0,0
5,86.73,2.747,195.79,10.432,1967,6568.3,0,0
5,82.29,2.9,204.6,10.943,1992,6585.1,0,0
5,81.88,3.057,195.39,10.407,1967,6601.8,0,0
5,81.47,3.219,186.6,9.897,1942,6618.6,0,0
5,81.07,3.385,195.0,9.412,1967,6635.4,0,0
5,80.7,3.228,203.77,8.951,1942,6652.2,0,0
5,80.37,3.35,212.94,8.512,1967,6669.0,0,0
5,76.18,3.299,203.36,8.095,1942,6685.8,0,0
5,75.96,3.288,203.36,8.095,1942,6702.6,0,0
5,75.79,3.272,203.36,8.095,1942,6719.4,0,0
5,75.69,3.252,203.36,8.095,1942,6736.2,0,0
5,75.65,3.229,203.36,8.095,1942,6753.0,0,0
5,75.68,3.203,203.36,8.095,1942,6769.8,0,0
5,75.77,3.177,203.36,8.095,1942,6786.6,0,0
5,79.82,3.302,212.51,8.492,1917,6803.4,0,0
5,80.04,3.275,212.51,8.492,1917,6820.2,0,0
5,80.32,3.251,212.51,8.492,1917,6837.0,0,0
5,80.65,3.231,212.51,8.492,1917,6853.8,0,0
5,81.01,3.214,212.51,8.492,1917,6870.6,0,0
5,81.4,3.203,212.51,8.492,1917,6887.4,0,0
5,81.81,3.198,212.51,8.492,1917,6904.2,0,0
5,82.22,3.198,212.51,8.492,1917,6921.0,0,0
5,82.63,3.205,212.51,8.492,1917,6937.8,0,0
5,87.07,3.062,222.07,8.514,1942,6954.6,0,0
5,87.44,2.967,225.56,8.932,1967,6971.4,0,0
5,87.78,2.843,215.41,8.494,1942,6988.2,0,0
5,88.06,3.002,205.71,8.078,1917,7005.0,0,0
5,88.29,2.881,196.46,7.682,1942,7021.8,0,0
5,88.45,2.766,205.3,8.058,1917,7038.6,0,0
5,79.69,1.859,196.06,8.453,1892,7055.4,1,0
5,88.57,2.676,196.06,8.453,1892,7072.2,0,0
5,88.51,2.695,196.06,8.453,1892,7089.0,0,0
5,88.39,2.711,196.06,8.453,1892,7105.8,0,0
5,88.2,2.724,196.06,8.453,1892,7122.6,0,0
5,87.95,2.732,196.06,8.453,1892,7139.4,0,0
5,87.64,2.736,196.06,8.453,1892,7156.2,0,0
5,91.35,2.867,187.24,8.039,1867,7173.0,0,0
5,86.89,2.724,195.66,8.433,1892,7189.8,0,0
5,86.48,2.845,186.86,8.02,1917,7206.6,0,0
5,86.05,2.695,178.45,8.413,1892,7223.4,0,0
5,85.61,2.807,186.48,8.825,1867,7240.2,0,0
5,85.19,2.653,194.87,8.393,1892,7257.0,0,0
5,84.79,2.506,203.64,7.981,1867,7273.8,0,0
5,88.36,2.604,194.48,7.59,1842,7290.6,0,0
5,88.02,2.563,185.72,7.962,1867,7307.4,0,0
5,87.74,2.664,186.82,8.152,1842,7324.2,0,0
5,87.52,2.772,178.41,7.753,1817,7341.0,0,0
5,87.37,2.622,186.44,8.133,1842,7357.8,0,0
5,87.3,2.484,178.05,8.531,1867,7374.6,0,0
5,87.3,2.357,170.04,8.113,1842,7391.4,0,0
5,87.38,2.241,177.69,8.511,1867,7408.2,0,0
5,91.42,2.134,169.7,8.094,1892,7425.0,0,0
5,95.55,2.241,162.06,7.697,1903,7441.8,0,0
5,99.77,2.219,169.35,8.074,1878,7458.6,0,0
5,100.15,2.231,169.35,8.074,1878,7475.4,0,0
5,100.59,2.245,169.35,8.074,1878,7492.2,0,0
5,101.06,2.262,169.35,8.074,1878,7509.0,0,0
5,101.56,2.281,169.35,8.074,1878,7525.8,0,0
5,102.07,2.3,169.35,8.074,1878,7542.6,0,0
5,102.58,2.319,169.35,8.074,1878,7559.4,0,0
5,103.08,2.337,169.35,8.074,1878,7576.2,0,0
5,103.54,2.467,176.97,7.679,1903,7593.0,0,0
5,103.96,2.6,169.01,7.302,1928,7609.8,0,0
5,104.32,2.487,161.4,6.945,1953,7626.6,0,0
5,104.62,2.374,168.67,7.285,1978,7643.4,0,0
5,104.84,2.492,176.26,6.928,1953,7660.2,0,0
5,104.99,2.371,184.19,7.267,1928,7677.0,0,0
5,105.05,2.48,192.48,7.623,1903,7693.8,0,0
5,100.9,2.353,201.14,7.997,1878,7710.6,0,0
5,100.79,2.229,210.19,8.389,1903,7727.4,0,0
5,100.61,2.108,200.73,8.8,1928,7744.2,0,0
5,100.35,2.193,209.76,9.231,1903,7761.0,0,0
5,100.02,2.072,200.32,8.779,1878,7777.8,0,0
5,99.63,1.956,191.31,8.349,1903,7794.5,0,0
5,99.2,1.846,182.7,7.94,1928,7811.3,0,0
5,98.74,1.92,190.92,7.551,1917,7828.1,0,0
5,98.25,1.814,199.51,7.92,1942,7844.9,0,0
5,97.76,1.717,190.54,8.309,1967,7861.7,0,0
5,97.27,1.626,199.11,8.716,1980,7878.5,0,0
5,96.81,1.699,208.07,8.289,1955,7895.3,0,0
5,96.37,1.778,198.71,7.883,1980,7912.1,0,0
5,92.07,1.864,207.65,8.269,2005,7928.9,0,0
5,95.65,1.88,198.3,7.864,1980,7945.7,0,0
5,91.49,1.978,207.23,7.478,1988,7962.5,0,0
5,87.42,2.084,216.55,7.845,2013,7979.3,0,0
5,87.32,2.199,206.81,7.46,1988,7996.1,0,0
5,87.29,2.322,197.5,7.095,2013,8012.9,0,0
5,87.34,2.354,188.61,7.442,2038,8029.7,0,0
5,87.46,2.26,180.13,7.078,2063,8046.5,0,0
5,87.65,2.169,188.23,6.731,2038,8063.3,0,0
5,87.91,2.081,179.76,7.061,2013,8080.1,0,0
5,88.22,1.995,171.67,7.407,2038,8096.9,0,0
5,92.53,2.103,179.4,7.77,2034,8113.7,0,0
5,92.95,2.214,171.33,7.389,2009,8130.5,0,0
5,93.41,2.326,179.03,7.751,2034,8147.3,0,0
5,93.87,2.218,187.09,8.131,2009,8164.1,0,0
5,94.35,2.11,195.51,8.529,2034,8180.9,0,0
5,94.81,2.207,186.71,8.947,2059,8197.7,0,0
5,95.25,2.304,195.11,9.386,2034,8214.5,0,0
5,95.65,2.182,203.89,8.926,2009,8231.3,0,0
5,100.1,2.064,194.72,8.488,2034,8248.1,0,0
5,96.31,2.148,185.96,8.676,2009,8264.9,0,0
5,99.31,2.233,194.33,9.101,1984,8281.7,0,0
5,103.59,2.32,203.07,8.655,2009,8298.5,0,0
5,103.68,2.191,212.21,8.231,2034,8315.3,0,0
5,103.69,2.278,221.76,8.634,2009,8332.1,0,0
5,103.61,2.37,211.78,8.211,2034,8348.9,0,0
5,103.45,2.469,221.31,8.613,2059,8365.7,0,0
5,103.21,2.339,231.27,9.035,2084,8382.5,0,0
5,102.91,2.444,241.67,9.478,2059,8399.3,0,0
5,102.53,2.558,231.78,9.014,2084,8416.1,0,0
5,102.11,2.437,221.35,9.455,2109,8432.9,0,0
5,97.61,2.56,231.31,8.992,2084,8449.7,0,0
5,93.11,2.447,220.9,8.551,2109,8466.5,0,0
5,92.65,2.46,220.9,8.551,2109,8483.3,0,0
5,92.18,2.477,220.9,8.551,2109,8500.1,0,0
5,91.73,2.496,220.9,8.551,2109,8516.9,0,0
5,91.31,2.517,220.9,8.551,2109,8533.7,0,0
5,90.92,2.538,220.9,8.551,2109,8550.5,0,0
5,90.59,2.559,220.9,8.551,2109,8567.3,0,0
5,90.31,2.578,220.9,8.551,2109,8584.1,0,0
5,90.1,2.596,220.9,8.551,2109,8600.9,0,0
5,86.08,2.485,230.84,8.356,2134,8617.7,0,0
5,86.02,2.376,220.45,7.947,2109,8634.5,0,0
5,86.04,2.497,210.53,8.336,2084,8651.3,0,0
5,86.13,2.38,220.01,8.745,2059,8668.1,0,0
5,86.29,2.265,229.91,9.173,2084,8684.9,0,0
5,86.52,2.151,228.0,8.724,2109,8701.7,0,0
5,86.81,2.246,217.74,8.296,2134,8718.5,0,0
5,87.15,2.127,227.53,7.89,2109,8735.3,0,0
5,91.48,2.214,217.29,8.276,2134,8752.1,0,0
5,91.92,2.093,227.07,8.682,2159,8768.9,0,0
5,92.38,1.976,216.85,9.107,2134,8785.7,0,0
5,92.84,1.866,210.9,8.661,2159,8802.5,0,0
5,93.31,1.939,201.41,9.085,2134,8819.3,0,0
5,93.75,1.831,192.35,8.64,2109,8836.1,0,0
5,94.16,1.906,201.01,9.064,2134,8852.9,0,0
5,94.53,1.804,210.05,8.619,2109,8869.7,0,0
5,94.85,1.882,200.6,8.197,2084,8886.5,0,0
5,95.11,1.966,191.57,8.599,2109,8903.3,0,0
5,95.3,1.87,182.95,9.02,2134,8920.1,0,0
5,95.42,1.781,191.18,8.578,2159,8936.9,0,0
5,95.46,1.871,199.79,8.158,2134,8953.7,0,0
5,99.54,1.789,208.78,8.557,2159,8970.5,0,0
5,99.41,1.885,199.38,8.977,2134,8987.2,0,0
5,99.21,1.989,208.35,9.417,2109,9004.0,0,0
5,98.94,1.908,217.73,8.955,2134,9020.8,0,0
5,98.61,2.017,207.93,8.516,2159,9037.6,0,0
5,98.22,2.131,198.58,8.934,2134,9054.4,0,0
5,97.79,2.252,207.51,9.371,2109,9071.2,0,0
5,97.33,2.16,198.17,8.912,2134,9088.0,0,0
5,100.85,2.279,189.26,9.349,2109,9104.8,0,0
5,104.33,2.402,193.42,9.496,2084,9121.6,0,0
5,99.85,2.296,184.72,9.031,2059,9138.4,0,0
5,99.37,2.302,184.72,9.031,2059,9155.2,0,0
5,98.94,2.305,184.72,9.031,2059,9172.0,0,0
5,98.55,2.303,184.72,9.031,2059,9188.8,0,0
5,98.22,2.297,184.72,9.031,2059,9205.6,0,0
5,94.07,2.398,193.03,9.473,2084,9222.4,0,0
5,93.89,2.385,193.03,9.473,2084,9239.2,0,0
5,93.8,2.37,193.03,9.473,2084,9256.0,0,0
5,93.78,2.352,193.03,9.473,2084,9272.8,0,0
5,93.85,2.333,193.03,9.473,2084,9289.6,0,0
5,93.99,2.314,193.03,9.473,2084,9306.4,0,0
5,94.21,2.295,193.03,9.473,2084,9323.2,0,0
5,94.5,2.277,193.03,9.473,2084,9340.0,0,0
5,94.85,2.261,193.03,9.473,2084,9356.8,0,0
5,95.26,2.248,193.03,9.473,2084,9373.6,0,0
5,95.7,2.238,193.03,9.473,2084,9390.4,0,0
5,96.17,2.232,193.03,9.473,2084,9407.2,0,0
5,96.65,2.229,193.03,9.473,2084,9424.0,0,0
5,97.14,2.231,193.03,9.473,2084,9440.8,0,0
5,97.61,2.237,193.03,9.473,2084,9457.6,0,0
5,94.0,2.351,201.72,9.125,2059,9474.4,0,0
5,94.39,2.365,201.72,9.125,2059,9491.2,0,0
5,94.73,2.381,201.72,9.125,2059,9508.0,0,0
5,95.02,2.4,201.72,9.125,2059,9524.8,0,0
5,95.23,2.42,201.72,9.125,2059,9541.6,0,0
5,91.26,2.557,210.79,8.875,2034,9558.4,0,0
5,91.33,2.578,210.79,8.875,2034,9575.2,0,0
5,91.32,2.598,210.79,8.875,2034,9592.0,0,0
5,91.24,2.615,210.79,8.875,2034,9608.8,0,0
5,91.09,2.629,210.79,8.875,2034,9625.6,0,0
5,90.86,2.64,210.79,8.875,2034,9642.4,0,0
5,94.67,2.774,220.28,9.309,2009,9659.2,0,0
5,94.31,2.643,210.37,8.853,1984,9676.0,0,0
5,93.91,2.514,200.9,8.419,2009,9692.8,0,0
5,93.48,2.387,191.86,8.007,1984,9709.6,0,0
5,93.02,2.492,193.83,7.615,2009,9726.4,0,0
5,92.56,2.359,185.89,7.241,1984,9743.2,0,0
5,96.07,2.456,177.53,7.596,2009,9760.0,0,0
5,99.56,2.555,169.54,7.968,2034,9776.8,0,0
5,101.42,2.656,161.91,7.578,2009,9793.6,0,0
5,101.0,2.633,161.91,7.578,2009,9810.4,0,0
5,100.64,2.612,161.91,7.578,2009,9827.2,0,0
5,100.35,2.592,161.91,7.578,2009,9844.0,0,0
5,100.13,2.574,161.91,7.578,2009,9860.8,0,0
5,99.99,2.682,169.2,7.207,2021,9877.6,0,0
5,99.94,2.798,176.81,7.56,2046,9894.4,0,0
5,99.97,2.657,184.77,7.93,2071,9911.2,0,0
5,100.1,2.782,176.45,8.319,2096,9928.0,0,0
5,100.3,2.919,178.22,7.911,2071,9944.8,0,0
5,100.58,3.067,170.2,7.524,2046,9961.6,0,0
5,100.93,2.933,162.54,7.892,2071,9978.4,0,0
5,105.27,3.091,169.85,8.279,2046,9995.2,0,0
5,105.75,3.257,177.5,7.873,2021,10012.0,0,0
5,106.26,3.125,169.51,8.259,2046,10028.8,0,0
5,106.79,3.0,161.88,8.664,2071,10045.6,0,0
5,107.33,3.171,169.16,9.088,2046,10062.4,0,0
5,111.89,3.043,161.55,8.643,2071,10079.2,0,0
5,108.36,2.919,168.82,8.219,2096,10096.0,0,0
5,104.77,2.797,176.42,8.622,2071,10112.8,0,0
5,105.17,2.677,168.48,8.2,2046,10129.6,0,0
5,105.51,2.559,160.9,8.601,2071,10146.4,0,0
5,105.79,2.594,168.14,9.023,2046,10163.2,0,0
5,105.98,2.579,175.71,8.741,2021,10179.9,0,0
5,106.09,2.452,183.61,9.17,1996,10196.7,0,0
5,106.12,2.329,175.35,8.72,2021,10213.5,0,0
5,106.06,2.208,183.24,9.147,1996,10230.3,0,0
5,110.02,2.301,174.99,8.699,2021,10247.1,0,0
5,109.79,2.395,182.87,9.126,2046,10263.9,0,0
5,109.47,2.491,174.64,9.573,2021,10280.7,0,0
5,109.09,2.589,167.88,9.104,1996,10297.5,0,0
5,108.65,2.691,175.43,8.827,1971,10314.3,0,0
5,108.16,2.541,183.33,8.394,1996,10331.1,0,0
5,107.65,2.4,191.58,8.805,1971,10347.9,0,0
5,107.11,2.498,200.2,8.374,1996,10364.7,0,0
5,106.57,2.365,191.19,7.964,2021,10381.5,0,0
5,106.05,2.242,199.79,8.354,2046,10398.3,0,0
5,105.55,2.129,190.8,7.944,2021,10415.1,0,0
5,105.1,2.025,199.39,8.334,2046,10431.9,0,0
5,104.69,1.945,208.36,8.742,2071,10448.7,0,0
5,104.36,1.869,205.92,8.314,2046,10465.5,0,0
5,104.1,1.968,215.18,7.906,2021,10482.3,0,0
5,107.8,2.074,224.87,7.519,2046,10499.1,0,0
5,107.71,2.089,224.87,7.519,2046,10515.9,0,0
5,107.71,2.105,224.87,7.519,2046,10532.7,0,0
5,107.8,2.123,224.87,7.519,2046,10549.5,0,0
5,107.99,2.141,224.87,7.519,2046,10566.3,0,0
5,97.43,1.511,224.87,7.519,2046,10583.1,1,0
5,108.61,2.174,224.87,7.519,2046,10599.9,0,0
5,109.02,2.188,224.87,7.519,2046,10616.7,0,0
5,109.49,2.2,224.87,7.519,2046,10633.5,0,0
5,110.01,2.208,224.87,7.519,2046,10650.3,0,0
5,110.56,2.213,224.87,7.519,2046,10667.1,0,0
5,111.11,2.215,224.87,7.519,2046,10683.9,0,0
5,115.69,2.254,214.75,7.15,2021,10700.7,0,0
5,116.25,2.247,214.75,7.15,2021,10717.5,0,0
5,116.77,2.238,214.75,7.15,2021,10734.3,0,0
5,117.24,2.225,214.75,7.15,2021,10751.1,0,0
5,117.66,2.21,214.75,7.15,2021,10767.9,0,0
5,117.99,2.193,214.75,7.15,2021,10784.7,0,0
5,118.25,2.175,214.75,7.15,2021,10801.5,0,0
5,118.41,2.157,214.75,7.15,2021,10818.3,0,0
5,114.36,2.242,205.08,7.501,1996,10835.1,0,0
5,110.21,2.118,202.52,7.868,1971,10851.9,0,0
5,114.21,2.205,193.4,7.483,1946,10868.7,0,0
5,114.0,2.298,202.11,7.116,1971,10885.5,0,0
5,113.71,2.399,211.2,7.465,1996,10902.3,0,0
5,113.34,2.508,220.71,7.831,1971,10919.1,0,0
5,112.9,2.386,230.64,8.043,1996,10935.9,0,0
5,112.42,2.504,229.11,8.437,1971,10952.7,0,0
5,111.89,2.391,218.8,8.024,1946,10969.5,0,0
5,115.35,2.287,208.95,7.631,1921,10986.3,0,0
5,114.77,2.411,218.35,7.257,1896,11003.1,0,0
5,114.2,2.545,208.53,6.901,1871,11019.9,0,0
5,113.65,2.442,199.14,6.791,1896,11036.7,0,0
5,113.14,2.344,190.18,6.459,1921,11053.5,0,0
5,112.69,2.25,198.74,6.775,1946,11070.3,0,0
5,112.29,2.16,207.68,7.107,1971,11087.1,0,0
5,111.98,2.071,198.34,6.759,1996,11103.9,0,0
5,111.75,2.184,189.41,7.09,2021,11120.7,0,0
5,111.62,2.301,180.89,6.742,1996,11137.5,0,0
5,111.58,2.421,172.75,7.073,1971,11154.3,0,0
5,111.64,2.309,180.52,7.419,1946,11171.1,0,0
5,111.79,2.421,178.14,7.783,1921,11187.9,0,0
5,112.04,2.534,186.15,7.402,1946,11204.7,0,0
5,112.36,2.648,194.53,7.764,1971,11221.5,0,0
5,112.77,2.763,185.78,8.145,1996,11238.3,0,0
5,113.24,2.616,188.64,8.544,1985,11255.1,0,0
5,113.75,2.723,197.12,8.962,2010,11271.9,0,0
5,114.31,2.572,205.99,8.523,1985,11288.7,0,0
5,110.89,2.428,215.26,8.941,1960,11305.5,0,0
5,115.46,2.293,205.58,8.503,1963,11322.3,0,0
5,120.06,2.383,196.33,8.086,1938,11339.1,0,0
5,120.62,2.478,187.49,7.69,1913,11355.9,0,0
5,121.13,2.344,195.93,7.313,1888,11372.7,0,0
5,121.58,2.219,204.75,7.672,1913,11389.4,0,0
5,121.97,2.278,213.96,7.296,1888,11406.2,0,0
5,122.26,2.382,204.33,7.653,1863,11423.0,0,0
5,118.36,2.495,213.53,8.028,1888,11439.8,0,0
5,118.46,2.406,223.13,8.421,1863,11456.6,0,0
5,118.47,2.298,213.09,8.009,1838,11473.4,0,0
5,118.39,2.198,203.5,8.401,1813,11490.2,0,0
5,118.21,2.318,194.35,7.99,1838,11507.0,0,0
5,117.93,2.447,203.09,8.133,1813,11523.8,0,0
5,117.58,2.585,212.23,8.532,1788,11540.6,0,0
5,117.16,2.731,221.78,8.113,1813,11557.4,0,0
5,120.73,2.887,231.76,8.511,1788,11574.2,0,0
5,116.14,2.77,242.19,8.928,1763,11591.0,0,0
5,115.58,2.79,242.19,8.928,1763,11607.8,0,0
5,115.0,2.808,242.19,8.928,1763,11624.6,0,0
5,114.43,2.822,242.19,8.928,1763,11641.4,0,0
5,113.87,2.832,242.19,8.928,1763,11658.2,0,0
5,113.34,2.838,242.19,8.928,1763,11675.0,0,0
5,112.86,2.839,242.19,8.928,1763,11691.8,0,0
5,116.35,2.699,231.29,9.013,1738,11708.6,0,0
5,116.0,2.562,236.55,9.455,1763,11725.4,0,0
5,115.72,2.673,225.91,9.918,1788,11742.2,0,0
5,115.54,2.785,219.91,9.432,1763,11759.0,0,0
5,115.46,2.633,210.01,8.97,1788,11775.8,0,0
5,115.48,2.738,200.56,8.53,1763,11792.6,0,0
5,115.6,2.585,191.54,8.112,1738,11809.4,0,0
5,115.82,2.44,200.16,7.715,1735,11826.2,0,0
5,116.12,2.537,209.16,7.337,1760,11843.0,0,0
5,116.51,2.397,199.75,7.696,1735,11859.8,0,0
5,116.97,2.495,202.03,7.319,1710,11876.6,0,0
5,117.49,2.601,211.12,7.678,1735,11893.4,0,0
5,118.05,2.467,201.62,8.054,1760,11910.2,0,0
5,118.64,2.344,210.69,8.449,1784,11927.0,0,0
5,119.24,2.23,220.17,8.863,1809,11943.8,0,0
5,119.83,2.341,226.91,9.297,1834,11960.6,0,0
5,116.35,2.236,237.12,9.028,1809,11977.4,0,0
5,116.87,2.139,226.45,8.585,1784,11994.2,0,0
5,117.33,2.049,216.26,9.006,1809,12011.0,0,0
5,117.73,2.163,206.53,8.565,1784,12027.8,0,0
5,118.05,2.076,207.54,8.984,1809,12044.6,0,0
5,118.29,1.993,216.88,9.425,1784,12061.4,0,0
5,118.43,2.106,207.12,8.994,1809,12078.2,0,0
5,118.48,2.225,216.44,9.435,1784,12095.0,0,0
5,118.43,2.348,206.7,8.973,1762,12111.8,0,0
5,114.18,2.25,216.0,9.412,1787,12128.6,0,0
5,113.95,2.261,216.0,9.412,1787,12145.4,0,0
5,113.64,2.269,216.0,9.412,1787,12162.2,0,0
5,113.26,2.273,216.0,9.412,1787,12179.0,0,0
5,112.81,2.273,216.0,9.412,1787,12195.8,0,0
5,112.32,2.27,216.0,9.412,1787,12212.6,0,0
5,111.78,2.263,216.0,9.412,1787,12229.4,0,0
5,115.24,2.144,206.28,9.465,1812,12246.2,0,0
5,114.66,2.234,215.56,9.001,1787,12263.0,0,0
5,114.09,2.325,205.86,9.442,1762,12279.8,0,0
5,113.55,2.418,201.25,8.979,1787,12296.6,0,0
5,113.05,2.396,192.19,9.419,1762,12313.4,0,0
5,112.6,2.262,200.03,8.958,1737,12330.2,0,0
5,108.33,2.136,209.03,9.397,1712,12347.0,0,0
5,108.04,2.12,209.03,9.397,1712,12363.8,0,0
5,107.84,2.106,209.03,9.397,1712,12380.6,0,0
5,107.72,2.095,209.03,9.397,1712,12397.4,0,0
5,107.7,2.088,209.03,9.397,1712,12414.2,0,0
5,107.78,2.084,209.03,9.397,1712,12431.0,0,0
5,107.94,2.083,209.03,9.397,1712,12447.8,0,0
5,108.19,2.087,209.03,9.397,1712,12464.6,0,0
5,108.53,1.993,199.62,8.936,1687,12481.4,0,0
5,108.93,2.1,190.64,8.498,1680,12498.2,0,0
5,109.39,2.011,182.06,8.082,1705,12515.0,0,0
5,109.9,2.005,173.87,7.686,1680,12531.8,0,0
5,110.44,2.118,166.05,8.063,1655,12548.6,0,0
5,111.0,2.239,173.52,8.458,1678,12565.4,0,0
5,111.55,2.366,181.33,8.872,1703,12582.1,0,0
5,116.13,2.499,189.48,9.307,1678,12598.9,0,0
5,116.67,2.638,198.01,8.851,1682,12615.7,0,0
5,117.15,2.781,189.1,8.417,1707,12632.5,0,0
5,117.58,2.929,197.61,8.83,1682,12649.3,0,0
5,117.93,3.08,188.72,8.397,1707,12666.1,0,0
5,118.2,2.937,197.09,8.808,1682,12682.9,0,0
5,118.38,3.078,205.96,8.377,1657,12699.7,0,0
5,122.59,3.221,196.69,7.966,1632,12716.5,0,0
5,126.7,3.057,187.84,7.576,1657,12733.3,0,0
5,126.59,3.188,196.3,7.205,1682,12750.1,0,0
5,126.38,3.017,205.13,6.852,1657,12766.9,0,0
5,126.07,2.852,214.36,7.187,1682,12783.7,0,0
5,125.68,2.694,204.71,7.54,1657,12800.5,0,0
5,121.14,2.8,195.5,7.909,1682,12817.3,0,0
5,120.63,2.643,186.7,7.521,1707,12834.1,0,0
5,120.07,2.748,187.96,7.89,1682,12850.9,0,0
5,119.49,2.858,179.5,7.503,1657,12867.7,0,0
5,118.89,2.976,171.42,7.871,1632,12884.5,0,0
5,118.29,3.103,163.71,8.257,1607,12901.3,0,0
5,117.72,2.944,171.08,8.307,1632,12918.1,0,0
5,117.18,3.079,177.68,8.714,1607,12934.9,0,0
5,116.7,3.227,185.68,9.106,1632,12951.7,0,0
5,116.28,3.078,177.32,8.66,1657,12968.5,0,0
5,115.94,3.237,185.3,8.236,1632,12985.3,0,0
5,115.68,3.097,193.64,7.832,1607,13002.1,0,0
5,115.52,2.968,184.93,7.448,1632,13018.9,0,0
5,115.46,2.846,193.25,7.083,1657,13035.7,0,0
5,115.5,2.732,184.55,7.431,1632,13052.5,0,0
5,115.64,2.887,192.86,7.795,1657,13069.3,0,0
5,115.87,2.771,184.18,8.177,1682,13086.1,0,0
5,116.19,2.927,192.47,8.577,1707,13102.9,0,0
5,116.6,2.81,183.81,8.998,1682,13119.7,0,0
5,117.07,2.963,175.53,8.557,1657,13136.5,0,0
5,113.64,2.834,183.43,8.976,1682,13153.3,0,0
5,118.16,2.979,175.18,8.536,1657,13170.1,0,0
5,122.74,2.841,183.06,8.118,1682,13186.9,0,0
5,123.36,2.704,191.3,8.516,1657,13203.7,0,0
5,123.97,2.829,199.91,8.933,1632,13220.5,0,0
5,124.56,2.684,208.9,9.371,1607,13237.3,0,0
5,125.1,2.543,218.31,9.83,1582,13254.1,0,0
5,125.58,2.649,208.48,9.348,1607,13270.9,0,0
5,125.99,2.756,203.4,9.806,1632,13287.7,0,0
5,126.32,2.603,194.25,9.326,1657,13304.5,0,0
5,126.55,2.706,202.99,8.869,1645,13321.3,0,0
5,126.69,2.555,212.13,8.434,1670,13338.1,0,0
5,126.72,2.656,221.67,8.847,1695,13354.9,0,0
5,126.65,2.51,211.7,8.414,1670,13371.7,0,0
5,122.36,2.374,208.12,8.826,1695,13388.5,0,0
5,122.1,2.362,208.12,8.826,1695,13405.3,0,0
5,121.75,2.354,208.12,8.826,1695,13422.1,0,0
5,121.33,2.35,208.12,8.826,1695,13438.9,0,0
5,120.84,2.351,208.12,8.826,1695,13455.7,0,0
5,120.3,2.355,208.12,8.826,1695,13472.5,0,0
5,119.72,2.364,208.12,8.826,1695,13489.3,0,0
5,119.13,2.376,208.12,8.826,1695,13506.1,0,0
5,114.55,2.277,217.48,9.259,1720,13522.9,0,0
5,111.39,2.184,227.27,9.712,1709,13539.7,0,0
5,112.14,2.096,237.5,10.188,1734,13556.5,0,0
5,109.27,2.215,248.18,10.687,1709,13573.3,0,0
5,104.94,2.341,237.02,10.164,1734,13590.1,0,0
5,104.61,2.359,237.02,10.164,1734,13606.9,0,0
5,104.34,2.376,237.02,10.164,1734,13623.7,0,0
5,104.16,2.39,237.02,10.164,1734,13640.5,0,0
5,104.07,2.401,237.02,10.164,1734,13657.3,0,0
5,104.07,2.408,237.02,10.164,1734,13674.1,0,0
5,104.16,2.412,237.02,10.164,1734,13690.9,0,0
5,104.34,2.412,237.02,10.164,1734,13707.7,0,0
5,104.6,2.407,237.02,10.164,1734,13724.5,0,0
5,104.93,2.399,237.02,10.164,1734,13741.3,0,0
5,105.33,2.387,237.02,10.164,1734,13758.1,0,0
5,105.79,2.372,237.02,10.164,1734,13774.8,0,0
5,106.29,2.355,237.02,10.164,1734,13791.6,0,0
5,106.81,2.336,237.02,10.164,1734,13808.4,0,0
5,107.35,2.428,226.35,9.666,1709,13825.2,0,0
5,107.89,2.292,236.54,10.139,1734,13842.0,0,0
5,108.41,2.383,225.89,9.642,1759,13858.8,0,0
5,108.9,2.334,215.73,9.17,1734,13875.6,0,0
5,109.34,2.431,206.02,9.619,1709,13892.4,0,0
5,113.81,2.303,196.75,9.148,1734,13909.2,0,0
5,114.14,2.406,205.6,9.596,1759,13926.0,0,0
5,114.39,2.517,214.85,10.066,1734,13942.8,0,0
5,114.55,2.523,205.18,9.573,1759,13959.6,0,0
5,114.61,2.65,214.42,9.104,1784,13976.4,0,0
5,114.59,2.787,204.77,8.658,1759,13993.2,0,0
5,118.58,2.937,195.55,9.082,1734,14010.0,0,0
5,118.37,2.956,195.55,9.082,1734,14026.8,0,0
5,118.06,2.978,195.55,9.082,1734,14043.6,0,0
5,117.68,3.003,195.55,9.082,1734,14060.4,0,0
5,117.23,3.028,195.55,9.082,1734,14077.2,0,0
5,116.72,3.053,195.55,9.082,1734,14094.0,0,0
5,100.93,2.125,204.35,8.637,1759,14110.8,1,0
5,111.6,3.057,204.35,8.637,1759,14127.6,0,0
5,111.04,3.075,204.35,8.637,1759,14144.4,0,0
5,110.48,3.089,204.35,8.637,1759,14161.2,0,0
5,109.95,3.098,204.35,8.637,1759,14178.0,0,0
5,109.46,3.102,204.35,8.637,1759,14194.8,0,0
5,109.02,3.101,204.35,8.637,1759,14211.6,0,0
5,112.54,3.244,213.55,9.06,1734,14228.4,0,0
5,108.33,3.077,203.94,9.504,1709,14245.2,0,0
5,108.11,3.208,208.69,9.97,1684,14262.0,0,0
5,107.98,3.341,206.12,10.459,1659,14278.8,0,0
5,107.94,3.158,196.85,9.946,1684,14295.6,0,0
5,107.99,2.982,205.7,10.434,1709,14312.4,0,0
5,108.14,3.099,196.45,9.922,1684,14329.2,0,0
5,108.38,3.182,205.29,10.409,1709,14346.0,0,0
5,108.69,3.005,196.05,9.898,1684,14362.8,0,0
5,109.08,2.841,187.23,9.413,1659,14379.6,0,0
5,109.54,2.823,187.23,9.413,1659,14396.4,0,0
5,110.04,2.81,187.23,9.413,1659,14413.2,0,0
5,110.57,2.801,187.23,9.413,1659,14430.0,0,0
5,111.13,2.797,187.23,9.413,1659,14446.8,0,0
5,111.69,2.798,187.23,9.413,1659,14463.6,0,0
5,112.24,2.804,187.23,9.413,1659,14480.4,0,0
5,112.76,2.815,187.23,9.413,1659,14497.2,0,0
5,113.24,2.831,187.23,9.413,1659,14514.0,0,0
5,113.66,2.85,187.23,9.413,1659,14530.8,0,0
5,114.02,2.871,187.23,9.413,1659,14547.6,0,0
5,114.3,2.895,187.23,9.413,1659,14564.4,0,0
5,114.49,2.779,178.8,9.875,1634,14581.2,0,0
5,114.6,2.668,170.76,9.391,1659,14598.0,0,0
5,114.61,2.559,163.07,8.931,1634,14614.8,0,0
5,114.53,2.453,170.41,9.368,1659,14631.6,0,0
5,114.35,2.586,178.08,9.827,1684,14648.4,0,0
5,114.09,2.597,178.08,9.827,1684,14665.2,0,0
5,113.75,2.605,178.08,9.827,1684,14682.0,0,0
5,113.34,2.608,178.08,9.827,1684,14698.8,0,0
5,112.88,2.607,178.08,9.827,1684,14715.6,0,0
5,112.36,2.601,178.08,9.827,1684,14732.4,0,0
5,111.82,2.592,178.08,9.827,1684,14749.2,0,0
5,111.26,2.455,186.09,9.346,1709,14766.0,0,0
5,110.7,2.556,191.36,8.888,1684,14782.8,0,0
5,110.16,2.659,182.75,9.323,1659,14799.6,0,0
5,109.65,2.764,175.07,8.867,1684,14816.4,0,0
5,113.11,2.873,182.94,9.301,1659,14833.2,0,0
5,116.6,2.712,174.71,8.845,1684,14850.0,0,0
5,120.14,2.82,182.57,9.279,1659,14866.8,0,0
5,119.86,2.935,174.36,8.824,1634,14883.6,0,0
5,119.67,2.875,182.2,9.256,1609,14900.4,0,0
5,119.59,2.724,174.0,8.803,1634,14917.2,0,0
5,119.6,2.585,181.83,8.371,1609,14934.0,0,0
5,123.61,2.706,173.65,7.961,1634,14950.8,0,0
5,123.84,2.586,181.47,8.351,1609,14967.6,0,0
5,124.17,2.468,189.63,8.761,1634,14984.3,0,0
5,124.58,2.359,181.1,8.331,1609,15001.1,0,0
5,125.07,2.486,172.95,7.923,1634,15017.9,0,0
5,125.62,2.383,165.17,7.535,1659,15034.7,0,0
5,126.22,2.516,157.73,7.166,1634,15051.5,0,0
5,130.83,2.415,150.64,6.815,1659,15068.3,0,0
5,127.49,2.319,157.41,6.688,1634,15085.1,0,0
5,124.1,2.45,164.5,7.015,1659,15101.9,0,0
5,120.64,2.35,157.1,7.359,1634,15118.7,0,0
5,121.18,2.253,150.03,7.72,1659,15135.5,0,0
5,121.66,2.157,156.78,8.098,1684,15152.3,0,0
5,122.07,2.062,163.83,7.701,1659,15169.1,0,0
5,122.4,2.167,156.46,7.324,1684,15185.9,0,0
5,122.65,2.065,149.42,6.965,1659,15202.7,0,0
5,122.8,2.064,149.42,6.965,1659,15219.5,0,0
5,122.86,2.06,149.42,6.965,1659,15236.3,0,0
5,122.81,2.052,149.42,6.965,1659,15253.1,0,0
5,122.66,2.041,149.42,6.965,1659,15269.9,0,0
5,122.42,2.028,149.42,6.965,1659,15286.7,0,0
5,122.09,2.013,149.42,6.965,1659,15303.5,0,0
5,121.68,1.997,149.42,6.965,1659,15320.3,0,0
5,121.2,1.98,149.42,6.965,1659,15337.1,0,0
5,120.67,1.963,149.42,6.965,1659,15353.9,0,0
5,120.1,1.948,149.42,6.965,1659,15370.7,0,0
5,119.5,1.858,142.7,7.306,1634,15387.5,0,0
5,118.9,1.936,149.12,6.948,1659,15404.3,0,0
5,118.31,2.02,155.83,7.241,1684,15421.1,0,0
5,117.75,2.111,148.81,6.886,1709,15437.9,0,0
5,113.3,2.209,142.12,7.223,1684,15454.7,0,0
5,112.85,2.105,148.51,7.577,1709,15471.5,0,0
5,112.48,2.211,155.2,7.948,1734,15488.3,0,0
5,112.18,2.327,162.18,7.559,1709,15505.1,0,0
5,111.96,2.228,169.48,7.189,1734,15521.9,0,0
5,111.85,2.351,161.85,7.541,1759,15538.7,0,0
5,111.82,2.45,169.14,7.91,1752,15555.5,0,0
5,111.9,2.589,176.75,7.523,1765,15572.3,0,0
5,112.07,2.485,168.79,7.154,1790,15589.1,0,0
5,112.33,2.385,161.2,6.804,1765,15605.9,0,0
5,112.67,2.288,168.45,7.137,1790,15622.7,0,0
5,113.09,2.414,176.03,7.487,1797,15639.5,0,0
5,113.57,2.311,168.11,7.708,1772,15656.3,0,0
5,114.1,2.432,175.67,7.33,1747,15673.1,0,0
5,118.64,2.555,167.77,6.971,1772,15689.9,0,0
5,119.23,2.558,167.77,6.971,1772,15706.7,0,0
5,119.83,2.556,167.77,6.971,1772,15723.5,0,0
5,120.41,2.55,167.77,6.971,1772,15740.3,0,0
5,120.97,2.54,167.77,6.971,1772,15757.1,0,0
5,121.47,2.526,167.77,6.971,1772,15773.9,0,0
5,121.91,2.51,167.77,6.971,1772,15790.7,0,0
5,122.28,2.491,167.77,6.971,1772,15807.5,0,0
5,122.56,2.471,167.77,6.971,1772,15824.3,0,0
5,122.75,2.45,167.77,6.971,1772,15841.1,0,0
5,122.85,2.43,167.77,6.971,1772,15857.9,0,0
5,122.84,2.411,167.77,6.971,1772,15874.7,0,0
5,122.73,2.394,167.77,6.971,1772,15891.5,0,0
5,122.53,2.38,167.77,6.971,1772,15908.3,0,0
5,122.23,2.37,167.77,6.971,1772,15925.1,0,0
5,121.85,2.363,167.77,6.971,1772,15941.9,0,0
5,121.4,2.361,167.77,6.971,1772,15958.7,0,0
5,124.94,2.25,160.22,7.312,1797,15975.5,0,0
5,124.37,2.147,167.43,7.671,1822,15992.3,0,0
5,123.76,2.053,174.96,7.74,1797,16009.1,0,0
5,123.14,2.146,182.84,8.119,1772,16025.9,0,0
5,122.52,2.057,174.61,7.721,1797,16042.7,0,0
5,117.97,1.973,182.47,7.361,1772,16059.5,0,0
5,117.43,2.085,190.68,7.721,1797,16076.3,0,0
5,116.95,2.002,182.1,7.343,1822,16093.1,0,0
5,116.53,2.115,190.29,6.983,1847,16109.9,0,0
5,116.18,2.029,181.73,6.641,1822,16126.7,0,0
5,115.93,2.14,173.55,6.966,1847,16143.5,0,0
5,115.76,2.255,181.36,7.308,1872,16160.3,0,0
5,115.7,2.156,189.52,7.666,1847,16177.0,0,0
5,115.74,2.058,198.05,8.041,1872,16193.8,0,0
5,115.88,2.158,189.14,7.647,1897,16210.6,0,0
5,116.11,2.26,197.65,7.337,1872,16227.4,0,0
5,116.43,2.341,206.54,6.978,1847,16244.2,0,0
5,116.83,2.219,197.25,6.636,1872,16261.0,0,0
5,117.3,2.313,188.37,6.961,1847,16277.8,0,0
5,121.78,2.187,190.26,7.302,1872,16294.6,0,0
5,122.37,2.275,198.82,7.66,1897,16311.4,0,0
5,122.98,2.365,189.88,8.035,1922,16328.2,0,0
5,123.6,2.458,181.33,7.642,1897,16345.0,0,0
5,124.21,2.555,189.49,8.016,1922,16361.8,0,0
5,124.8,2.657,180.97,8.409,1897,16378.6,0,0
5,125.34,2.512,172.82,7.997,1922,16395.4,0,0
5,125.82,2.377,165.04,8.389,1947,16412.2,0,0
5,126.24,2.481,172.47,8.8,1922,16429.0,0,0
5,130.67,2.593,180.23,9.231,1897,16445.8,0,0
5,135.03,2.646,181.69,8.778,1872,16462.6,0,0
5,139.3,2.775,189.87,8.359,1847,16479.4,0,0
5,135.22,2.917,181.32,7.949,1872,16496.2,0,0
5,135.14,2.929,181.32,7.949,1872,16513.0,0,0
5,134.96,2.947,181.32,7.949,1872,16529.8,0,0
5,134.67,2.967,181.32,7.949,1872,16546.6,0,0
5,134.29,2.991,181.32,7.949,1872,16563.4,0,0
5,133.82,3.016,181.32,7.949,1872,16580.2,0,0
5,129.22,2.895,187.25,7.704,1847,16597.0,0,0
5,124.6,2.778,195.68,8.082,1822,16613.8,0,0
5,124.01,2.665,186.87,8.478,1847,16630.6,0,0
5,123.39,2.811,178.46,8.063,1872,16647.4,0,0
5,122.77,2.962,170.43,7.667,1897,16664.2,0,0
5,122.17,3.116,162.76,7.292,1872,16681.0,0,0
5,121.59,2.974,170.09,7.649,1897,16697.8,0,0
5,121.06,2.833,177.74,8.024,1922,16714.6,0,0
5,120.6,2.695,185.74,7.631,1897,16731.4,0,0
5,120.21,2.816,194.1,8.005,1922,16748.2,0,0
5,119.91,2.805,194.1,8.005,1922,16765.0,0,0
5,119.7,2.789,194.1,8.005,1922,16781.8,0,0
5,119.59,2.77,194.1,8.005,1922,16798.6,0,0
5,119.59,2.749,194.1,8.005,1922,16815.4,0,0
5,119.69,2.727,194.1,8.005,1922,16832.2,0,0
5,123.78,2.584,197.74,7.612,1897,16849.0,0,0
5,127.99,2.44,188.84,7.985,1922,16865.8,0,0
5,124.49,2.305,197.34,7.594,1947,16882.6,0,0
5,124.96,2.289,197.34,7.594,1947,16899.4,0,0
5,125.5,2.276,197.34,7.594,1947,16916.2,0,0
5,126.09,2.267,197.34,7.594,1947,16933.0,0,0
5,126.71,2.261,197.34,7.594,1947,16949.8,0,0
5,127.35,2.259,197.34,7.594,1947,16966.6,0,0
5,127.99,2.262,197.34,7.594,1947,16983.4,0,0
5,128.61,2.269,197.34,7.594,1947,17000.2,0,0
5,129.19,2.279,197.34,7.594,1947,17017.0,0,0
5,133.79,2.182,188.46,7.966,1972,17033.8,0,0
5,130.17,2.092,196.94,8.357,1997,17050.6,0,0
5,130.55,2.008,205.8,8.766,1972,17067.4,0,0
5,130.83,1.981,215.07,8.336,1947,17084.2,0,0
5,131.02,2.093,218.8,8.745,1972,17101.0,0,0
5,131.09,2.009,220.39,9.173,1947,17117.8,0,0
5,131.07,2.121,210.47,9.623,1922,17134.6,0,0
5,130.93,2.032,219.94,10.094,1897,17151.4,0,0
5,130.69,2.089,229.84,9.6,1922,17168.2,0,0
5,130.36,2.197,219.5,9.129,1897,17185.0,0,0
5,129.94,2.096,209.62,9.577,1922,17201.8,0,0
5,129.44,1.997,200.19,9.108,1897,17218.6,0,0
5,128.88,2.091,191.18,8.661,1872,17235.4,0,0
5,130.11,2.185,199.78,9.086,1847,17252.2,0,0
5,125.46,2.071,190.79,9.531,1872,17269.0,0,0
5,124.83,1.961,199.38,9.998,1847,17285.8,0,0
5,124.2,1.854,208.35,10.488,1872,17302.6,0,0
5,123.61,1.751,198.97,11.002,1897,17319.4,0,0
5,123.05,1.654,207.93,10.463,1922,17336.2,0,0
5,122.55,1.719,217.28,9.95,1897,17353.0,0,0
5,118.22,1.786,207.51,9.462,1922,17369.7,0,0
5,117.89,1.858,216.84,9.516,1947,17386.5,0,0
5,117.65,1.934,207.09,9.05,1922,17403.3,0,0
5,117.5,2.015,216.41,8.607,1897,17420.1,0,0
5,117.46,1.911,226.14,8.923,1872,17436.9,0,0
5,121.4,1.888,236.32,9.36,1847,17453.7,0,0
5,121.56,1.796,225.69,8.901,1822,17470.5,0,0
5,121.82,1.712,235.84,9.337,1847,17487.3,0,0
5,122.18,1.8,225.23,9.795,1872,17504.1,0,0
5,122.61,1.721,215.09,10.275,1892,17520.9,0,0
5,123.12,1.815,206.28,10.778,1875,17537.7,0,0
5,123.68,1.915,196.99,10.25,1850,17554.5,0,0
5,120.31,2.023,205.86,9.748,1825,17571.3,0,0
5,120.91,2.04,205.86,9.748,1825,17588.1,0,0
5,121.52,2.057,205.86,9.748,1825,17604.9,0,0
5,109.91,1.452,205.86,9.748,1825,17621.7,1,0
5,122.69,2.089,205.86,9.748,1825,17638.5,0,0
5,123.21,2.103,205.86,9.748,1825,17655.3,0,0
5,123.67,2.114,205.86,9.748,1825,17672.1,0,0
5,124.06,2.121,205.86,9.748,1825,17688.9,0,0
5,124.37,2.126,205.86,9.748,1825,17705.7,0,0
5,124.59,2.127,205.86,9.748,1825,17722.5,0,0
5,124.7,2.124,205.86,9.748,1825,17739.3,0,0
5,124.71,2.118,205.86,9.748,1825,17756.1,0,0
5,124.63,2.109,205.86,9.748,1825,17772.9,0,0
5,124.44,2.097,205.86,9.748,1825,17789.7,0,0
5,120.06,2.182,215.12,10.226,1800,17806.5,0,0
5,119.7,2.269,205.44,10.727,1825,17823.3,0,0
5,119.27,2.359,196.2,10.201,1850,17840.1,0,0
5,118.78,2.451,187.37,9.701,1825,17856.9,0,0
5,118.24,2.548,194.06,9.226,1850,17873.7,0,0
5,117.67,2.65,202.79,9.678,1825,17890.5,0,0
5,117.08,2.506,193.66,9.204,1837,17907.3,0,0
5,112.51,2.373,202.38,9.655,1862,17924.1,0,0
5,111.96,2.364,202.38,9.655,1862,17940.9,0,0
5,111.44,2.359,202.38,9.655,1862,17957.7,0,0
5,110.97,2.358,202.38,9.655,1862,17974.5,0,0
5,110.56,2.361,202.38,9.655,1862,17991.3,0,0
5,110.22,2.368,202.38,9.655,1862,18008.1,0,0
5,109.95,2.38,202.38,9.655,1862,18024.9,0,0
5,109.78,2.394,202.38,9.655,1862,18041.7,0,0
5,109.7,2.412,202.38,9.655,1862,18058.5,0,0
5,109.72,2.431,202.38,9.655,1862,18075.3,0,0
5,109.83,2.451,202.38,9.655,1862,18092.1,0,0
5,110.03,2.472,202.38,9.655,1862,18108.9,0,0
5,114.22,2.372,193.27,9.182,1837,18125.7,0,0
5,111.29,2.504,201.97,9.632,1812,18142.5,0,0
5,111.73,2.399,192.88,9.16,1787,18159.3,0,0
5,112.22,2.296,184.2,9.264,1812,18176.1,0,0
5,112.75,2.414,192.49,9.718,1787,18192.9,0,0
5,113.32,2.535,194.39,10.195,1812,18209.7,0,0
5,113.89,2.582,203.13,9.695,1837,18226.5,0,0
5,114.45,2.702,193.99,9.22,1812,18243.3,0,0
5,115.0,2.824,202.72,9.672,1787,18260.1,0,0
5,115.51,2.946,193.6,9.198,1762,18276.9,0,0
5,120.05,2.788,184.89,8.747,1737,18293.7,0,0
5,124.55,2.902,176.57,9.176,1762,18310.5,0,0
5,121.07,3.017,168.62,8.726,1787,18327.3,0,0
5,121.31,3.136,161.04,9.154,1762,18344.1,0,0
5,121.46,2.961,168.28,9.602,1737,18360.9,0,0
5,121.52,3.078,160.71,9.132,1762,18377.7,0,0
5,121.47,2.908,153.48,8.684,1787,18394.5,0,0
5,121.33,2.75,160.38,8.259,1762,18411.3,0,0
5,121.09,2.604,167.6,8.663,1737,18428.1,0,0
5,124.86,2.47,160.06,9.088,1762,18444.9,0,0
5,124.44,2.346,167.26,8.643,1737,18461.7,0,0
5,123.95,2.458,159.73,8.219,1712,18478.5,0,0
5,123.41,2.58,166.92,7.816,1737,18495.3,0,0
5,122.83,2.713,174.43,8.199,1762,18512.1,0,0
5,118.21,2.596,182.28,8.302,1784,18528.9,0,0
5,117.62,2.612,182.28,8.302,1784,18545.7,0,0
5,117.03,2.631,182.28,8.302,1784,18562.4,0,0
5,116.48,2.652,182.28,8.302,1784,18579.2,0,0
5,115.96,2.674,182.28,8.302,1784,18596.0,0,0
5,115.5,2.697,182.28,8.302,1784,18612.8,0,0
5,115.12,2.718,182.28,8.302,1784,18629.6,0,0
5,114.81,2.738,182.28,8.302,1784,18646.4,0,0
5,114.59,2.755,182.28,8.302,1784,18663.2,0,0
5,110.59,2.901,190.49,8.709,1809,18680.0,0,0
5,106.68,2.772,199.06,9.136,1784,18696.8,0,0
5,106.75,2.777,199.06,9.136,1784,18713.6,0,0
5,106.91,2.777,199.06,9.136,1784,18730.4,0,0
5,107.16,2.773,199.06,9.136,1784,18747.2,0,0
5,107.49,2.765,199.06,9.136,1784,18764.0,0,0
5,107.89,2.752,199.06,9.136,1784,18780.8,0,0
5,112.28,2.604,190.1,8.688,1759,18797.6,0,0
5,108.84,2.71,198.66,8.263,1784,18814.4,0,0
5,105.4,2.818,189.72,8.667,1759,18831.2,0,0
5,105.93,2.929,181.18,8.475,1784,18848.0,0,0
5,106.46,3.044,177.47,8.06,1759,18864.8,0,0
5,106.98,3.164,169.48,7.665,1784,18881.6,0,0
5,107.47,2.99,161.86,7.289,1809,18898.4,0,0
5,107.92,3.113,169.14,7.647,1784,18915.2,0,0
5,108.31,3.246,161.53,8.021,1759,18932.0,0,0
5,108.64,3.079,154.26,8.414,1784,18948.8,0,0
5,108.89,3.22,161.2,8.002,1759,18965.6,0,0
5,109.07,3.374,168.46,7.61,1734,18982.4,0,0
5,109.15,3.218,176.04,7.237,1759,18999.2,0,0
5,109.14,3.229,176.04,7.237,1759,19016.0,0,0
5,109.05,3.245,176.04,7.237,1759,19032.8,0,0
5,108.87,3.266,176.04,7.237,1759,19049.6,0,0
5,108.61,3.29,176.04,7.237,1759,19066.4,0,0
5,108.27,3.316,176.04,7.237,1759,19083.2,0,0
5,107.87,3.344,176.04,7.237,1759,19100.0,0,0
5,107.42,3.372,176.04,7.237,1759,19116.8,0,0
5,110.96,3.236,183.96,7.592,1734,19133.6,0,0
5,110.42,3.259,183.96,7.592,1734,19150.4,0,0
5,109.86,3.279,183.96,7.592,1734,19167.2,0,0
5,109.31,3.295,183.96,7.592,1734,19184.0,0,0
5,108.78,3.306,183.96,7.592,1734,19200.8,0,0
5,108.29,3.312,183.96,7.592,1734,19217.6,0,0
5,107.84,3.312,183.96,7.592,1734,19234.4,0,0
5,103.54,3.148,175.68,7.22,1709,19251.2,0,0
5,103.23,3.137,175.68,7.22,1709,19268.0,0,0
5,103.0,3.123,175.68,7.22,1709,19284.8,0,0
5,102.86,3.104,175.68,7.22,1709,19301.6,0,0
5,102.8,3.082,175.68,7.22,1709,19318.4,0,0
5,102.83,3.058,175.68,7.22,1709,19335.2,0,0
5,102.95,3.032,175.68,7.22,1709,19352.0,0,0
5,103.16,3.007,175.68,7.22,1709,19368.8,0,0
5,103.44,2.983,175.68,7.22,1709,19385.6,0,0
5,107.72,2.819,180.18,7.573,1734,19402.4,0,0
5,112.09,2.666,188.29,7.202,1759,19419.2,0,0
5,112.59,2.78,196.76,7.555,1784,19436.0,0,0
5,113.13,2.903,205.62,7.185,1809,19452.8,0,0
5,113.7,2.759,196.36,6.833,1784,19469.6,0,0
5,114.27,2.627,205.2,6.498,1809,19486.4,0,0
5,118.86,2.505,214.43,6.817,1834,19503.2,0,0
5,115.38,2.393,204.78,7.151,1859,19520.0,0,0
5,111.81,2.521,214.0,6.8,1862,19536.8,0,0
5,112.24,2.537,214.0,6.8,1862,19553.6,0,0
5,112.61,2.556,214.0,6.8,1862,19570.4,0,0
5,112.91,2.577,214.0,6.8,1862,19587.2,0,0
5,113.12,2.599,214.0,6.8,1862,19604.0,0,0
5,113.25,2.62,214.0,6.8,1862,19620.8,0,0
5,117.4,2.768,223.63,6.467,1887,19637.6,0,0
5,117.23,2.921,233.69,6.15,1862,19654.4,0,0
5,121.18,2.798,244.21,6.451,1887,19671.2,0,0
5,120.93,2.811,244.21,6.451,1887,19688.0,0,0
5,120.58,2.82,244.21,6.451,1887,19704.8,0,0
5,120.17,2.825,244.21,6.451,1887,19721.6,0,0
5,119.68,2.824,244.21,6.451,1887,19738.4,0,0
5,119.15,2.82,244.21,6.451,1887,19755.2,0,0
5,118.58,2.81,244.21,6.451,1887,19771.9,0,0
5,117.99,2.796,244.21,6.451,1887,19788.7,0,0
5,113.42,2.913,255.2,6.768,1912,19805.5,0,0
5,112.86,3.031,243.71,6.436,1887,19822.3,0,0
5,112.32,2.863,232.75,6.751,1912,19839.1,0,0
5,111.84,2.703,222.27,6.42,1887,19855.9,0,0
5,111.41,2.551,212.27,6.55,1862,19872.7,0,0
5,111.05,2.652,221.82,6.871,1837,19889.5,0,0
5,110.77,2.759,211.84,7.208,1862,19906.3,0,0
5,110.57,2.824,221.37,7.561,1837,19923.1,0,0
5,110.47,2.675,231.34,7.191,1812,19939.9,0,0
5,110.47,2.794,220.93,6.838,1837,19956.7,0,0
5,110.56,2.923,210.98,6.503,1812,19973.5,0,0
5,110.75,2.783,201.49,6.822,1837,19990.3,0,0
5,111.02,2.923,192.42,7.156,1862,20007.1,0,0
5,107.46,3.074,183.76,6.805,1837,20023.9,0,0
5,111.8,2.942,192.03,7.139,1862,20040.7,0,0
5,116.22,2.819,200.67,7.489,1887,20057.5,0,0
5,116.77,2.977,191.64,7.122,1912,20074.3,0,0
5,117.34,2.857,183.02,6.773,1887,20091.1,0,0
5,117.94,2.864,174.78,6.441,1912,20107.9,0,0
5,118.53,3.027,166.92,6.756,1937,20124.7,0,0
5,119.1,3.197,174.43,7.088,1946,20141.5,0,0
5,119.64,3.065,166.58,6.74,1921,20158.3,0,0
5,124.2,3.231,159.08,7.071,1946,20175.1,0,0
5,124.64,3.246,159.08,7.071,1946,20191.9,0,0
5,125.0,3.256,159.08,7.071,1946,20208.7,0,0
5,125.27,3.261,159.08,7.071,1946,20225.5,0,0
5,125.45,3.26,159.08,7.071,1946,20242.3,0,0
5,125.53,3.254,159.08,7.071,1946,20259.1,0,0
5,125.5,3.243,159.08,7.071,1946,20275.9,0,0
5,125.37,3.227,159.08,7.071,1946,20292.7,0,0
5,125.15,3.053,166.24,6.724,1921,20309.5,0,0
5,124.83,2.885,173.72,7.054,1896,20326.3,0,0
5,124.43,2.725,181.54,7.399,1921,20343.1,0,0
5,123.95,2.656,173.37,7.762,1896,20359.9,0,0
5,123.42,2.761,181.17,7.381,1871,20376.7,0,0
5,122.85,2.87,189.33,7.743,1896,20393.5,0,0
5,122.24,2.712,180.81,7.364,1871,20410.3,0,0
5,121.63,2.825,172.67,7.003,1896,20427.1,0,0
5,121.02,2.676,180.44,7.346,1871,20443.9,0,0
5,124.39,2.54,188.56,7.706,1896,20460.7,0,0
5,123.83,2.536,188.56,7.706,1896,20477.5,0,0
5,123.33,2.536,188.56,7.706,1896,20494.3,0,0
5,122.9,2.542,188.56,7.706,1896,20511.1,0,0
5,122.55,2.551,188.56,7.706,1896,20527.9,0,0
5,122.3,2.565,188.56,7.706,1896,20544.7,0,0
5,122.15,2.582,188.56,7.706,1896,20561.5,0,0
5,122.1,2.602,188.56,7.706,1896,20578.3,0,0
5,122.16,2.623,188.56,7.706,1896,20595.1,0,0
5,122.32,2.645,188.56,7.706,1896,20611.9,0,0
5,122.58,2.667,188.56,7.706,1896,20628.7,0,0
5,122.94,2.688,188.56,7.706,1896,20645.5,0,0
5,123.38,2.706,188.56,7.706,1896,20662.3,0,0
5,123.89,2.722,188.56,7.706,1896,20679.1,0,0
5,124.45,2.735,188.56,7.706,1896,20695.9,0,0
5,125.06,2.743,188.56,7.706,1896,20712.7,0,0
5,125.69,2.878,197.05,8.084,1871,20729.5,0,0
5,126.32,2.739,188.18,7.687,1896,20746.3,0,0
5,126.94,2.603,194.17,8.064,1871,20763.1,0,0
5,127.53,2.718,185.43,7.669,1846,20779.9,0,0
5,128.07,2.806,193.77,8.045,1871,20796.7,0,0
5,128.56,2.655,202.49,8.439,1846,20813.5,0,0
5,128.96,2.509,211.61,8.852,1821,20830.3,0,0
5,129.28,2.609,221.13,8.419,1846,20847.1,0,0
5,125.39,2.463,231.08,8.501,1821,20863.9,0,0
5,121.39,2.56,241.48,8.085,1846,20880.7,0,0
5,121.41,2.539,241.48,8.085,1846,20897.5,0,0
5,121.32,2.521,241.48,8.085,1846,20914.3,0,0
5,121.14,2.506,241.48,8.085,1846,20931.1,0,0
5,120.87,2.494,241.48,8.085,1846,20947.9,0,0
5,120.51,2.486,241.48,8.085,1846,20964.6,0,0
5,120.08,2.482,241.48,8.085,1846,20981.4,0,0
5,119.58,2.484,241.48,8.085,1846,20998.2,0,0
5,119.04,2.489,241.48,8.085,1846,21015.0,0,0
5,118.47,2.379,252.34,8.481,1871,21031.8,0,0
5,117.88,2.507,240.99,8.065,1846,21048.6,0,0
5,117.29,2.645,230.14,7.67,1871,21065.4,0,0
5,116.71,2.793,234.29,7.294,1896,21082.2,0,0
5,116.17,2.681,244.84,7.013,1871,21099.0,0,0
5,115.67,2.833,233.82,6.669,1846,21115.8,0,0
5,115.24,2.993,244.34,6.996,1871,21132.6,0,0
5,103.4,2.01,233.34,7.296,1846,21149.4,1,0
5,114.61,2.892,233.34,7.296,1846,21166.2,0,0
5,114.43,2.908,233.34,7.296,1846,21183.0,0,0
5,114.35,2.921,233.34,7.296,1846,21199.8,0,0
5,114.36,2.929,233.34,7.296,1846,21216.6,0,0
5,114.47,2.933,233.34,7.296,1846,21233.4,0,0
5,114.68,2.932,233.34,7.296,1846,21250.2,0,0
5,114.98,2.925,233.34,7.296,1846,21267.0,0,0
5,115.36,2.914,233.34,7.296,1846,21283.8,0,0
5,115.81,2.899,233.34,7.296,1846,21300.6,0,0
5,116.32,2.881,233.34,7.296,1846,21317.4,0,0
5,116.88,2.86,233.34,7.296,1846,21334.2,0,0
5,117.46,2.837,233.34,7.296,1846,21351.0,0,0
5,118.05,2.813,233.34,7.296,1846,21367.8,0,0
5,118.64,2.79,233.34,7.296,1846,21384.6,0,0
5,123.25,2.635,222.84,7.654,1869,21401.4,0,0
5,123.8,2.742,212.82,7.279,1844,21418.2,0,0
5,124.29,2.595,203.24,6.922,1819,21435.0,0,0
5,124.72,2.707,212.39,7.261,1844,21451.8,0,0
5,125.06,2.569,202.83,7.617,1869,21468.6,0,0
5,125.32,2.689,211.96,7.99,1844,21485.4,0,0
5,125.47,2.82,202.42,8.382,1869,21502.2,0,0
5,125.53,2.962,193.31,8.793,1894,21519.0,0,0
5,121.37,2.831,196.37,9.224,1869,21535.8,0,0
5,121.22,2.847,196.37,9.224,1869,21552.6,0,0
5,120.99,2.866,196.37,9.224,1869,21569.4,0,0
5,120.66,2.888,196.37,9.224,1869,21586.2,0,0
5,120.26,2.912,196.37,9.224,1869,21603.0,0,0
5,119.79,2.937,196.37,9.224,1869,21619.8,0,0
5,119.27,2.961,196.37,9.224,1869,21636.6,0,0
5,114.67,3.127,187.53,8.772,1891,21653.4,0,0
5,114.11,2.997,179.09,8.342,1866,21670.2,0,0
5,113.53,3.159,187.15,8.751,1891,21687.0,0,0
5,112.97,3.02,178.73,9.179,1916,21703.8,0,0
5,112.43,3.174,186.77,8.73,1891,21720.6,0,0
5,111.94,3.33,195.18,9.157,1916,21737.4,0,0
5,111.49,3.168,203.96,9.606,1891,21754.2,0,0
5,111.12,3.312,213.14,10.077,1866,21771.0,0,0
5,110.82,3.355,203.55,10.57,1841,21787.8,0,0
5,110.61,3.177,194.39,10.052,1866,21804.6,0,0
5,110.49,3.308,201.17,9.56,1891,21821.4,0,0
5,114.34,3.126,192.12,9.091,1916,21838.2,0,0
5,118.3,2.952,183.47,8.646,1941,21855.0,0,0
5,118.48,3.068,179.6,8.222,1966,21871.8,0,0
5,118.75,2.896,187.68,7.819,1941,21888.6,0,0
5,119.11,3.011,179.24,7.436,1966,21905.4,0,0
5,119.55,2.847,185.15,7.801,1941,21922.2,0,0
5,120.05,2.966,193.48,7.418,1916,21939.0,0,0
5,120.61,3.094,202.18,7.782,1941,21955.8,0,0
5,121.2,2.937,193.09,7.401,1916,21972.6,0,0
5,121.81,2.793,201.77,7.763,1922,21989.4,0,0
5,118.4,2.661,192.69,7.383,1897,22006.2,0,0
5,118.98,2.54,201.37,7.745,1922,22023.0,0,0
5,119.53,2.428,210.43,8.124,1947,22039.8,0,0
5,120.03,2.438,219.9,7.726,1922,22056.6,0,0
5,120.47,2.572,210.0,8.105,1947,22073.4,0,0
5,120.83,2.468,200.55,7.707,1922,22090.2,0,0
5,117.0,2.458,209.58,8.085,1897,22107.0,0,0
5,117.19,2.583,200.15,7.689,1872,22123.8,0,0
5,150.0,3.433,189.15,6.066,1897,22140.6,0,1
5,117.28,2.618,199.74,8.12,1918,22157.3,0,0
5,117.18,2.762,190.75,8.518,1943,22174.1,0,0
5,116.98,2.911,182.17,8.935,1968,22190.9,0,0
5,116.7,2.783,190.37,8.497,1993,22207.7,0,0
5,116.34,2.656,198.93,8.914,1968,22224.5,0,0
5,115.91,2.786,189.98,8.477,1993,22241.3,0,0
5,115.43,2.918,198.53,8.892,1968,22258.1,0,0
5,114.9,3.051,207.46,9.328,1943,22274.9,0,0
5,114.34,2.893,205.16,9.404,1918,22291.7,0,0
5,113.77,2.739,204.35,8.943,1893,22308.5,0,0
5,113.2,2.852,213.55,9.381,1868,22325.3,0,0
5,112.65,2.695,203.94,8.933,1843,22342.1,0,0
5,112.13,2.801,194.76,8.496,1868,22358.9,0,0
5,115.59,2.911,192.85,8.079,1893,22375.7,0,0
5,111.26,2.748,201.53,8.475,1868,22392.5,0,0
5,110.93,2.596,192.46,8.891,1893,22409.3,0,0
5,110.68,2.454,183.8,8.455,1868,22426.1,0,0
5,110.52,2.557,175.53,8.041,1843,22442.9,0,0
5,110.46,2.605,183.43,8.435,1868,22459.7,0,0
5,110.49,2.723,175.17,8.021,1893,22476.5,0,0
5,110.62,2.59,167.29,7.628,1868,22493.3,0,0
5,110.84,2.467,174.82,8.002,1843,22510.1,0,0
5,115.05,2.355,166.95,8.394,1868,22526.9,0,0
5,115.45,2.252,174.47,7.983,1893,22543.7,0,0
5,115.91,2.374,182.32,8.374,1918,22560.5,0,0
5,116.43,2.505,190.52,8.784,1943,22577.3,0,0
5,116.99,2.403,181.95,8.645,1918,22594.1,0,0
5,117.57,2.539,190.14,8.222,1893,22610.9,0,0
5,122.18,2.438,198.69,8.603,1868,22627.7,0,0
5,122.78,2.458,198.69,8.603,1868,22644.5,0,0
5,123.36,2.476,198.69,8.603,1868,22661.3,0,0
5,123.9,2.493,198.69,8.603,1868,22678.1,0,0
5,124.38,2.507,198.69,8.603,1868,22694.9,0,0
5,124.79,2.517,198.69,8.603,1868,22711.7,0,0
5,125.12,2.523,198.69,8.603,1868,22728.5,0,0
5,125.35,2.583,189.75,8.181,1843,22745.3,0,0
5,125.49,2.457,198.29,7.78,1868,22762.1,0,0
5,125.53,2.568,207.21,8.162,1843,22778.9,0,0
5,125.46,2.681,197.89,8.562,1868,22795.7,0,0
5,125.3,2.794,206.79,8.981,1860,22812.5,0,0
5,120.93,2.642,197.49,8.541,1835,22829.3,0,0
5,120.59,2.622,197.49,8.541,1835,22846.1,0,0
5,120.17,2.601,197.49,8.541,1835,22862.9,0,0
5,119.69,2.579,197.49,8.541,1835,22879.7,0,0
5,119.16,2.558,197.49,8.541,1835,22896.5,0,0
5,118.59,2.538,197.49,8.541,1835,22913.3,0,0
5,118.0,2.521,197.49,8.541,1835,22930.1,0,0
5,117.41,2.507,197.49,8.541,1835,22946.9,0,0
5,116.83,2.496,197.49,8.541,1835,22963.7,0,0
5,116.28,2.609,206.37,8.96,1810,22980.5,0,0
5,115.77,2.482,204.5,8.521,1785,22997.3,0,0
5,115.33,2.493,213.71,8.938,1765,23014.1,0,0
5,114.95,2.62,223.32,8.5,1747,23030.9,0,0
5,114.66,2.506,213.27,8.917,1772,23047.7,0,0
5,114.46,2.641,203.68,8.647,1797,23064.5,0,0
5,114.35,2.532,212.84,9.071,1822,23081.3,0,0
5,114.35,2.675,203.27,8.627,1847,23098.1,0,0
5,110.56,2.826,212.41,9.049,1822,23114.9,0,0
5,109.41,2.713,202.85,8.606,1797,23131.7,0,0
5,105.78,2.604,193.73,8.184,1822,23148.5,0,0
5,102.2,2.498,185.01,7.783,1847,23165.3,0,0
5,102.59,2.514,185.01,7.783,1847,23182.1,0,0
5,103.03,2.528,185.01,7.783,1847,23198.9,0,0
5,103.52,2.538,185.01,7.783,1847,23215.7,0,0
5,104.03,2.544,185.01,7.783,1847,23232.5,0,0
5,100.55,2.423,193.33,8.165,1822,23249.3,0,0
5,97.03,2.305,202.03,8.565,1797,23266.1,0,0
5,97.5,2.298,202.03,8.565,1797,23282.9,0,0
5,97.94,2.289,202.03,8.565,1797,23299.7,0,0
5,98.34,2.276,202.03,8.565,1797,23316.5,0,0
5,98.69,2.261,202.03,8.565,1797,23333.3,0,0
5,98.98,2.244,202.03,8.565,1797,23350.1,0,0
5,99.2,2.225,202.03,8.565,1797,23366.8,0,0
5,99.34,2.207,202.03,8.565,1797,23383.6,0,0
5,99.4,2.189,202.03,8.565,1797,23400.4,0,0
5,99.38,2.172,202.03,8.565,1797,23417.2,0,0
5,99.28,2.157,202.03,8.565,1797,23434.0,0,0
5,103.21,2.248,192.94,8.145,1772,23450.8,0,0
5,98.85,2.346,201.62,8.544,1797,23467.6,0,0
5,94.45,2.228,192.55,8.125,1822,23484.4,0,0
5,94.09,2.12,201.22,7.727,1797,23501.2,0,0
5,93.69,2.02,210.27,8.106,1822,23518.0,0,0
5,93.25,2.123,200.81,8.503,1797,23534.8,0,0
5,92.79,2.235,209.84,8.086,1772,23551.6,0,0
5,92.33,2.357,216.5,7.69,1747,23568.4,0,0
5,91.87,2.26,206.76,8.067,1772,23585.2,0,0
5,91.42,2.168,197.45,7.672,1747,23602.0,0,0
5,91.01,2.081,206.34,7.296,1766,23618.8,0,0
5,90.64,2.199,197.55,7.653,1791,23635.6,0,0
5,90.33,2.111,206.44,8.028,1816,23652.4,0,0
5,90.07,2.229,215.73,8.422,1841,23669.2,0,0
5,89.88,2.322,225.44,8.834,1866,23686.0,0,0
5,89.77,2.446,215.3,9.267,1841,23702.8,0,0
5,85.85,2.573,205.61,8.813,1866,23719.6,0,0
5,82.01,2.703,214.86,8.381,1859,23736.4,0,0
5,82.12,2.574,205.21,8.792,1834,23753.2,0,0
5,82.29,2.448,214.44,9.223,1859,23770.0,0,0
5,82.53,2.559,224.09,9.675,1834,23786.8,0,0
5,82.83,2.425,214.01,9.201,1859,23803.6,0,0
5,83.17,2.527,223.64,9.652,1884,23820.4,0,0
5,83.55,2.39,233.7,9.179,1859,23837.2,0,0
5,83.95,2.258,244.22,8.729,1884,23854.0,0,0
5,88.37,2.132,255.21,9.157,1909,23870.8,0,0
5,88.81,2.114,255.21,9.157,1909,23887.6,0,0
5,89.25,2.097,255.21,9.157,1909,23904.4,0,0
5,89.66,2.081,255.21,9.157,1909,23921.2,0,0
5,90.05,2.067,255.21,9.157,1909,23938.0,0,0
5,90.39,2.055,255.21,9.157,1909,23954.8,0,0
5,90.67,2.047,255.21,9.157,1909,23971.6,0,0
5,90.9,2.042,255.21,9.157,1909,23988.4,0,0
5,91.06,2.041,255.21,9.157,1909,24005.2,0,0
5,95.27,2.062,243.72,8.708,1884,24022.0,0,0
5,95.28,2.168,232.76,9.135,1909,24038.8,0,0
5,95.21,2.073,243.23,9.35,1884,24055.6,0,0
5,95.07,2.186,232.29,8.892,1859,24072.4,0,0
5,94.86,2.307,221.83,8.998,1834,24089.2,0,0
5,94.58,2.214,211.85,9.439,1859,24106.0,0,0
5,94.24,2.126,221.38,8.977,1834,24122.8,0,0
5,93.85,2.246,231.35,8.537,1809,24139.6,0,0
5,93.43,2.373,220.94,8.955,1834,24156.4,0,0
5,88.96,2.276,210.99,9.325,1809,24173.2,0,0
5,88.51,2.29,210.99,9.325,1809,24190.0,0,0
5,88.07,2.302,210.99,9.325,1809,24206.8,0,0
5,87.64,2.311,210.99,9.325,1809,24223.6,0,0
5,87.23,2.316,210.99,9.325,1809,24240.4,0,0
5,86.86,2.317,210.99,9.325,1809,24257.2,0,0
5,90.45,2.425,201.5,8.868,1834,24274.0,0,0
5,90.16,2.418,201.5,8.868,1834,24290.8,0,0
5,89.95,2.407,201.5,8.868,1834,24307.6,0,0
5,89.81,2.393,201.5,8.868,1834,24324.4,0,0
5,89.74,2.377,201.5,8.868,1834,24341.2,0,0
5,93.63,2.472,210.57,9.302,1858,24358.0,0,0
5,89.84,2.569,220.04,9.758,1883,24374.8,0,0
5,90.0,2.67,210.14,9.28,1908,24391.6,0,0
5,90.23,2.521,219.6,8.825,1883,24408.4,0,0
5,90.53,2.382,229.48,8.393,1908,24425.2,0,0
5,90.88,2.48,220.41,7.981,1933,24442.0,0,0
5,91.28,2.585,230.33,8.372,1908,24458.8,0,0
5,91.72,2.451,240.7,7.962,1899,24475.6,0,0
5,92.17,2.328,229.87,8.352,1924,24492.4,0,0
5,92.64,2.439,219.52,7.943,1949,24509.2,0,0
5,89.07,2.56,209.64,7.783,1974,24526.0,0,0
5,89.5,2.568,209.64,7.783,1974,24542.8,0,0
5,89.9,2.58,209.64,7.783,1974,24559.5,0,0
5,90.26,2.596,209.64,7.783,1974,24576.3,0,0
5,90.57,2.615,209.64,7.783,1974,24593.1,0,0
5,90.82,2.636,209.64,7.783,1974,24609.9,0,0
5,91.0,2.658,209.64,7.783,1974,24626.7,0,0
5,91.12,2.68,209.64,7.783,1974,24643.5,0,0
5,95.28,2.572,200.21,7.402,1999,24660.3,0,0
5,89.43,1.727,191.2,7.039,1974,24677.1,1,0
5,99.25,2.482,191.2,7.039,1974,24693.9,0,0
5,99.06,2.495,191.2,7.039,1974,24710.7,0,0
5,98.79,2.504,191.2,7.039,1974,24727.5,0,0
5,98.46,2.508,191.2,7.039,1974,24744.3,0,0
5,98.08,2.509,191.2,7.039,1974,24761.1,0,0
5,97.65,2.506,191.2,7.039,1974,24777.9,0,0
5,93.16,2.378,197.12,6.694,1949,24794.7,0,0
5,92.7,2.481,205.99,7.022,1974,24811.5,0,0
5,92.24,2.585,196.72,6.678,1999,24828.3,0,0
5,91.78,2.69,205.57,7.005,1974,24845.1,0,0
5,91.34,2.541,214.82,7.348,1949,24861.9,0,0
5,94.87,2.608,205.16,6.988,1974,24878.7,0,0
5,94.49,2.711,214.39,7.331,1999,24895.5,0,0
5,94.17,2.56,204.74,6.972,1974,24912.3,0,0
5,93.92,2.662,213.95,7.313,1999,24929.1,0,0
5,93.74,2.772,223.58,7.672,1974,24945.9,0,0
5,93.64,2.692,213.52,7.296,1949,24962.7,0,0
5,93.61,2.689,203.91,6.938,1974,24979.5,0,0
5,93.67,2.554,213.09,6.598,1949,24996.3,0,0
5,93.81,2.676,222.68,6.922,1951,25013.1,0,0
5,94.03,2.552,216.95,7.261,1976,25029.9,0,0
5,94.31,2.683,226.72,7.616,2001,25046.7,0,0
5,98.58,2.826,216.51,7.99,2026,25063.5,0,0
5,99.0,2.98,218.7,8.381,2009,25080.3,0,0
5,99.46,3.146,228.55,8.792,2034,25097.1,0,0
5,99.94,3.323,218.26,8.361,2009,25113.9,0,0
5,100.45,3.19,208.44,7.951,1984,25130.7,0,0
5,100.95,3.063,210.36,7.562,2009,25147.5,0,0
5,105.48,3.16,219.83,7.932,1984,25164.3,0,0
5,105.97,3.03,209.94,7.544,1959,25181.1,0,0
5,106.41,3.195,200.49,7.174,1934,25197.9,0,0
5,106.8,3.365,191.47,6.822,1959,25214.7,0,0
5,107.12,3.215,182.85,7.157,1934,25231.5,0,0
5,107.38,3.066,174.62,7.507,1909,25248.3,0,0
5,107.55,3.214,166.77,7.875,1884,25265.1,0,0
5,107.63,3.363,174.27,8.261,1909,25281.9,0,0
5,107.63,3.513,166.43,7.856,1884,25298.7,0,0
5,104.73,3.665,158.94,7.471,1859,25315.5,0,0
5,108.66,3.818,166.09,7.837,1884,25332.3,0,0
5,112.5,3.609,173.57,7.453,1859,25349.1,0,0
5,112.16,3.753,180.84,7.088,1834,25365.9,0,0
5,111.75,3.543,181.67,7.436,1859,25382.7,0,0
5,111.28,3.345,173.5,7.071,1884,25399.5,0,0
5,110.77,3.172,181.3,7.418,1874,25416.3,0,0
5,110.23,3.299,189.46,7.781,1899,25433.1,0,0
5,109.68,3.435,197.99,8.162,1924,25449.9,0,0
5,109.13,3.254,200.39,8.562,1899,25466.7,0,0
5,112.55,3.086,191.37,8.143,1874,25483.5,0,0
5,112.04,2.932,199.98,8.542,1899,25500.3,0,0
5,111.57,2.791,190.98,8.403,1874,25517.1,0,0
5,111.16,2.721,199.57,8.814,1849,25533.9,0,0
5,110.83,2.861,190.59,9.246,1824,25550.7,0,0
5,110.58,2.768,182.02,9.699,1799,25567.5,0,0
5,110.43,2.652,177.88,10.057,1774,25584.3,0,0
5,110.36,2.543,169.88,9.564,1799,25601.1,0,0
5,110.39,2.687,162.23,9.096,1824,25617.9,0,0
5,110.52,2.579,169.53,9.541,1849,25634.7,0,0
5,110.74,2.476,161.9,9.074,1874,25651.5,0,0
5,111.04,2.616,169.19,9.518,1899,25668.3,0,0
5,111.42,2.508,176.8,9.052,1874,25685.1,0,0
5,111.87,2.402,184.76,9.495,1849,25701.9,0,0
5,112.37,2.53,176.44,9.03,1824,25718.7,0,0
5,112.91,2.66,184.38,9.473,1799,25735.5,0,0
5,113.47,2.792,192.68,9.669,1774,25752.2,0,0
5,114.05,2.926,184.01,10.143,1799,25769.0,0,0
5,114.61,2.781,192.29,10.64,1774,25785.8,0,0
5,115.15,2.639,200.94,11.162,1749,25802.6,0,0
5,115.65,2.753,191.9,11.268,1774,25819.4,0,0
5,116.1,2.868,200.54,11.82,1799,25836.2,0,0
5,116.49,2.847,200.54,11.82,1799,25853.0,0,0
5,116.8,2.825,200.54,11.82,1799,25869.8,0,0
5,117.02,2.802,200.54,11.82,1799,25886.6,0,0
5,117.15,2.778,200.54,11.82,1799,25903.4,0,0
5,117.19,2.756,200.54,11.82,1799,25920.2,0,0
5,113.01,2.867,191.51,11.241,1774,25937.0,0,0
5,116.97,2.931,182.89,10.69,1799,25953.8,0,0
5,116.73,2.916,182.89,10.69,1799,25970.6,0,0
5,116.4,2.906,182.89,10.69,1799,25987.4,0,0
5,116.0,2.901,182.89,10.69,1799,26004.2,0,0
5,115.53,2.901,182.89,10.69,1799,26021.0,0,0
5,115.02,2.906,182.89,10.69,1799,26037.8,0,0
5,114.47,2.917,182.89,10.69,1799,26054.6,0,0
5,113.9,2.932,182.89,10.69,1799,26071.4,0,0
5,113.33,2.951,182.89,10.69,1799,26088.2,0,0
5,108.81,3.115,191.12,10.858,1824,26105.0,0,0
5,105.73,2.99,189.37,10.326,1799,26121.8,0,0
5,105.27,2.87,180.85,9.82,1774,26138.6,0,0
5,104.86,3.033,172.71,9.339,1749,26155.4,0,0
5,104.52,2.91,180.49,8.882,1727,26172.2,0,0
5,104.26,2.79,188.61,9.316,1702,26189.0,0,0
5,104.07,2.942,180.12,8.859,1677,26205.8,0,0
5,107.86,2.814,188.23,9.294,1702,26222.6,0,0
5,111.73,2.958,179.76,9.749,1727,26239.4,0,0
5,111.82,2.963,179.76,9.749,1727,26256.2,0,0
5,112.0,2.963,179.76,9.749,1727,26273.0,0,0
5,112.28,2.958,179.76,9.749,1727,26289.8,0,0
5,112.63,2.948,179.76,9.749,1727,26306.6,0,0
5,113.06,2.933,179.76,9.749,1727,26323.4,0,0
5,113.54,2.915,179.76,9.749,1727,26340.2,0,0
5,114.08,2.756,171.67,9.271,1702,26357.0,0,0
5,114.64,2.603,179.39,9.725,1677,26373.8,0,0
5,115.22,2.457,171.32,9.249,1702,26390.6,0,0
5,115.79,2.32,163.61,8.796,1727,26407.4,0,0
5,116.35,2.412,156.25,9.021,1716,26424.2,0,0
5,116.88,2.279,149.22,9.463,1741,26441.0,0,0
5,117.36,2.373,142.5,8.999,1766,26457.8,0,0
5,121.87,2.248,136.09,8.558,1741,26474.6,0,0
5,122.22,2.241,136.09,8.558,1741,26491.4,0,0
5,122.49,2.237,136.09,8.558,1741,26508.2,0,0
5,122.67,2.237,136.09,8.558,1741,26525.0,0,0
5,122.75,2.242,136.09,8.558,1741,26541.8,0,0
5,122.72,2.25,136.09,8.558,1741,26558.6,0,0
5,122.6,2.262,136.09,8.558,1741,26575.4,0,0
5,126.49,2.167,142.21,8.139,1716,26592.2,0,0
5,130.27,2.079,148.61,7.74,1741,26609.0,0,0
5,125.77,1.995,155.3,8.12,1766,26625.8,0,0
5,125.29,1.916,162.29,8.106,1741,26642.6,0,0
5,124.76,2.024,154.99,8.504,1716,26659.4,0,0
5,124.17,1.942,161.96,8.087,1691,26676.2,0,0
5,123.57,2.05,164.14,7.691,1666,26693.0,0,0
5,122.95,1.963,171.53,8.068,1691,26709.8,0,0
5,122.33,2.067,163.81,7.672,1666,26726.6,0,0
5,121.74,2.172,171.18,8.048,1684,26743.4,0,0
5,121.19,2.28,163.48,7.654,1659,26760.2,0,0
5,116.78,2.389,156.12,8.029,1684,26777.0,0,0
5,120.28,2.499,163.14,7.635,1709,26793.8,0,0
5,123.83,2.371,170.49,7.261,1684,26810.6,0,0
5,127.46,2.246,162.81,6.906,1701,26827.4,0,0
5,127.29,2.232,162.81,6.906,1701,26844.2,0,0
5,127.24,2.216,162.81,6.906,1701,26861.0,0,0
5,127.3,2.198,162.81,6.906,1701,26877.8,0,0
5,127.46,2.18,162.81,6.906,1701,26894.6,0,0
5,127.74,2.162,162.81,6.906,1701,26911.4,0,0
5,124.2,2.247,170.14,7.244,1676,26928.2,0,0
5,124.64,2.231,170.14,7.244,1676,26944.9,0,0
5,125.15,2.217,170.14,7.244,1676,26961.7,0,0
5,125.72,2.207,170.14,7.244,1676,26978.5,0,0
5,126.33,2.199,170.14,7.244,1676,26995.3,0,0
5,130.96,2.091,162.48,6.889,1701,27012.1,0,0
5,131.62,1.991,169.8,6.551,1676,27028.9,0,0
5,132.26,1.899,177.44,6.23,1666,27045.7,0,0
5,132.88,1.815,169.45,6.536,1691,27062.5,0,0
5,133.45,1.912,177.08,6.215,1715,27079.3,0,0
5,133.96,2.017,185.05,5.911,1690,27096.1,0,0
5,134.38,2.13,193.37,6.201,1715,27112.9,0,0
5,134.72,2.045,202.07,6.504,1740,27129.7,0,0
5,134.96,2.161,211.17,6.823,1765,27146.5,0,0
5,139.2,2.074,201.67,6.489,1740,27163.3,0,0
5,135.11,1.99,203.86,6.807,1765,27180.1,0,0
5,135.01,2.004,203.86,6.807,1765,27196.9,0,0
5,134.82,2.016,203.86,6.807,1765,27213.7,0,0
5,134.52,2.025,203.86,6.807,1765,27230.5,0,0
5,134.12,2.031,203.86,6.807,1765,27247.3,0,0
5,133.64,2.033,203.86,6.807,1765,27264.1,0,0
5,133.09,2.033,203.86,6.807,1765,27280.9,0,0
5,132.49,2.029,203.86,6.807,1765,27297.7,0,0
5,131.85,2.021,203.86,6.807,1765,27314.5,0,0
5,132.2,2.108,213.03,6.473,1783,27331.3,0,0
5,135.52,2.059,203.45,6.79,1808,27348.1,0,0
5,130.89,1.946,194.29,6.458,1783,27364.9,0,0
5,126.34,1.838,185.55,6.141,1758,27381.7,0,0
5,121.88,1.91,177.2,5.84,1733,27398.5,0,0
5,121.42,1.894,177.2,5.84,1733,27415.3,0,0
5,121.04,1.879,177.2,5.84,1733,27432.1,0,0
5,120.75,1.866,177.2,5.84,1733,27448.9,0,0
5,120.55,1.855,177.2,5.84,1733,27465.7,0,0
5,120.46,1.846,177.2,5.84,1733,27482.5,0,0
5,120.47,1.84,177.2,5.84,1733,27499.3,0,0
5,120.59,1.837,177.2,5.84,1733,27516.1,0,0
5,124.7,1.927,185.17,6.126,1708,27532.9,0,0
5,121.12,2.024,176.84,5.826,1683,27549.7,0,0
5,125.43,1.934,168.88,6.112,1708,27566.5,0,0
5,123.41,2.038,176.48,6.411,1733,27583.3,0,0
5,120.0,1.953,168.54,6.097,1758,27600.1,0,0
5,116.61,2.029,160.96,5.798,1783,27616.9,0,0
5,117.18,2.045,160.96,5.798,1783,27633.7,0,0
5,117.78,2.063,160.96,5.798,1783,27650.5,0,0
5,118.36,2.08,160.96,5.798,1783,27667.3,0,0
5,118.93,2.096,160.96,5.798,1783,27684.1,0,0
5,119.46,2.11,160.96,5.798,1783,27700.9,0,0
5,124.02,2.02,153.71,6.082,1758,27717.7,0,0
5,124.44,1.932,160.63,6.38,1783,27734.5,0,0
5,124.79,1.844,167.86,6.693,1758,27751.3,0,0
5,125.05,1.935,175.41,6.378,1783,27768.1,0,0
5,125.21,2.027,175.97,6.691,1808,27784.9,0,0
5,125.27,2.12,183.89,7.019,1833,27801.7,0,0
5,125.22,2.213,178.55,6.675,1849,27818.5,0,0
5,125.08,2.096,186.59,7.002,1824,27835.3,0,0
5,124.84,1.983,194.98,6.659,1849,27852.1,0,0
5,124.51,2.063,186.21,6.332,1874,27868.9,0,0
5,124.09,2.144,177.83,6.113,1899,27885.7,0,0
5,123.61,2.024,185.83,6.413,1874,27902.5,0,0
5,123.07,2.104,194.19,6.547,1899,27919.3,0,0
5,122.49,2.172,202.93,6.226,1874,27936.1,0,0
5,121.89,2.053,212.06,6.531,1849,27952.9,0,0
5,125.26,2.138,202.52,6.211,1824,27969.7,0,0
5,120.67,2.026,211.63,6.515,1799,27986.5,0,0
5,124.04,2.017,215.06,6.834,1824,28003.3,0,0
5,123.49,2.015,215.06,6.834,1824,28020.1,0,0
5,123.0,2.016,215.06,6.834,1824,28036.9,0,0
5,122.59,2.021,215.06,6.834,1824,28053.7,0,0
5,122.26,2.029,215.06,6.834,1824,28070.5,0,0
5,122.02,2.04,215.06,6.834,1824,28087.3,0,0
5,121.88,2.054,215.06,6.834,1824,28104.1,0,0
5,121.85,2.07,215.06,6.834,1824,28120.9,0,0
5,121.93,2.087,215.06,6.834,1824,28137.7,0,0
5,118.22,2.206,205.39,6.5,1847,28154.4,0,0
5,118.49,2.224,205.39,6.5,1847,28171.2,0,0
5,118.85,2.241,205.39,6.5,1847,28188.0,0,0
5,107.35,1.579,205.39,6.5,1847,28204.8,1,0
5,119.78,2.269,205.39,6.5,1847,28221.6,0,0
5,120.34,2.279,205.39,6.5,1847,28238.4,0,0
5,120.93,2.285,205.39,6.5,1847,28255.2,0,0
5,121.53,2.287,205.39,6.5,1847,28272.0,0,0
5,122.15,2.286,205.39,6.5,1847,28288.8,0,0
5,122.74,2.281,205.39,6.5,1847,28305.6,0,0
5,127.36,2.381,196.14,6.181,1822,28322.4,0,0
5,123.82,2.482,204.97,5.878,1844,28339.2,0,0
5,128.37,2.585,214.19,6.166,1869,28356.0,0,0
5,128.76,2.689,204.55,5.864,1844,28372.8,0,0
5,129.06,2.795,195.35,6.151,1823,28389.6,0,0
5,129.27,2.639,186.56,5.85,1848,28406.4,0,0
5,129.37,2.491,178.16,6.137,1823,28423.2,0,0
5,129.37,2.59,186.18,6.437,1798,28440.0,0,0
5,129.27,2.696,184.66,6.122,1823,28456.8,0,0
5,133.17,2.551,176.35,5.822,1798,28473.6,0,0
5,128.75,2.418,184.28,6.107,1773,28490.4,0,0
5,132.44,2.526,192.58,6.406,1748,28507.2,0,0
5,131.96,2.524,192.58,6.406,1748,28524.0,0,0
5,131.4,2.526,192.58,6.406,1748,28540.8,0,0
5,130.8,2.532,192.58,6.406,1748,28557.6,0,0
5,130.16,2.543,192.58,6.406,1748,28574.4,0,0
5,129.51,2.557,192.58,6.406,1748,28591.2,0,0
5,128.86,2.575,192.58,6.406,1748,28608.0,0,0
5,128.24,2.595,192.58,6.406,1748,28624.8,0,0
5,131.59,2.742,183.91,6.72,1773,28641.6,0,0
5,134.96,2.898,175.63,6.391,1774,28658.4,0,0
5,134.47,3.061,167.73,6.078,1749,28675.2,0,0
5,134.07,2.937,175.28,6.376,1724,28692.0,0,0
5,133.77,3.098,167.39,6.063,1699,28708.8,0,0
5,133.57,3.265,174.92,6.36,1724,28725.6,0,0
5,133.49,3.121,182.8,6.049,1749,28742.4,0,0
5,133.53,3.28,174.57,6.345,1766,28759.2,0,0
5,133.68,3.44,182.43,6.034,1741,28776.0,0,0
5,133.94,3.273,174.22,5.739,1716,28792.8,0,0
5,130.4,3.108,166.38,5.729,1691,28809.6,0,0
5,130.85,3.096,166.38,5.729,1691,28826.4,0,0
5,131.37,3.079,166.38,5.729,1691,28843.2,0,0
5,131.96,3.059,166.38,5.729,1691,28860.0,0,0
5,132.59,3.036,166.38,5.729,1691,28876.8,0,0
5,133.26,3.012,166.38,5.729,1691,28893.6,0,0
5,137.94,3.13,173.86,6.01,1716,28910.4,0,0
5,138.62,3.253,166.04,6.304,1691,28927.2,0,0
5,139.28,3.073,158.57,5.995,1716,28944.0,0,0
5,139.89,2.905,165.7,6.289,1741,28960.8,0,0
5,140.43,2.75,158.25,5.981,1766,28977.6,0,0
5,140.9,2.606,151.13,5.688,1741,28994.4,0,0
5,141.27,2.474,144.33,5.409,1716,29011.2,0,0
5,141.54,2.591,150.82,5.674,1741,29028.0,0,0
5,141.7,2.717,157.61,5.396,1716,29044.8,0,0
5,137.63,2.855,150.51,5.132,1741,29061.6,0,0
5,133.44,2.73,143.74,5.383,1766,29078.4,0,0
5,133.27,2.614,150.21,5.647,1741,29095.2,0,0
5,132.99,2.759,151.34,5.924,1766,29112.0,0,0
5,132.62,2.913,158.15,6.214,1791,29128.8,0,0
5,132.16,3.079,165.27,6.518,1766,29145.6,0,0
5,131.63,2.956,172.71,6.199,1791,29162.4,0,0
5,131.05,2.837,180.48,5.895,1766,29179.2,0,0
5,130.42,2.721,172.36,5.606,1791,29196.0,0,0
5,125.77,2.871,164.6,5.332,1766,29212.8,0,0
5,125.14,2.748,163.49,5.593,1741,29229.6,0,0
5,124.52,2.891,168.82,5.867,1766,29246.4,0,0
5,123.93,3.037,161.22,5.873,1741,29263.2,0,0
5,123.39,2.894,153.97,6.161,1766,29280.0,0,0
5,122.92,3.03,147.04,6.462,1787,29296.8,0,0
5,122.52,2.877,153.66,6.779,1812,29313.6,0,0
5,122.2,2.728,148.46,7.111,1787,29330.4,0,0
5,121.98,2.844,155.14,7.46,1762,29347.1,0,0
5,121.87,2.96,149.82,7.711,1737,29363.9,0,0
5,121.86,2.797,156.56,7.333,1712,29380.7,0,0
5,121.96,2.641,149.52,7.352,1737,29397.5,0,0
5,122.15,2.745,142.79,7.712,1712,29414.3,0,0
5,122.45,2.591,149.21,8.09,1737,29431.1,0,0
5,122.84,2.63,155.93,7.694,1762,29447.9,0,0
5,123.3,2.486,162.95,8.071,1787,29464.7,0,0
5,119.89,2.591,170.28,7.675,1812,29481.5,0,0
5,120.45,2.456,177.94,8.051,1787,29498.3,0,0
5,121.04,2.567,185.95,8.446,1762,29515.1,0,0
5,121.65,2.688,177.58,8.032,1787,29531.9,0,0
5,122.26,2.82,182.72,8.426,1762,29548.7,0,0
5,122.85,2.893,174.5,8.013,1737,29565.5,0,0
5,123.41,3.045,182.35,8.406,1712,29582.3,0,0
5,123.92,2.916,190.55,8.817,1687,29599.1,0,0
5,124.36,3.077,199.13,8.385,1712,29615.9,0,0
5,124.72,3.25,190.17,8.796,1737,29632.7,0,0
5,125.0,3.12,198.73,9.227,1762,29649.5,0,0
5,125.18,3.298,207.67,9.679,1737,29666.3,0,0
5,125.26,3.165,198.32,9.205,1762,29683.1,0,0
5,121.12,3.035,189.4,8.754,1787,29699.9,0,0
5,121.0,2.909,180.88,8.325,1762,29716.7,0,0
5,120.79,2.784,172.74,8.733,1787,29733.5,0,0
5,120.49,2.661,164.96,9.161,1812,29750.3,0,0
5,120.1,2.539,157.54,8.712,1787,29767.1,0,0
5,119.65,2.419,150.45,8.304,1762,29783.9,0,0
5,119.13,2.532,157.22,7.897,1787,29800.7,0,0
5,118.58,2.404,150.91,8.284,1812,29817.5,0,0
5,118.0,2.509,157.7,7.878,1787,29834.3,0,0
5,117.41,2.615,150.6,7.492,1762,29851.1,0,0
5,116.82,2.722,157.38,7.859,1787,29867.9,0,0
5,116.26,2.572,164.46,7.474,1762,29884.7,0,0
5,115.73,2.428,171.86,7.84,1737,29901.5,0,0
5,115.26,2.292,164.13,8.224,1762,29918.3,0,0
5,114.86,2.336,156.74,7.821,1787,29935.1,0,0
5,114.53,2.207,149.69,7.697,1812,29951.9,0,0
5,114.29,2.087,156.43,8.074,1837,29968.7,0,0
5,114.14,1.975,163.47,8.47,1862,29985.5,0,0
5,114.09,2.062,156.11,8.055,1837,30002.3,0,0
5,114.14,2.155,163.14,8.45,1862,30019.1,0,0
5,114.29,2.257,155.79,8.864,1887,30035.9,0,0
5,110.64,2.368,148.78,8.429,1912,30052.7,0,0
5,110.95,2.375,148.78,8.429,1912,30069.5,0,0
5,111.35,2.386,148.78,8.429,1912,30086.3,0,0
5,111.8,2.4,148.78,8.429,1912,30103.1,0,0
5,112.31,2.417,148.78,8.429,1912,30119.9,0,0
5,112.85,2.437,148.78,8.429,1912,30136.7,0,0
5,113.42,2.457,148.78,8.429,1912,30153.5,0,0
5,113.99,2.477,148.78,8.429,1912,30170.3,0,0
5,114.55,2.498,148.78,8.429,1912,30187.1,0,0
5,119.14,2.395,142.09,8.842,1937,30203.9,0,0
5,119.65,2.464,148.48,8.409,1912,30220.7,0,0
5,120.1,2.358,155.16,7.997,1887,30237.5,0,0
5,120.49,2.481,162.15,8.389,1862,30254.3,0,0
5,120.79,2.367,154.85,7.978,1887,30271.1,0,0
5,121.0,2.482,154.57,8.369,1862,30287.9,0,0
5,121.12,2.36,153.91,8.779,1887,30304.7,0,0
5,117.02,2.241,160.84,9.209,1862,30321.5,0,0
5,116.95,2.231,160.84,9.209,1862,30338.3,0,0
5,116.78,2.219,160.84,9.209,1862,30355.1,0,0
5,116.52,2.204,160.84,9.209,1862,30371.9,0,0
5,116.17,2.187,160.84,9.209,1862,30388.7,0,0
5,115.76,2.169,160.84,9.209,1862,30405.5,0,0
5,115.29,2.151,160.84,9.209,1862,30422.3,0,0
5,114.77,2.133,160.84,9.209,1862,30439.1,0,0
5,114.22,2.117,160.84,9.209,1862,30455.9,0,0
5,109.64,2.204,153.6,9.66,1887,30472.7,0,0
5,109.09,2.297,160.51,10.134,1912,30489.5,0,0
5,108.56,2.397,167.73,10.63,1887,30506.3,0,0
5,108.05,2.506,175.28,11.151,1862,30523.1,0,0
5,107.59,2.385,183.17,11.698,1837,30539.8,0,0
5,107.19,2.503,174.93,11.124,1812,30556.6,0,0
5,106.85,2.631,182.8,11.669,1787,30573.4,0,0
5,106.59,2.516,174.57,12.241,1762,30590.2,0,0
5,102.54,2.653,182.43,12.841,1787,30607.0,0,0
5,102.46,2.544,190.64,13.47,1762,30623.8,0,0
5,102.47,2.441,199.22,12.81,1787,30640.6,0,0
5,102.56,2.58,208.18,13.091,1812,30657.4,0,0
5,102.75,2.476,198.81,12.45,1787,30674.2,0,0
5,103.01,2.377,189.87,11.839,1812,30691.0,0,0
5,103.35,2.279,198.41,11.259,1787,30707.8,0,0
5,103.75,2.184,207.34,11.811,1762,30724.6,0,0
5,104.21,2.3,198.01,11.232,1787,30741.4,0,0
5,104.7,2.42,206.92,11.783,1812,30758.2,0,0
5,105.22,2.541,197.61,11.205,1837,30775.0,0,0
5,105.75,2.42,192.03,10.656,1812,30791.8,0,0
5,106.28,2.533,183.39,10.134,1837,30808.6,0,0
5,106.79,2.647,175.13,9.638,1862,30825.4,0,0
5,107.26,2.649,183.01,10.11,1837,30842.2,0,0
5,107.69,2.634,183.01,10.11,1837,30859.0,0,0
5,108.07,2.616,183.01,10.11,1837,30875.8,0,0
5,108.37,2.595,183.01,10.11,1837,30892.6,0,0
5,108.59,2.574,183.01,10.11,1837,30909.4,0,0
5,108.73,2.553,183.01,10.11,1837,30926.2,0,0
5,108.79,2.532,183.01,10.11,1837,30943.0,0,0
5,108.75,2.513,183.01,10.11,1837,30959.8,0,0
5,108.63,2.496,183.01,10.11,1837,30976.6,0,0
5,108.42,2.483,183.01,10.11,1837,30993.4,0,0
5,108.13,2.473,183.01,10.11,1837,31010.2,0,0
5,107.77,2.586,191.25,9.614,1812,31027.0,0,0
5,107.35,2.461,182.64,10.086,1787,31043.8,0,0
5,106.89,2.346,190.86,9.591,1762,31060.6,0,0
5,106.38,2.241,199.45,10.061,1737,31077.4,0,0
5,105.86,2.36,208.43,10.554,1712,31094.2,0,0
5,105.33,2.488,217.81,10.037,1737,31111.0,0,0
5,104.8,2.627,208.01,10.529,1762,31127.8,0,0
5,104.3,2.775,198.65,11.045,1787,31144.6,0,0
5,107.77,2.664,189.71,10.504,1762,31161.4,0,0
5,107.34,2.815,181.17,9.989,1737,31178.2,0,0
5,106.98,2.701,173.02,10.071,1712,31195.0,0,0
5,106.69,2.59,180.8,10.565,1737,31211.8,0,0
5,106.48,2.732,188.94,11.082,1712,31228.6,0,0
5,106.36,2.614,197.44,10.539,1737,31245.4,0,0
5,102.95,2.497,206.33,11.056,1718,31262.2,0,0
5,99.13,2.382,206.54,10.514,1743,31279.0,0,0
5,99.28,2.383,206.54,10.514,1743,31295.8,0,0
5,99.5,2.379,206.54,10.514,1743,31312.6,0,0
5,99.8,2.372,206.54,10.514,1743,31329.4,0,0
5,100.17,2.361,206.54,10.514,1743,31346.2,0,0
5,100.59,2.348,206.54,10.514,1743,31363.0,0,0
5,97.09,2.443,215.83,9.999,1723,31379.8,0,0
5,101.54,2.308,206.12,9.509,1698,31396.6,0,0
5,102.06,2.207,196.84,9.975,1723,31413.4,0,0
5,102.57,2.293,187.98,9.486,1748,31430.2,0,0
5,103.07,2.182,180.07,9.021,1723,31447.0,0,0
5,103.54,2.13,188.17,9.463,1748,31463.8,0,0
5,103.98,2.218,179.7,9.927,1723,31480.6,0,0
5,104.36,2.1,171.62,9.44,1748,31497.4,0,0
5,104.68,2.193,163.89,8.978,1723,31514.2,0,0
5,104.93,2.174,171.27,8.538,1698,31531.0,0,0
5,105.1,2.069,163.56,8.91,1723,31547.8,0,0
5,105.19,2.172,170.92,9.346,1710,31564.6,0,0
5,105.19,2.284,163.23,8.888,1732,31581.4,0,0
5,105.1,2.405,170.58,8.453,1757,31598.2,0,0
5,104.15,2.537,178.25,8.039,1782,31615.0,0,0
5,103.91,2.433,170.23,7.645,1757,31631.8,0,0
5,103.59,2.57,177.89,8.019,1782,31648.6,0,0
5,103.21,2.467,177.1,8.412,1807,31665.4,0,0
5,102.78,2.607,169.13,8.0,1782,31682.2,0,0
5,102.31,2.754,176.74,8.392,1757,31699.0,0,0
5,101.81,2.907,168.79,7.981,1732,31715.8,0,0
5,91.17,2.01,167.81,8.372,1709,31732.6,1,0
5,100.79,2.886,167.81,8.372,1709,31749.3,0,0
5,100.3,2.896,167.81,8.372,1709,31766.1,0,0
5,99.84,2.901,167.81,8.372,1709,31782.9,0,0
5,99.42,2.902,167.81,8.372,1709,31799.7,0,0
5,99.06,2.897,167.81,8.372,1709,31816.5,0,0
5,98.76,2.888,167.81,8.372,1709,31833.3,0,0
5,102.43,2.975,160.26,7.962,1684,31850.1,0,0
5,102.28,2.815,167.47,8.352,1709,31866.9,0,0
5,102.22,2.93,175.01,7.942,1734,31883.7,0,0
5,102.24,2.767,177.82,7.845,1709,31900.5,0,0
5,102.36,2.613,185.82,8.229,1734,31917.3,0,0
5,102.56,2.467,177.46,7.826,1759,31934.1,0,0
5,102.83,2.329,185.45,8.209,1734,31950.9,0,0
5,103.18,2.423,193.79,8.612,1709,31967.7,0,0
5,103.6,2.292,185.07,9.033,1684,31984.5,0,0
5,104.06,2.17,176.74,8.591,1659,32001.3,0,0
5,108.53,2.059,184.7,9.012,1634,32018.1,0,0
5,113.06,1.956,193.01,8.57,1659,32034.9,0,0
5,117.64,1.862,198.46,8.99,1684,32051.7,0,0
5,114.19,1.955,189.53,8.55,1659,32068.5,0,0
5,118.78,2.056,194.13,8.969,1634,32085.3,0,0
5,119.3,2.165,195.68,9.408,1609,32102.1,0,0
5,119.77,2.284,204.49,9.869,1634,32118.9,0,0
5,120.16,2.19,213.69,9.385,1659,32135.7,0,0
5,120.48,2.102,204.07,8.926,1634,32152.5,0,0
5,120.72,2.221,194.89,8.488,1659,32169.3,0,0
5,116.74,2.347,189.1,8.072,1634,32186.1,0,0
5,116.78,2.252,197.61,8.468,1659,32202.9,0,0
5,116.72,2.377,188.71,8.883,1684,32219.7,0,0
5,116.57,2.507,183.09,8.448,1659,32236.5,0,0
5,116.33,2.64,174.85,8.034,1684,32253.3,0,0
5,116.0,2.649,174.85,8.034,1684,32270.1,0,0
5,115.6,2.653,174.85,8.034,1684,32286.9,0,0
5,115.14,2.653,174.85,8.034,1684,32303.7,0,0
5,114.63,2.649,174.85,8.034,1684,32320.5,0,0
5,114.09,2.64,174.85,8.034,1684,32337.3,0,0
5,113.52,2.628,174.85,8.034,1684,32354.1,0,0
5,112.95,2.612,174.85,8.034,1684,32370.9,0,0
5,112.39,2.593,174.85,8.034,1684,32387.7,0,0
5,107.92,2.449,182.72,8.427,1659,32404.5,0,0
5,107.44,2.313,190.95,8.014,1684,32421.3,0,0
5,107.03,2.403,199.54,8.407,1709,32438.1,0,0
5,106.68,2.27,190.56,8.819,1734,32454.9,0,0
5,106.4,2.145,199.13,9.251,1709,32471.7,0,0
5,106.21,2.233,190.17,8.798,1734,32488.5,0,0
5,106.11,2.329,198.73,8.367,1759,32505.3,0,0
5,106.1,2.316,189.79,7.957,1734,32522.1,0,0
5,106.18,2.201,198.33,8.347,1709,32538.9,0,0
5,106.35,2.306,207.25,8.756,1718,32555.7,0,0
5,106.61,2.422,197.93,8.327,1743,32572.5,0,0
5,106.95,2.314,189.02,8.735,1719,32589.3,0,0
5,107.35,2.366,197.53,8.307,1694,32606.1,0,0
5,107.81,2.267,206.41,8.268,1719,32622.9,0,0
5,108.31,2.174,215.7,8.673,1694,32639.7,0,0
5,108.85,2.297,225.41,9.098,1669,32656.5,0,0
5,109.4,2.205,215.27,9.544,1644,32673.3,0,0
5,109.95,2.33,224.95,9.076,1619,32690.1,0,0
5,110.48,2.42,219.37,9.521,1594,32706.9,0,0
5,110.98,2.554,222.28,9.865,1619,32723.7,0,0
5,111.44,2.446,232.29,9.382,1594,32740.5,0,0
5,111.83,2.576,223.73,9.841,1619,32757.3,0,0
5,112.16,2.612,225.6,10.324,1644,32774.1,0,0
5,112.41,2.742,215.45,9.818,1619,32790.9,0,0
5,112.58,2.61,205.75,9.337,1644,32807.7,0,0
5,112.65,2.48,201.67,8.879,1669,32824.5,0,0
5,112.63,2.591,210.74,9.314,1694,32841.3,0,0
5,112.52,2.475,201.26,8.858,1716,32858.1,0,0
5,116.43,2.342,192.2,8.424,1741,32874.9,0,0
5,116.14,2.437,183.55,8.837,1716,32891.7,0,0
5,115.77,2.301,191.81,8.404,1691,32908.5,0,0
5,115.34,2.392,200.45,7.992,1696,32925.3,0,0
5,114.84,2.486,191.43,8.384,1721,32942.0,0,0
5,110.28,2.581,200.04,8.794,1696,32958.8,0,0
5,105.72,2.439,194.17,9.225,1721,32975.6,0,0
5,105.19,2.424,194.17,9.225,1721,32992.4,0,0
5,104.67,2.412,194.17,9.225,1721,33009.2,0,0
5,104.16,2.404,194.17,9.225,1721,33026.0,0,0
5,103.69,2.4,194.17,9.225,1721,33042.8,0,0
5,103.27,2.4,194.17,9.225,1721,33059.6,0,0
5,99.0,2.29,202.91,8.773,1696,33076.4,0,0
5,102.61,2.188,212.04,9.203,1721,33093.2,0,0
5,106.28,2.305,202.5,8.752,1746,33110.0,0,0
5,102.26,2.432,193.39,8.323,1771,33126.8,0,0
5,98.33,2.332,184.68,8.731,1746,33143.6,0,0
5,102.26,2.238,176.37,8.303,1771,33160.4,0,0
5,102.39,2.149,168.44,8.71,1796,33177.2,0,0
5,102.6,2.271,162.38,8.283,1821,33194.0,0,0
5,102.9,2.398,169.69,8.689,1796,33210.8,0,0
5,103.26,2.531,177.33,9.115,1821,33227.6,0,0
5,99.75,2.668,169.35,8.668,1796,33244.4,0,0
5,100.2,2.809,161.73,8.244,1821,33261.2,0,0
5,100.69,2.745,169.01,8.648,1796,33278.0,0,0
5,101.19,2.881,176.61,9.071,1821,33294.8,0,0
5,101.7,2.984,184.56,8.627,1846,33311.6,0,0
5,102.2,2.836,192.86,8.204,1871,33328.4,0,0
5,102.68,2.69,184.18,8.606,1896,33345.2,0,0
5,103.12,2.548,192.47,8.184,1871,33362.0,0,0
5,103.51,2.411,195.47,8.585,1896,33378.8,0,0
5,103.84,2.508,186.67,8.717,1921,33395.6,0,0
5,104.11,2.403,178.27,8.289,1896,33412.4,0,0
5,104.29,2.269,181.41,7.883,1921,33429.2,0,0
5,104.39,2.358,173.24,8.27,1946,33446.0,0,0
5,104.41,2.227,165.45,8.675,1971,33462.8,0,0
5,104.34,2.317,172.89,9.1,1996,33479.6,0,0
5,104.19,2.192,165.11,9.546,2021,33496.4,0,0
5,103.96,2.286,172.54,10.013,2046,33513.2,0,0
5,103.66,2.388,180.31,10.504,2021,33530.0,0,0
5,103.29,2.326,188.42,11.019,1996,33546.8,0,0
5,102.87,2.215,179.94,11.559,2021,33563.6,0,0
5,102.41,2.326,179.14,10.992,1996,33580.4,0,0
5,101.91,2.447,171.08,10.454,1971,33597.2,0,0
5,101.41,2.579,178.78,10.966,1996,33614.0,0,0
5,100.9,2.631,170.74,10.429,1971,33630.8,0,0
5,104.36,2.524,178.42,9.918,1996,33647.6,0,0
5,103.88,2.544,178.42,9.918,1996,33664.4,0,0
5,103.43,2.566,178.42,9.918,1996,33681.2,0,0
5,103.04,2.587,178.42,9.918,1996,33698.0,0,0
5,102.72,2.607,178.42,9.918,1996,33714.8,0,0
5,102.47,2.625,178.42,9.918,1996,33731.6,0,0
5,102.3,2.64,178.42,9.918,1996,33748.4,0,0
5,100.98,2.78,186.45,10.404,2021,33765.2,0,0
5,104.86,2.654,194.84,10.913,2046,33782.0,0,0
5,104.96,2.785,203.61,10.6,2021,33798.8,0,0
5,105.15,2.824,194.88,10.081,2046,33815.6,0,0
5,105.42,2.683,186.11,9.587,2071,33832.4,0,0
5,105.76,2.801,183.96,9.117,2046,33849.2,0,0
5,110.1,2.921,176.81,9.564,2021,33866.0,0,0
5,110.59,2.763,168.86,9.095,1996,33882.8,0,0
5,111.11,2.875,176.46,9.541,2021,33899.6,0,0
5,111.66,2.989,168.52,9.073,1996,33916.4,0,0
5,112.22,2.822,176.1,9.518,1971,33933.2,0,0
5,112.78,2.664,168.17,9.052,1996,33950.0,0,0
5,113.33,2.77,175.74,9.495,2021,33966.8,0,0
5,109.77,2.882,183.65,9.96,2046,33983.6,0,0
5,109.51,2.727,175.91,10.448,2021,34000.4,0,0
5,113.98,2.844,168.0,9.937,2046,34017.2,0,0
5,118.4,2.971,160.44,9.45,2021,34034.0,0,0
5,118.65,2.967,160.44,9.45,2021,34050.8,0,0
5,139.74,3.708,140.44,7.45,2021,34067.6,0,1
5,118.86,2.976,160.44,9.45,2021,34084.4,0,0
5,118.83,2.987,160.44,9.45,2021,34101.2,0,0
5,118.69,3.004,160.44,9.45,2021,34118.0,0,0
5,122.57,3.169,153.22,8.987,1996,34134.7,0,0
5,122.25,3.193,153.22,8.987,1996,34151.5,0,0
5,121.85,3.22,153.22,8.987,1996,34168.3,0,0
5,121.37,3.247,153.22,8.987,1996,34185.1,0,0
5,120.84,3.274,153.22,8.987,1996,34201.9,0,0
5,124.31,3.457,160.11,8.546,1971,34218.7,0,0
5,123.69,3.648,167.32,8.622,1996,34235.5,0,0
5,123.07,3.493,174.85,9.045,1971,34252.3,0,0
5,122.46,3.676,167.87,8.602,1946,34269.1,0,0
5,121.87,3.864,175.43,9.023,1971,34285.9,0,0
5,121.33,3.683,167.53,8.581,1996,34302.7,0,0
5,116.93,3.702,173.18,9.001,2007,34319.5,0,0
5,116.53,3.516,165.38,8.56,1982,34336.3,0,0
5,116.21,3.671,172.83,8.98,2007,34353.1,0,0
5,115.99,3.477,180.6,8.54,1982,34369.9,0,0
5,115.85,3.621,188.73,8.374,1957,34386.7,0,0
5,115.82,3.422,197.22,8.785,1932,34403.5,0,0
5,115.89,3.395,206.1,9.215,1907,34420.3,0,0
5,116.06,3.205,197.45,9.557,1932,34437.1,0,0
5,116.32,3.026,188.57,10.025,1947,34453.9,0,0
5,116.67,2.858,197.05,10.516,1972,34470.7,0,0
5,117.1,2.702,188.19,10.001,1947,34487.5,0,0
5,117.59,2.557,179.72,9.511,1972,34504.3,0,0
5,118.13,2.423,187.81,9.045,1997,34521.1,0,0
5,118.71,2.531,196.26,9.488,1972,34537.9,0,0
5,119.3,2.407,187.42,9.023,1947,34554.7,0,0
5,119.9,2.293,195.86,9.465,1972,34571.5,0,0
5,120.49,2.409,187.05,9.001,1947,34588.3,0,0
5,121.04,2.456,195.46,9.203,1922,34605.1,0,0
5,121.55,2.351,204.26,9.654,1897,34621.9,0,0
5,122.0,2.481,211.59,9.181,1922,34638.7,0,0
5,118.28,2.38,202.07,8.731,1897,34655.5,0,0
5,118.56,2.284,211.16,9.159,1872,34672.3,0,0
5,118.75,2.193,201.66,8.71,1897,34689.1,0,0
5,118.85,2.317,210.73,9.137,1872,34705.9,0,0
5,118.85,2.447,220.21,8.689,1847,34722.7,0,0
5,118.76,2.345,210.3,9.115,1822,34739.5,0,0
5,118.57,2.245,200.84,9.562,1847,34756.3,0,0
5,118.29,2.363,191.8,10.03,1822,34773.1,0,0
5,117.93,2.256,200.43,10.522,1847,34789.9,0,0
5,117.5,2.15,191.41,10.006,1822,34806.7,0,0
5,117.01,2.097,200.03,9.516,1797,34823.5,0,0
5,116.47,2.193,191.03,9.05,1822,34840.3,0,0
5,115.91,2.079,182.43,8.606,1797,34857.1,0,0
5,115.33,2.168,190.64,8.184,1810,34873.9,0,0
5,114.75,2.257,199.22,7.783,1785,34890.7,0,0
5,114.19,2.348,208.18,8.165,1810,34907.5,0,0
5,113.66,2.441,217.55,8.565,1785,34924.3,0,0
5,113.19,2.536,207.76,8.145,1760,34941.1,0,0
5,112.77,2.395,198.41,7.746,1785,34957.9,0,0
5,112.44,2.49,189.48,7.367,1810,34974.7,0,0
5,112.18,2.354,198.01,7.727,1835,34991.5,0,0
5,115.9,2.228,189.1,8.106,1860,35008.3,0,0
5,119.7,2.111,180.59,7.709,1885,35025.1,0,0
5,119.73,2.206,172.46,7.331,1860,35041.9,0,0
5,119.87,2.31,180.23,6.972,1835,35058.7,0,0
5,120.1,2.201,188.34,7.314,1860,35075.5,0,0
5,120.42,2.312,196.81,7.672,1835,35092.3,0,0
5,120.83,2.433,205.67,8.048,1810,35109.1,0,0
5,121.31,2.565,196.41,7.654,1835,35125.9,0,0
5,121.85,2.706,187.57,8.029,1860,35142.7,0,0
5,118.47,2.858,196.01,8.422,1885,35159.5,0,0
5,115.07,3.02,204.83,8.835,1910,35176.3,0,0
5,115.65,2.899,214.05,8.402,1935,35193.1,0,0
5,116.23,2.968,223.68,8.813,1938,35209.9,0,0
5,116.78,2.847,213.62,8.983,1913,35226.7,0,0
5,117.29,2.821,204.01,9.423,1888,35243.5,0,0
5,108.51,1.891,213.19,9.884,1863,35260.3,1,0
5,120.97,2.712,213.19,9.884,1863,35277.1,0,0
5,121.3,2.719,213.19,9.884,1863,35293.9,0,0
5,121.53,2.722,213.19,9.884,1863,35310.7,0,0
5,121.67,2.72,213.19,9.884,1863,35327.4,0,0
5,121.71,2.713,213.19,9.884,1863,35344.2,0,0
5,121.66,2.702,213.19,9.884,1863,35361.0,0,0
5,117.39,2.559,222.78,10.369,1838,35377.8,0,0
5,113.04,2.664,232.8,9.861,1863,35394.6,0,0
5,116.82,2.771,240.7,9.755,1888,35411.4,0,0
5,120.5,2.617,229.86,9.277,1911,35428.2,0,0
5,124.08,2.719,219.52,8.823,1933,35445.0,0,0
5,123.53,2.697,219.52,8.823,1933,35461.8,0,0
5,122.95,2.676,219.52,8.823,1933,35478.6,0,0
5,122.34,2.657,219.52,8.823,1933,35495.4,0,0
5,121.72,2.642,219.52,8.823,1933,35512.2,0,0
5,121.12,2.63,219.52,8.823,1933,35529.0,0,0
5,120.55,2.623,219.52,8.823,1933,35545.8,0,0
5,116.09,2.747,209.64,8.39,1908,35562.6,0,0
5,115.64,2.881,200.21,8.802,1883,35579.4,0,0
5,115.26,2.75,191.2,8.37,1858,35596.2,0,0
5,114.96,2.895,199.8,7.96,1841,35613.0,0,0
5,114.75,2.772,190.81,7.57,1866,35629.8,0,0
5,114.64,2.925,199.4,7.941,1891,35646.6,0,0
5,114.63,3.089,190.43,7.552,1866,35663.4,0,0
5,114.72,3.184,181.86,7.182,1891,35680.2,0,0
5,114.9,3.365,173.67,7.534,1916,35697.0,0,0
5,111.28,3.23,181.49,7.165,1891,35713.8,0,0
5,111.63,3.254,181.49,7.165,1891,35730.6,0,0
5,112.05,3.276,181.49,7.165,1891,35747.4,0,0
5,112.53,3.294,181.49,7.165,1891,35764.2,0,0
5,113.05,3.307,181.49,7.165,1891,35781.0,0,0
5,113.61,3.315,181.49,7.165,1891,35797.8,0,0
5,114.18,3.318,181.49,7.165,1891,35814.6,0,0
5,114.76,3.315,181.49,7.165,1891,35831.4,0,0
5,115.31,3.465,189.66,6.814,1866,35848.2,0,0
5,115.84,3.617,181.58,7.147,1841,35865.0,0,0
5,116.31,3.424,173.41,7.498,1816,35881.8,0,0
5,116.73,3.238,181.21,7.865,1791,35898.6,0,0
5,117.07,3.06,173.06,8.25,1816,35915.4,0,0
5,117.34,2.889,180.85,7.846,1834,35932.2,0,0
5,121.63,3.002,172.71,7.462,1809,35949.0,0,0
5,121.71,2.835,180.48,7.827,1784,35965.8,0,0
5,121.69,2.948,172.36,7.444,1809,35982.6,0,0
5,121.57,2.787,164.6,7.079,1834,35999.4,0,0
5,121.36,2.808,157.19,7.426,1809,36016.2,0,0
5,121.06,2.93,156.38,7.062,1834,36033.0,0,0
5,120.68,2.922,156.38,7.062,1834,36049.8,0,0
5,120.22,2.92,156.38,7.062,1834,36066.6,0,0
5,119.71,2.923,156.38,7.062,1834,36083.4,0,0
5,119.15,2.931,156.38,7.062,1834,36100.2,0,0
5,150.0,3.77,143.41,5.408,1859,36117.0,0,1
5,117.98,2.684,163.5,7.771,1884,36133.8,0,0
5,117.39,2.573,170.86,7.39,1859,36150.6,0,0
5,116.82,2.469,178.55,7.752,1834,36167.4,0,0
5,116.29,2.609,170.51,7.636,1859,36184.2,0,0
5,115.81,2.757,178.18,7.262,1834,36201.0,0,0
5,115.4,2.913,186.2,7.03,1809,36217.8,0,0
5,115.07,2.794,177.82,6.685,1784,36234.6,0,0
5,114.83,2.677,169.82,6.358,1759,36251.4,0,0
5,113.74,2.563,177.46,6.256,1734,36268.2,0,0
5,109.81,2.696,185.45,6.563,1709,36285.0,0,0
5,109.86,2.832,193.79,6.885,1734,36301.8,0,0
5,110.0,2.875,202.52,7.222,1759,36318.6,0,0
5,110.23,2.734,193.4,7.576,1734,36335.4,0,0
5,110.54,2.596,202.11,7.947,1709,36352.2,0,0
5,110.93,2.709,193.01,8.336,1701,36369.0,0,0
5,111.38,2.565,201.7,8.745,1676,36385.8,0,0
5,111.89,2.425,192.62,8.316,1651,36402.6,0,0
5,116.4,2.522,193.4,8.724,1626,36419.4,0,0
5,112.99,2.622,202.11,8.296,1651,36436.2,0,0
5,113.56,2.499,209.22,8.703,1626,36453.0,0,0
5,114.12,2.597,218.64,8.277,1651,36469.8,0,0
5,114.66,2.701,225.95,8.682,1676,36486.6,0,0
5,115.15,2.681,236.12,9.107,1664,36503.4,0,0
5,115.59,2.666,236.12,9.107,1664,36520.2,0,0
5,115.96,2.655,236.12,9.107,1664,36536.9,0,0
5,116.26,2.648,236.12,9.107,1664,36553.7,0,0
5,116.46,2.646,236.12,9.107,1664,36570.5,0,0
5,116.58,2.65,236.12,9.107,1664,36587.3,0,0
5,116.6,2.657,236.12,9.107,1664,36604.1,0,0
5,116.53,2.67,236.12,9.107,1664,36620.9,0,0
5,116.36,2.557,230.37,9.554,1689,36637.7,0,0
5,116.1,2.451,240.74,9.086,1714,36654.5,0,0
5,115.77,2.352,229.9,9.531,1689,36671.3,0,0
5,115.36,2.486,240.25,9.998,1664,36688.1,0,0
5,114.89,2.506,240.25,9.998,1664,36704.9,0,0
5,114.37,2.527,240.25,9.998,1664,36721.7,0,0
5,113.82,2.545,240.25,9.998,1664,36738.5,0,0
5,113.25,2.562,240.25,9.998,1664,36755.3,0,0
5,112.68,2.575,240.25,9.998,1664,36772.1,0,0
5,112.13,2.709,229.44,9.508,1639,36788.9,0,0
5,111.61,2.846,219.11,9.042,1664,36805.7,0,0
5,111.13,2.71,228.97,9.485,1689,36822.5,0,0
5,110.71,2.577,218.67,9.02,1714,36839.3,0,0
5,110.36,2.693,208.83,8.578,1739,36856.1,0,0
5,110.09,2.811,199.43,8.158,1714,36872.9,0,0
5,106.03,2.929,190.46,8.558,1689,36889.7,0,0
5,105.94,2.909,190.46,8.558,1689,36906.5,0,0
5,105.95,2.887,190.46,8.558,1689,36923.3,0,0
5,106.05,2.863,190.46,8.558,1689,36940.1,0,0
5,106.23,2.839,190.46,8.558,1689,36956.9,0,0
5,106.5,2.681,199.03,8.977,1714,36973.7,0,0
5,106.85,2.788,207.98,8.537,1739,36990.5,0,0
5,107.27,2.636,217.34,8.956,1764,37007.3,0,0
5,107.73,2.496,207.56,8.517,1789,37024.1,0,0
5,108.24,2.367,198.22,8.099,1764,37040.9,0,0
5,108.78,2.475,207.14,8.496,1789,37057.7,0,0
5,109.33,2.592,216.46,8.913,1814,37074.5,0,0
5,105.85,2.72,226.2,9.349,1839,37091.3,0,0
5,106.36,2.598,216.03,8.891,1814,37108.1,0,0
5,106.83,2.735,221.53,8.456,1839,37124.9,0,0
5,107.26,2.719,211.56,8.041,1814,37141.7,0,0
5,107.64,2.607,221.08,8.435,1839,37158.5,0,0
5,107.94,2.754,231.03,8.022,1864,37175.3,0,0
5,108.17,2.91,220.63,8.415,1839,37192.1,0,0
5,108.31,3.075,210.7,8.003,1814,37208.9,0,0
5,108.36,3.176,201.22,7.61,1829,37225.7,0,0
5,108.33,3.046,192.17,7.983,1804,37242.5,0,0
5,108.21,2.918,200.81,8.375,1829,37259.3,0,0
5,108.01,2.792,191.78,7.964,1804,37276.1,0,0
5,107.72,2.937,183.15,7.574,1779,37292.9,0,0
5,107.37,3.085,174.91,7.203,1757,37309.7,0,0
5,106.95,3.234,182.78,6.85,1782,37326.5,0,0
5,110.53,3.075,191.0,6.514,1757,37343.3,0,0
5,110.02,3.137,199.6,6.833,1782,37360.1,0,0
5,109.47,2.973,190.62,7.168,1807,37376.9,0,0
5,108.92,2.814,182.04,6.817,1782,37393.7,0,0
5,108.38,2.661,173.85,6.483,1807,37410.5,0,0
5,107.86,2.513,181.67,6.165,1832,37427.3,0,0
5,107.38,2.409,173.49,6.467,1807,37444.1,0,0
5,104.82,2.504,181.3,6.151,1832,37460.9,0,0
5,104.47,2.603,189.46,6.452,1857,37477.7,0,0
5,104.18,2.459,180.93,6.768,1832,37494.5,0,0
5,103.97,2.325,177.76,6.436,1807,37511.3,0,0
5,103.86,2.424,185.76,6.752,1782,37528.1,0,0
5,103.83,2.531,177.4,6.421,1757,37544.9,0,0
5,103.89,2.646,169.42,6.106,1732,37561.7,0,0
5,100.15,2.772,161.79,5.807,1707,37578.5,0,0
5,97.16,2.909,169.07,5.523,1732,37595.3,0,0
5,93.54,3.059,168.24,5.252,1707,37612.1,0,0
5,97.8,2.926,175.81,5.509,1732,37628.9,0,0
5,98.21,2.944,175.81,5.509,1732,37645.7,0,0
5,98.66,2.966,175.81,5.509,1732,37662.5,0,0
5,99.14,2.989,175.81,5.509,1732,37679.3,0,0
5,99.64,3.014,175.81,5.509,1732,37696.1,0,0
5,100.14,3.04,175.81,5.509,1732,37712.9,0,0
5,96.6,2.917,183.72,5.239,1707,37729.6,0,0
5,97.04,2.797,191.99,5.496,1732,37746.4,0,0
5,97.45,2.95,183.35,5.227,1757,37763.2,0,0
5,97.81,3.107,190.27,5.483,1782,37780.0,0,0
5,98.12,2.968,181.71,5.752,1807,37796.8,0,0
5,102.46,2.832,189.89,6.033,1788,37813.6,0,0
5,106.74,2.968,181.34,5.738,1813,37830.4,0,0
5,106.83,3.106,189.5,6.019,1838,37847.2,0,0
5,106.84,3.246,180.98,6.314,1863,37864.0,0,0
5,106.75,3.076,172.83,6.623,1888,37880.8,0,0
5,106.58,2.911,180.61,6.948,1878,37897.6,0,0
5,110.43,3.029,172.48,6.607,1853,37914.4,0,0
5,114.19,3.15,164.72,6.284,1828,37931.2,0,0
5,109.7,2.974,172.13,6.591,1825,37948.0,0,0
5,109.24,2.808,179.88,6.914,1800,37964.8,0,0
5,108.74,2.651,187.97,7.253,1825,37981.6,0,0
5,108.21,2.745,196.43,6.898,1850,37998.4,0,0
5,107.67,2.597,205.27,7.236,1825,38015.2,0,0
5,107.13,2.459,196.03,6.881,1850,38032.0,0,0
5,106.61,2.332,204.8,7.218,1825,38048.8,0,0
5,106.12,2.327,204.8,7.218,1825,38065.6,0,0
5,105.67,2.327,204.8,7.218,1825,38082.4,0,0
5,105.29,2.331,204.8,7.218,1825,38099.2,0,0
5,104.97,2.338,204.8,7.218,1825,38116.0,0,0
5,104.73,2.35,204.8,7.218,1825,38132.8,0,0
5,104.57,2.365,204.8,7.218,1825,38149.6,0,0
5,104.51,2.382,204.8,7.218,1825,38166.4,0,0
5,104.53,2.401,204.8,7.218,1825,38183.2,0,0
5,104.64,2.421,204.8,7.218,1825,38200.0,0,0
5,106.03,2.559,214.02,7.572,1850,38216.8,0,0
5,106.32,2.579,214.02,7.572,1850,38233.6,0,0
5,106.68,2.598,214.02,7.572,1850,38250.4,0,0
5,107.1,2.614,214.02,7.572,1850,38267.2,0,0
5,107.58,2.627,214.02,7.572,1850,38284.0,0,0
5,108.09,2.636,214.02,7.572,1850,38300.8,0,0
5,108.63,2.641,214.02,7.572,1850,38317.6,0,0
5,109.18,2.641,214.02,7.572,1850,38334.4,0,0
5,109.72,2.637,214.02,7.572,1850,38351.2,0,0
5,114.29,2.502,217.31,7.201,1825,38368.0,0,0
5,114.79,2.61,207.53,7.554,1850,38384.8,0,0
5,115.24,2.719,198.19,7.184,1825,38401.6,0,0
5,115.63,2.83,189.27,7.536,1850,38418.4,0,0
5,115.94,2.9,197.79,7.905,1875,38435.2,0,0
5,116.16,3.014,188.89,7.518,1850,38452.0,0,0
5,116.3,2.845,197.39,7.886,1875,38468.8,0,0
5,116.34,2.958,188.51,7.5,1850,38485.6,0,0
5,116.29,3.077,180.02,7.132,1825,38502.4,0,0
5,116.14,3.069,171.92,7.482,1800,38519.2,0,0
5,115.9,2.907,167.61,7.811,1775,38536.0,0,0
5,115.58,3.036,160.07,7.428,1800,38552.8,0,0
5,115.19,2.884,167.27,7.792,1775,38569.6,0,0
5,114.73,3.023,159.75,8.052,1800,38586.4,0,0
5,114.22,2.882,166.94,7.658,1825,38603.2,0,0
5,113.68,2.754,174.45,8.033,1800,38620.0,0,0
5,113.12,2.9,166.6,7.639,1825,38636.8,0,0
5,112.55,3.059,174.1,8.013,1850,38653.6,0,0
5,111.99,3.039,181.93,8.406,1825,38670.4,0,0
5,111.46,2.917,190.12,7.994,1850,38687.2,0,0
5,110.97,2.8,181.56,7.603,1842,38704.0,0,0
5,110.54,2.688,173.39,7.23,1817,38720.8,0,0
5,106.28,2.828,181.19,6.876,1792,38737.6,0,0
5,106.0,2.985,189.35,6.539,1767,38754.4,0,0
5,105.81,3.147,180.83,6.859,1792,38771.2,0,0
5,95.13,2.107,172.69,6.523,1767,38788.0,1,0
5,105.69,3.021,172.69,6.523,1767,38804.8,0,0
5,105.77,3.026,172.69,6.523,1767,38821.6,0,0
5,105.94,3.026,172.69,6.523,1767,38838.4,0,0
5,106.19,3.021,172.69,6.523,1767,38855.2,0,0
5,106.52,3.011,172.69,6.523,1767,38872.0,0,0
5,106.92,2.996,172.69,6.523,1767,38888.8,0,0
5,103.44,3.121,180.46,6.203,1742,38905.6,0,0
5,103.92,2.95,188.58,6.507,1762,38922.3,0,0
5,104.43,2.787,180.09,6.826,1787,38939.1,0,0
5,104.96,2.896,181.59,6.672,1762,38955.9,0,0
5,105.49,2.734,173.42,6.999,1787,38972.7,0,0
5,101.96,2.582,181.22,7.342,1812,38989.5,0,0
5,102.42,2.563,181.22,7.342,1812,39006.3,0,0
5,102.84,2.547,181.22,7.342,1812,39023.1,0,0
5,103.21,2.534,181.22,7.342,1812,39039.9,0,0
5,103.52,2.525,181.22,7.342,1812,39056.7,0,0
5,103.75,2.521,181.22,7.342,1812,39073.5,0,0
5,108.02,2.642,189.37,7.702,1837,39090.3,0,0
5,108.1,2.52,180.85,8.079,1812,39107.1,0,0
5,108.08,2.65,178.09,7.683,1787,39123.9,0,0
5,107.98,2.536,186.1,8.06,1762,39140.7,0,0
5,107.79,2.43,194.48,8.455,1787,39157.5,0,0
5,107.52,2.566,203.23,8.04,1812,39174.3,0,0
5,107.18,2.462,194.08,7.646,1787,39191.1,0,0
5,106.78,2.57,202.81,8.021,1812,39207.9,0,0
5,106.33,2.716,211.94,8.414,1837,39224.7,0,0
5,109.87,2.606,202.4,8.002,1862,39241.5,0,0
5,109.33,2.75,211.51,7.61,1881,39258.3,0,0
5,108.78,2.9,221.03,7.983,1906,39275.1,0,0
5,108.24,3.053,230.98,8.374,1881,39291.9,0,0
5,107.72,3.21,241.37,8.784,1906,39308.7,0,0
5,107.23,3.06,230.51,8.354,1931,39325.5,0,0
5,110.71,2.913,229.85,8.763,1956,39342.3,0,0
5,110.32,2.768,219.51,9.192,1969,39359.1,0,0
5,110.0,2.891,210.72,8.742,1994,39375.9,0,0
5,109.76,2.739,201.23,8.901,2019,39392.7,0,0
5,109.62,2.853,210.29,9.101,1994,39409.5,0,0
5,109.56,2.697,201.29,9.547,2019,39426.3,0,0
5,109.61,2.804,207.37,9.079,2044,39443.1,0,0
5,109.75,2.914,216.7,8.635,2019,39459.9,0,0
5,109.97,2.751,226.45,8.211,1994,39476.7,0,0
5,114.19,2.706,216.26,7.809,2019,39493.5,0,0
5,115.28,2.558,206.53,8.192,1994,39510.3,0,0
5,111.81,2.443,215.82,7.79,1969,39527.1,0,0
5,116.27,2.314,206.11,8.172,1944,39543.9,0,0
5,112.86,2.195,212.74,8.573,1919,39560.7,0,0
5,113.43,2.192,212.74,8.573,1919,39577.5,0,0
5,114.0,2.192,212.74,8.573,1919,39594.3,0,0
5,114.56,2.197,212.74,8.573,1919,39611.1,0,0
5,115.1,2.205,212.74,8.573,1919,39627.9,0,0
5,115.59,2.217,212.74,8.573,1919,39644.7,0,0
5,116.03,2.231,212.74,8.573,1919,39661.5,0,0
5,116.41,2.248,212.74,8.573,1919,39678.3,0,0
5,116.7,2.266,212.74,8.573,1919,39695.1,0,0
5,112.8,2.176,222.31,8.993,1944,39711.9,0,0
5,117.03,2.299,232.32,8.552,1969,39728.7,0,0
5,117.06,2.206,221.86,8.133,1944,39745.5,0,0
5,116.98,2.115,213.38,8.531,1919,39762.3,0,0
5,116.82,2.229,203.78,8.949,1894,39779.1,0,0
5,116.56,2.132,212.95,8.511,1869,39795.9,0,0
5,116.22,2.241,203.36,8.928,1894,39812.7,0,0
5,115.81,2.352,212.51,8.491,1919,39829.5,0,0
5,115.34,2.464,222.08,8.074,1894,39846.3,0,0
5,114.82,2.384,232.07,7.679,1869,39863.1,0,0
5,114.27,2.489,221.63,7.303,1894,39879.9,0,0
5,113.7,2.445,211.65,6.945,1919,39896.7,0,0
5,113.13,2.313,221.18,7.285,1894,39913.5,0,0
5,112.58,2.407,211.23,7.642,1869,39930.3,0,0
5,112.05,2.502,220.73,8.016,1865,39947.1,0,0
5,107.64,2.601,230.66,7.624,1840,39963.9,0,0
5,103.32,2.455,238.26,7.25,1815,39980.7,0,0
5,103.0,2.553,247.04,7.605,1840,39997.5,0,0
5,102.74,2.412,235.92,7.978,1815,40014.3,0,0
5,102.57,2.283,246.54,8.369,1840,40031.1,0,0
5,102.49,2.162,235.44,7.959,1865,40047.9,0,0
5,98.61,2.259,246.04,8.349,1840,40064.7,0,0
5,94.82,2.147,234.97,7.94,1863,40081.5,0,0
5,91.1,2.251,224.39,7.551,1888,40098.3,0,0
5,87.43,2.148,234.49,7.921,1913,40115.1,0,0
5,91.62,2.26,245.04,8.309,1938,40131.8,0,0
5,92.63,2.381,256.07,8.306,1913,40148.6,0,0
5,89.09,2.282,244.55,8.713,1888,40165.4,0,0
5,93.48,2.34,233.54,9.14,1913,40182.2,0,0
5,93.94,2.246,223.03,8.692,1888,40199.0,0,0
5,94.42,2.357,233.07,8.266,1913,40215.8,0,0
5,94.89,2.263,243.56,8.671,1938,40232.6,0,0
5,95.34,2.39,232.6,8.94,1913,40249.4,0,0
5,95.77,2.291,222.13,8.502,1888,40266.2,0,0
5,96.15,2.415,212.13,8.085,1880,40283.0,0,0
5,92.4,2.309,202.59,7.689,1905,40299.8,0,0
5,92.66,2.205,193.47,7.793,1880,40316.6,0,0
5,92.85,2.102,202.18,8.175,1905,40333.4,0,0
5,92.98,2.0,211.27,8.575,1930,40350.2,0,0
5,93.03,2.092,201.77,8.155,1905,40367.0,0,0
5,88.88,2.184,210.85,8.555,1930,40383.8,0,0
5,88.78,2.173,210.85,8.555,1930,40400.6,0,0
5,88.61,2.159,210.85,8.555,1930,40417.4,0,0
5,88.38,2.144,210.85,8.555,1930,40434.2,0,0
5,88.09,2.126,210.85,8.555,1930,40451.0,0,0
5,87.75,2.109,210.85,8.555,1930,40467.8,0,0
5,87.37,2.091,210.85,8.555,1930,40484.6,0,0
5,86.96,2.075,210.85,8.555,1930,40501.4,0,0
5,86.53,2.06,210.85,8.555,1930,40518.2,0,0
5,90.09,1.949,201.36,8.135,1905,40535.0,0,0
5,89.64,2.033,192.3,8.534,1930,40551.8,0,0
5,89.21,2.091,183.64,8.952,1955,40568.6,0,0
5,88.81,2.189,175.38,8.514,1930,40585.4,0,0
5,88.46,2.295,183.27,8.096,1905,40602.2,0,0
5,88.15,2.323,191.52,8.493,1930,40619.0,0,0
5,87.91,2.444,182.9,8.077,1905,40635.8,0,0
5,87.74,2.339,191.13,7.681,1917,40652.6,0,0
5,87.64,2.242,182.53,8.058,1942,40669.4,0,0
5,91.49,2.368,190.74,8.452,1967,40686.2,0,0
5,91.54,2.502,182.16,8.867,1942,40703.0,0,0
5,91.67,2.402,173.96,8.432,1917,40719.8,0,0
5,91.88,2.305,179.27,8.845,1942,40736.6,0,0
5,92.15,2.435,171.2,8.412,1917,40753.4,0,0
5,92.48,2.569,163.5,8.519,1942,40770.2,0,0
5,96.81,2.708,170.86,8.936,1967,40787.0,0,0
5,93.3,2.589,170.94,8.498,1942,40803.8,0,0
5,97.73,2.472,163.24,8.082,1917,40820.6,0,0
5,102.22,2.593,170.59,7.959,1942,40837.4,0,0
5,102.73,2.716,178.27,8.349,1917,40854.2,0,0
5,103.23,2.841,186.29,8.758,1942,40871.0,0,0
5,103.71,2.966,177.91,9.187,1967,40887.8,0,0
5,104.15,3.092,185.91,9.637,1992,40904.6,0,0
5,104.53,2.925,194.28,9.165,1967,40921.4,0,0
5,104.86,3.043,203.02,8.716,1992,40938.2,0,0
5,105.11,3.163,193.88,8.289,2017,40955.0,0,0
5,109.4,2.986,185.16,8.695,1992,40971.8,0,0
5,113.61,3.104,193.49,9.121,1967,40988.6,0,0
5,117.74,3.227,184.79,8.674,1992,41005.4,0,0
5,117.65,3.05,193.1,9.099,2017,41022.2,0,0
5,117.46,2.887,201.79,9.545,2042,41039.0,0,0
5,117.19,2.735,210.87,10.012,2067,41055.8,0,0
5,116.83,2.596,201.38,9.522,2042,41072.6,0,0
5,116.41,2.469,192.32,9.055,2017,41089.4,0,0
5,111.87,2.352,183.66,8.612,2042,41106.2,0,0
5,111.36,2.357,183.66,8.612,2042,41123.0,0,0
5,110.82,2.367,183.66,8.612,2042,41139.8,0,0
5,110.26,2.38,183.66,8.612,2042,41156.6,0,0
5,109.71,2.397,183.66,8.612,2042,41173.4,0,0
5,109.17,2.415,183.66,8.612,2042,41190.2,0,0
5,108.67,2.435,183.66,8.612,2042,41207.0,0,0
5,108.21,2.456,183.66,8.612,2042,41223.8,0,0
5,103.91,2.357,191.93,9.034,2067,41240.6,0,0
5,103.59,2.375,191.93,9.034,2067,41257.4,0,0
5,103.35,2.391,191.93,9.034,2067,41274.2,0,0
5,103.2,2.405,191.93,9.034,2067,41291.0,0,0
5,103.13,2.415,191.93,9.034,2067,41307.8,0,0
5,103.15,2.421,191.93,9.034,2067,41324.5,0,0
5,103.26,2.424,191.93,9.034,2067,41341.3,0,0
5,103.46,2.422,191.93,9.034,2067,41358.1,0,0
5,103.74,2.417,191.93,9.034,2067,41374.9,0,0
5,104.09,2.407,191.93,9.034,2067,41391.7,0,0
5,104.5,2.395,191.93,9.034,2067,41408.5,0,0
5,104.97,2.379,191.93,9.034,2067,41425.3,0,0
5,105.47,2.361,191.93,9.034,2067,41442.1,0,0
5,106.0,2.342,191.93,9.034,2067,41458.9,0,0
5,106.53,2.323,191.93,9.034,2067,41475.7,0,0
5,107.06,2.304,191.93,9.034,2067,41492.5,0,0
5,107.57,2.286,191.93,9.034,2067,41509.3,0,0
5,108.04,2.379,183.29,8.591,2042,41526.1,0,0
5,108.47,2.478,175.04,8.17,2067,41542.9,0,0
5,108.83,2.409,167.17,8.57,2092,41559.7,0,0
5,109.12,2.517,159.65,8.947,2117,41576.5,0,0
5,109.34,2.394,152.46,8.508,2092,41593.3,0,0
5,109.47,2.511,159.32,8.925,2067,41610.1,0,0
5,109.51,2.396,166.49,9.363,2042,41626.9,0,0
5,113.58,2.291,173.98,9.821,2017,41643.7,0,0
5,113.43,2.298,171.06,9.41,1992,41660.5,0,0
5,113.2,2.203,178.75,9.871,2017,41677.3,0,0
5,112.89,2.326,170.71,9.674,2005,41694.1,0,0
5,112.51,2.233,178.39,9.2,1980,41710.9,0,0
5,112.06,2.36,186.42,9.651,2005,41727.7,0,0
5,111.57,2.265,194.81,10.123,1980,41744.5,0,0
5,111.04,2.392,203.58,9.627,1955,41761.3,0,0
5,110.49,2.523,212.74,10.099,1975,41778.1,0,0
5,113.92,2.447,203.16,9.604,2000,41794.9,0,0
5,109.39,2.575,212.31,10.075,1975,41811.7,0,0
5,108.87,2.706,211.71,10.461,2000,41828.5,0,0
5,108.39,2.838,221.24,10.926,2025,41845.3,0,0
5,107.97,2.7,219.19,11.461,2000,41862.1,0,0
5,107.61,2.823,209.33,11.102,2025,41878.9,0,0
5,107.33,2.946,199.91,11.646,2000,41895.7,0,0
5,107.13,3.071,208.9,11.075,2025,41912.5,0,0
5,107.03,2.905,199.5,10.533,2000,41929.3,0,0
5,107.01,2.745,190.53,10.118,1975,41946.1,0,0
5,110.98,2.853,199.1,10.614,2000,41962.9,0,0
5,111.15,2.965,190.14,10.094,1975,41979.7,0,0
5,111.42,2.799,198.7,10.589,2000,41996.5,0,0
5,111.76,2.644,207.64,11.108,2001,42013.3,0,0
5,112.18,2.5,198.29,10.563,2026,42030.1,0,0
5,112.66,2.605,207.22,10.046,2001,42046.9,0,0
5,113.19,2.718,216.54,10.538,1976,42063.7,0,0
5,113.74,2.711,216.54,10.538,1976,42080.5,0,0
5,114.32,2.708,216.54,10.538,1976,42097.3,0,0
5,114.89,2.711,216.54,10.538,1976,42114.1,0,0
5,115.45,2.718,216.54,10.538,1976,42130.9,0,0
5,115.97,2.73,216.54,10.538,1976,42147.7,0,0
5,112.38,2.877,226.29,10.022,1996,42164.5,0,0
5,116.87,2.758,216.1,9.53,1971,42181.3,0,0
5,113.12,2.646,225.83,9.063,1996,42198.1,0,0
5,117.48,2.797,215.67,9.508,1971,42214.9,0,0
5,118.97,2.688,225.37,9.973,1946,42231.7,0,0
5,114.94,2.84,215.23,9.485,1971,42248.5,0,0
5,114.92,2.999,206.62,9.95,1946,42265.3,0,0
5,114.81,3.164,197.32,9.462,1921,42282.1,0,0
5,114.62,3.333,188.44,8.998,1896,42298.9,0,0
5,102.9,2.23,196.92,8.557,1871,42315.7,1,0
5,113.97,3.194,196.92,8.557,1871,42332.5,0,0
5,113.54,3.197,196.92,8.557,1871,42349.3,0,0
5,113.06,3.194,196.92,8.557,1871,42366.1,0,0
5,112.54,3.185,196.92,8.557,1871,42382.9,0,0
5,111.99,3.172,196.92,8.557,1871,42399.7,0,0
5,111.43,3.155,196.92,8.557,1871,42416.5,0,0
5,110.87,2.984,205.78,8.53,1846,42433.3,0,0
5,110.33,3.103,215.05,8.948,1871,42450.1,0,0
5,109.83,2.93,205.37,8.509,1846,42466.9,0,0
5,109.38,2.766,214.61,8.092,1821,42483.7,0,0
5,108.99,2.875,224.27,7.696,1796,42500.5,0,0
5,108.68,2.716,214.18,7.319,1771,42517.2,0,0
5,108.44,2.827,223.81,7.677,1796,42534.0,0,0
5,108.3,2.946,233.88,8.053,1771,42550.8,0,0
5,110.42,3.074,223.36,7.659,1796,42567.6,0,0
5,114.34,2.919,213.31,7.284,1821,42584.4,0,0
5,118.37,3.057,203.71,6.927,1796,42601.2,0,0
5,118.62,2.913,194.54,6.587,1771,42618.0,0,0
5,118.95,3.051,203.3,6.91,1796,42634.8,0,0
5,119.37,2.918,206.12,7.249,1771,42651.6,0,0
5,119.85,2.794,215.39,7.604,1746,42668.4,0,0
5,116.44,2.679,225.09,7.976,1771,42685.2,0,0
5,117.01,2.829,214.96,7.586,1796,42702.0,0,0
5,117.59,2.99,205.29,7.957,1771,42718.8,0,0
5,118.18,2.87,202.96,8.347,1746,42735.6,0,0
5,118.77,2.902,194.89,8.756,1771,42752.4,0,0
5,119.32,2.784,186.12,8.327,1746,42769.2,0,0
5,119.84,2.815,194.5,7.919,1771,42786.0,0,0
5,120.3,2.694,203.25,8.307,1796,42802.8,0,0
5,124.78,2.575,212.4,7.9,1821,42819.6,0,0
5,125.1,2.457,221.96,7.513,1846,42836.4,0,0
5,125.33,2.576,211.97,7.145,1871,42853.2,0,0
5,125.46,2.697,202.43,7.156,1896,42870.0,0,0
5,125.48,2.819,193.32,7.507,1871,42886.8,0,0
5,125.41,2.807,193.32,7.507,1871,42903.6,0,0
5,125.23,2.791,193.32,7.507,1871,42920.4,0,0
5,124.96,2.773,193.32,7.507,1871,42937.2,0,0
5,124.6,2.752,193.32,7.507,1871,42954.0,0,0
5,124.16,2.729,193.32,7.507,1871,42970.8,0,0
5,119.6,2.836,184.62,7.139,1882,42987.6,0,0
5,123.1,2.948,176.31,7.489,1857,43004.4,0,0
5,122.51,2.785,184.25,7.122,1882,43021.2,0,0
5,121.9,2.727,192.54,6.773,1907,43038.0,0,0
5,121.29,2.7,184.23,6.441,1882,43054.8,0,0
5,120.69,2.818,185.36,6.757,1907,43071.6,0,0
5,120.13,2.946,187.81,7.088,1932,43088.4,0,0
5,119.61,3.086,190.45,6.74,1907,43105.2,0,0
5,119.16,2.941,181.88,7.071,1932,43122.0,0,0
5,118.78,2.808,190.06,7.417,1907,43138.8,0,0
5,118.49,2.957,198.62,7.054,1882,43155.6,0,0
5,118.29,2.883,189.68,6.708,1857,43172.4,0,0
5,118.19,2.764,198.21,7.037,1882,43189.2,0,0
5,118.19,2.92,207.13,7.274,1857,43206.0,0,0
5,118.3,3.085,197.81,7.63,1832,43222.8,0,0
5,118.51,2.962,203.47,8.004,1857,43239.6,0,0
5,118.81,2.893,212.63,8.396,1832,43256.4,0,0
5,119.19,2.914,212.63,8.396,1832,43273.2,0,0
5,119.65,2.933,212.63,8.396,1832,43290.0,0,0
5,120.17,2.948,212.63,8.396,1832,43306.8,0,0
5,120.74,2.96,212.63,8.396,1832,43323.6,0,0
5,121.34,2.966,212.63,8.396,1832,43340.4,0,0
5,121.95,2.968,212.63,8.396,1832,43357.2,0,0
5,126.58,3.106,222.2,8.808,1807,43374.0,0,0
5,127.19,2.949,232.19,9.239,1782,43390.8,0,0
5,127.76,2.795,221.75,8.786,1807,43407.6,0,0
5,128.28,2.913,221.3,8.356,1782,43424.4,0,0
5,128.72,3.032,211.34,8.765,1757,43441.2,0,0
5,129.09,3.153,201.83,9.195,1782,43458.0,0,0
5,129.36,2.977,192.75,9.044,1800,43474.8,0,0
5,129.54,2.869,184.08,8.601,1825,43491.6,0,0
5,149.24,3.48,155.79,6.18,1850,43508.4,0,1
5,129.57,2.655,167.88,8.581,1825,43525.2,0,0
5,125.31,2.51,160.33,8.535,1800,43542.0,0,0
5,125.08,2.497,160.33,8.535,1800,43558.8,0,0
5,124.75,2.487,160.33,8.535,1800,43575.6,0,0
5,124.35,2.481,160.33,8.535,1800,43592.4,0,0
5,123.87,2.48,160.33,8.535,1800,43609.2,0,0
5,123.33,2.483,160.33,8.535,1800,43626.0,0,0
5,122.75,2.491,160.33,8.535,1800,43642.8,0,0
5,126.16,2.623,167.54,8.117,1775,43659.6,0,0
5,129.51,2.713,175.08,7.719,1750,43676.4,0,0
5,128.87,2.864,176.86,8.098,1775,43693.2,0,0
5,128.25,2.748,184.82,7.701,1750,43709.9,0,0
5,127.68,2.904,181.81,7.323,1725,43726.7,0,0
5,127.17,3.069,173.63,6.965,1750,43743.5,0,0
5,122.82,3.242,181.45,7.306,1775,43760.3,0,0
5,122.49,3.266,181.45,7.306,1775,43777.1,0,0
5,122.24,3.287,181.45,7.306,1775,43793.9,0,0
5,122.1,3.304,181.45,7.306,1775,43810.7,0,0
5,122.06,3.316,181.45,7.306,1775,43827.5,0,0
5,122.13,3.323,181.45,7.306,1775,43844.3,0,0
5,122.3,3.324,181.45,7.306,1775,43861.1,0,0
5,118.67,3.161,173.28,6.948,1750,43877.9,0,0
5,122.93,3.303,178.44,7.288,1725,43894.7,0,0
5,119.46,3.13,186.47,6.931,1750,43911.5,0,0
5,119.95,3.112,186.47,6.931,1750,43928.3,0,0
5,120.51,3.091,186.47,6.931,1750,43945.1,0,0
5,121.09,3.067,186.47,6.931,1750,43961.9,0,0
5,121.7,3.042,186.47,6.931,1750,43978.7,0,0
5,122.32,3.016,186.47,6.931,1750,43995.5,0,0
5,122.91,2.992,186.47,6.931,1750,44012.3,0,0
5,123.48,2.969,186.47,6.931,1750,44029.1,0,0
5,128.08,3.091,178.08,7.271,1725,44045.9,0,0
5,128.55,3.074,178.08,7.271,1725,44062.7,0,0
5,128.95,3.063,178.08,7.271,1725,44079.5,0,0
5,129.26,3.056,178.08,7.271,1725,44096.3,0,0
5,129.48,3.055,178.08,7.271,1725,44113.1,0,0
5,129.59,3.059,178.08,7.271,1725,44129.9,0,0
5,129.6,2.922,170.07,7.627,1750,44146.7,0,0
5,129.5,3.077,177.72,7.253,1725,44163.5,0,0
5,129.3,3.245,174.48,6.898,1750,44180.3,0,0
5,129.0,3.425,169.02,6.69,1775,44197.1,0,0
5,128.61,3.498,176.62,7.018,1750,44213.9,0,0
5,128.14,3.358,177.55,7.362,1725,44230.7,0,0
5,127.61,3.223,183.22,7.723,1750,44247.5,0,0
5,127.03,3.093,191.47,8.101,1725,44264.3,0,0
5,122.39,3.265,200.08,7.704,1700,44281.1,0,0
5,125.78,3.128,191.08,7.327,1725,44297.9,0,0
5,125.15,3.294,199.68,7.686,1700,44314.7,0,0
5,124.54,3.465,208.66,7.959,1675,44331.5,0,0
5,123.96,3.638,199.27,8.349,1650,44348.3,0,0
5,123.44,3.464,200.86,7.94,1643,44365.1,0,0
5,122.99,3.46,200.86,7.94,1643,44381.9,0,0
5,122.61,3.449,200.86,7.94,1643,44398.7,0,0
5,122.33,3.433,200.86,7.94,1643,44415.5,0,0
5,122.14,3.413,200.86,7.94,1643,44432.3,0,0
5,122.06,3.389,200.86,7.94,1643,44449.1,0,0
5,122.09,3.363,200.86,7.94,1643,44465.9,0,0
5,122.22,3.335,200.86,7.94,1643,44482.7,0,0
5,122.45,3.307,200.86,7.94,1643,44499.5,0,0
5,122.78,3.281,200.86,7.94,1643,44516.3,0,0
5,123.19,3.256,200.86,7.94,1643,44533.1,0,0
5,123.68,3.08,209.9,7.551,1618,44549.9,0,0
5,124.23,3.21,219.34,7.921,1593,44566.7,0,0
5,124.82,3.352,229.21,8.309,1618,44583.5,0,0
5,125.44,3.185,239.53,8.716,1643,44600.3,0,0
5,126.08,3.337,228.75,8.821,1618,44617.1,0,0
5,126.7,3.342,228.75,8.821,1618,44633.9,0,0
5,127.3,3.353,228.75,8.821,1618,44650.7,0,0
5,127.87,3.37,228.75,8.821,1618,44667.5,0,0
5,128.37,3.391,228.75,8.821,1618,44684.3,0,0
5,128.8,3.416,228.75,8.821,1618,44701.1,0,0
5,129.15,3.444,228.75,8.821,1618,44717.9,0,0
5,129.4,3.473,228.75,8.821,1618,44734.7,0,0
5,129.56,3.502,228.75,8.821,1618,44751.5,0,0
5,129.61,3.53,228.75,8.821,1618,44768.3,0,0
5,129.55,3.555,228.75,8.821,1618,44785.1,0,0
5,129.39,3.577,228.75,8.821,1618,44801.9,0,0
5,129.13,3.595,228.75,8.821,1618,44818.7,0,0
5,128.77,3.607,228.75,8.821,1618,44835.5,0,0
5,128.34,3.613,228.75,8.821,1618,44852.3,0,0
5,131.89,3.787,218.45,9.253,1609,44869.1,0,0
5,127.27,3.6,228.28,9.706,1584,44885.9,0,0
5,122.64,3.416,236.82,9.231,1609,44902.7,0,0
5,122.03,3.237,226.17,9.683,1634,44919.4,0,0
5,121.41,3.372,215.99,9.276,1659,44936.2,0,0
5,120.81,3.188,206.27,8.822,1684,44953.0,0,0
5,120.24,3.315,215.55,9.254,1659,44969.8,0,0
5,123.64,3.13,225.25,9.708,1684,44986.6,0,0
5,123.16,2.954,215.12,9.232,1709,45003.4,0,0
5,122.75,2.79,205.44,8.78,1734,45020.2,0,0
5,122.43,2.636,214.68,8.349,1759,45037.0,0,0
5,122.21,2.745,205.02,8.154,1734,45053.8,0,0
5,122.08,2.6,206.87,7.755,1709,45070.6,0,0
5,122.06,2.466,214.55,8.134,1684,45087.4,0,0
5,122.15,2.58,204.89,7.736,1709,45104.2,0,0
5,122.34,2.703,214.11,8.115,1734,45121.0,0,0
5,122.63,2.601,204.48,7.717,1759,45137.8,0,0
5,123.01,2.736,195.28,8.095,1784,45154.6,0,0
5,123.47,2.881,186.49,7.699,1759,45171.4,0,0
5,124.0,2.761,178.1,7.322,1734,45188.2,0,0
5,124.58,2.648,170.08,6.963,1759,45205.0,0,0
5,121.21,2.797,162.43,7.304,1784,45221.8,0,0
5,121.82,2.956,155.12,6.946,1809,45238.6,0,0
5,122.43,2.985,148.14,6.606,1834,45255.4,0,0
5,123.03,3.153,154.81,6.282,1859,45272.2,0,0
5,123.59,3.328,161.77,5.974,1834,45289.0,0,0
5,124.1,3.187,161.2,5.681,1859,45305.8,0,0
5,124.55,3.356,153.95,5.403,1884,45322.6,0,0
5,124.92,3.206,160.87,5.138,1859,45339.4,0,0
5,125.2,3.365,153.63,5.39,1834,45356.2,0,0
5,125.39,3.204,152.69,5.654,1859,45373.0,0,0
5,125.48,3.045,159.56,5.377,1834,45389.8,0,0
5,125.47,3.11,166.74,5.641,1859,45406.6,0,0
5,125.35,3.244,174.25,5.917,1884,45423.4,0,0
5,125.14,3.07,182.09,6.207,1859,45440.2,0,0
5,124.83,3.194,173.89,5.903,1884,45457.0,0,0
5,124.44,3.169,173.89,5.903,1884,45473.8,0,0
5,123.97,3.143,173.89,5.903,1884,45490.6,0,0
5,123.45,3.117,173.89,5.903,1884,45507.4,0,0
5,122.87,3.092,173.89,5.903,1884,45524.2,0,0
5,122.27,3.069,173.89,5.903,1884,45541.0,0,0
5,121.66,3.169,166.07,6.192,1881,45557.8,0,0
5,121.05,3.002,173.54,6.495,1856,45574.6,0,0
5,120.47,2.848,181.35,6.177,1881,45591.4,0,0
5,119.92,2.706,189.51,6.48,1906,45608.2,0,0
5,119.43,2.577,182.81,6.162,1881,45625.0,0,0
5,119.0,2.705,174.58,6.464,1906,45641.8,0,0
5,118.65,2.846,166.73,6.148,1881,45658.6,0,0
5,114.51,2.723,174.23,5.846,1856,45675.4,0,0
5,114.36,2.872,182.07,6.133,1881,45692.2,0,0
5,114.3,2.771,173.88,5.832,1906,45709.0,0,0
5,114.34,2.774,166.05,6.118,1881,45725.8,0,0
5,114.48,2.663,165.49,6.418,1906,45742.6,0,0
5,114.72,2.814,172.94,6.732,1881,45759.4,0,0
5,111.14,2.972,180.72,6.402,1856,45776.2,0,0
5,111.52,3.137,188.85,6.716,1831,45793.0,0,0
5,111.98,3.004,197.35,7.045,1856,45809.8,0,0
5,112.48,2.873,188.47,6.7,1881,45826.6,0,0
5,101.72,2.115,179.99,6.372,1856,45843.4,1,0
5,113.59,3.026,179.99,6.372,1856,45860.2,0,0
5,114.16,3.025,179.99,6.372,1856,45877.0,0,0
5,114.73,3.02,179.99,6.372,1856,45893.8,0,0
5,115.27,3.009,179.99,6.372,1856,45910.6,0,0
5,115.76,2.995,179.99,6.372,1856,45927.4,0,0
5,116.21,2.976,179.99,6.372,1856,45944.2,0,0
5,112.49,2.813,188.09,6.684,1831,45961.0,0,0
5,116.88,2.657,179.62,6.356,1856,45977.8,0,0
5,117.1,2.635,179.62,6.356,1856,45994.6,0,0
5,117.22,2.613,179.62,6.356,1856,46011.4,0,0
5,117.25,2.592,179.62,6.356,1856,46028.2,0,0
5,117.18,2.573,179.62,6.356,1856,46045.0,0,0
5,117.01,2.557,179.62,6.356,1856,46061.8,0,0
5,116.76,2.544,179.62,6.356,1856,46078.6,0,0
5,116.42,2.536,179.62,6.356,1856,46095.4,0,0
5,111.94,2.653,187.71,6.668,1881,46112.1,0,0
5,107.42,2.527,196.15,6.995,1856,46128.9,0,0
5,106.94,2.41,187.33,6.652,1881,46145.7,0,0
5,106.43,2.535,182.74,6.978,1872,46162.5,0,0
5,105.9,2.426,174.51,6.636,1847,46179.3,0,0
5,105.37,2.325,182.37,6.961,1822,46196.1,0,0
5,104.85,2.23,188.88,7.302,1847,46212.9,0,0
5,104.36,2.14,197.38,7.66,1822,46229.7,0,0
5,103.91,2.055,206.26,8.035,1797,46246.5,0,0
5,107.43,1.972,196.98,7.642,1822,46263.3,0,0
5,110.98,2.083,199.61,8.016,1805,46280.1,0,0
5,110.71,1.997,190.63,7.954,1780,46296.9,0,0
5,110.52,2.105,199.2,8.344,1805,46313.7,0,0
5,110.43,2.014,192.43,7.935,1780,46330.5,0,0
5,110.43,2.117,201.09,8.324,1755,46347.3,0,0
5,110.53,2.221,192.04,7.916,1780,46364.1,0,0
5,110.72,2.114,183.4,7.528,1805,46380.9,0,0
5,111.0,2.009,191.65,7.897,1780,46397.7,0,0
5,111.36,2.098,200.28,8.284,1755,46414.5,0,0
5,111.79,2.155,191.26,8.69,1780,46431.3,0,0
5,112.27,2.039,199.87,9.115,1755,46448.1,0,0
5,112.8,1.927,208.86,9.562,1730,46464.9,0,0
5,116.9,2.003,199.47,9.093,1755,46481.7,0,0
5,113.49,1.974,208.44,9.539,1780,46498.5,0,0
5,114.06,2.052,199.06,9.88,1755,46515.3,0,0
5,114.6,2.133,208.02,10.364,1730,46532.1,0,0
5,115.12,2.219,198.66,10.872,1755,46548.9,0,0
5,115.58,2.312,189.72,10.339,1730,46565.7,0,0
5,115.99,2.411,181.18,9.833,1755,46582.5,0,0
5,116.32,2.518,173.03,9.351,1780,46599.3,0,0
5,116.57,2.394,165.24,9.017,1805,46616.1,0,0
5,112.61,2.28,157.81,8.575,1780,46632.9,0,0
5,108.55,2.395,164.91,8.996,1805,46649.7,0,0
5,108.52,2.519,157.49,8.555,1830,46666.5,0,0
5,108.4,2.411,150.4,8.136,1805,46683.3,0,0
5,108.2,2.544,143.63,7.737,1830,46700.1,0,0
5,107.92,2.686,150.09,8.116,1815,46716.9,0,0
5,107.57,2.578,156.28,7.718,1790,46733.7,0,0
5,107.15,2.475,149.25,7.34,1765,46750.5,0,0
5,106.69,2.376,154.21,7.7,1740,46767.3,0,0
5,106.19,2.509,161.15,7.323,1765,46784.1,0,0
5,109.68,2.648,168.41,6.964,1790,46800.9,0,0
5,109.13,2.663,168.41,6.964,1790,46817.7,0,0
5,108.58,2.675,168.41,6.964,1790,46834.5,0,0
5,108.06,2.683,168.41,6.964,1790,46851.3,0,0
5,107.58,2.686,168.41,6.964,1790,46868.1,0,0
5,105.18,2.556,175.98,7.305,1815,46884.9,0,0
5,108.72,2.674,183.9,7.663,1790,46901.7,0,0
5,104.52,2.792,175.63,8.038,1815,46918.5,0,0
5,100.43,2.708,183.53,7.645,1840,46935.3,0,0
5,100.31,2.691,183.53,7.645,1840,46952.1,0,0
5,100.28,2.671,183.53,7.645,1840,46968.9,0,0
5,100.33,2.65,183.53,7.645,1840,46985.7,0,0
5,100.47,2.628,183.53,7.645,1840,47002.5,0,0
5,100.69,2.606,183.53,7.645,1840,47019.3,0,0
5,100.99,2.585,183.53,7.645,1840,47036.1,0,0
5,101.35,2.567,183.53,7.645,1840,47052.9,0,0
5,101.78,2.551,183.53,7.645,1840,47069.7,0,0
5,102.24,2.539,183.53,7.645,1840,47086.5,0,0
5,102.74,2.531,183.53,7.645,1840,47103.3,0,0
5,103.26,2.528,183.53,7.645,1840,47120.1,0,0
5,103.78,2.529,183.53,7.645,1840,47136.9,0,0
5,104.29,2.535,183.53,7.645,1840,47153.7,0,0
5,100.71,2.667,188.73,8.019,1865,47170.5,0,0
5,101.14,2.811,197.22,8.412,1890,47187.3,0,0
5,101.52,2.966,206.09,8.824,1915,47204.1,0,0
5,101.83,2.845,197.44,8.392,1940,47220.9,0,0
5,102.08,2.731,188.56,7.981,1915,47237.7,0,0
5,102.25,2.621,197.04,8.372,1890,47254.5,0,0
5,102.34,2.77,205.91,8.782,1915,47271.3,0,0
5,102.35,2.657,196.64,8.352,1890,47288.1,0,0
5,102.27,2.547,187.79,7.942,1865,47304.8,0,0
5,102.11,2.685,196.24,8.332,1890,47321.6,0,0
5,101.88,2.826,187.41,7.923,1915,47338.4,0,0
5,105.66,2.698,195.85,7.535,1890,47355.2,0,0
5,101.2,2.571,197.0,7.904,1865,47372.0,0,0
5,100.78,2.446,205.87,8.292,1890,47388.8,0,0
5,100.33,2.558,196.6,8.698,1865,47405.6,0,0
5,99.84,2.671,205.45,8.272,1890,47422.4,0,0
5,99.34,2.53,197.73,8.677,1865,47439.2,0,0
5,98.84,2.634,188.83,9.102,1890,47456.0,0,0
5,98.36,2.489,197.33,9.548,1865,47472.8,0,0
5,97.91,2.351,188.45,9.08,1890,47489.6,0,0
5,97.49,2.421,179.97,8.635,1865,47506.4,0,0
5,93.22,2.285,187.98,8.212,1840,47523.2,0,0
5,92.94,2.159,179.52,8.615,1865,47540.0,0,0
5,92.72,2.188,187.6,9.037,1890,47556.8,0,0
5,92.58,2.071,179.16,8.594,1915,47573.6,0,0
5,92.52,1.962,187.22,8.173,1940,47590.4,0,0
5,92.54,2.05,195.65,7.772,1965,47607.2,0,0
5,92.63,2.146,204.45,8.153,1990,47624.0,0,0
5,96.7,2.044,195.25,7.754,1965,47640.8,0,0
5,96.96,2.043,186.46,7.374,1940,47657.6,0,0
5,97.28,1.953,194.86,7.013,1915,47674.4,0,0
5,97.67,2.058,203.62,7.356,1890,47691.2,0,0
5,98.1,2.172,206.09,7.717,1865,47708.0,0,0
5,98.57,2.084,215.36,7.338,1840,47724.8,0,0
5,99.06,2.202,205.67,6.979,1815,47741.6,0,0
5,99.56,2.303,214.93,7.321,1840,47758.4,0,0
5,104.08,2.211,205.26,6.962,1865,47775.2,0,0
5,104.58,2.121,214.49,7.303,1890,47792.0,0,0
5,105.04,2.238,204.84,7.661,1865,47808.8,0,0
5,105.45,2.142,195.62,8.037,1840,47825.6,0,0
5,105.81,2.255,204.42,8.43,1865,47842.4,0,0
5,106.1,2.152,195.23,8.017,1840,47859.2,0,0
5,106.31,2.113,204.01,8.41,1818,47876.0,0,0
5,110.55,2.213,213.19,8.822,1793,47892.8,0,0
5,114.72,2.314,203.6,8.39,1768,47909.6,0,0
5,110.55,2.194,194.44,8.801,1743,47926.4,0,0
5,110.41,2.182,194.44,8.801,1743,47943.2,0,0
5,110.19,2.168,194.44,8.801,1743,47960.0,0,0
5,109.89,2.152,194.44,8.801,1743,47976.8,0,0
5,109.52,2.135,194.44,8.801,1743,47993.6,0,0
5,109.09,2.117,194.44,8.801,1743,48010.4,0,0
5,108.61,2.099,194.44,8.801,1743,48027.2,0,0
5,108.09,2.083,194.44,8.801,1743,48044.0,0,0
5,107.56,2.068,194.44,8.801,1743,48060.8,0,0
5,111.0,2.155,203.19,9.232,1718,48077.6,0,0
5,114.42,2.042,194.04,8.78,1743,48094.4,0,0
5,113.88,1.939,185.31,8.949,1768,48111.2,0,0
5,113.38,2.03,193.65,9.388,1743,48128.0,0,0
5,112.93,2.129,202.36,8.928,1718,48144.8,0,0
5,112.56,2.032,211.47,9.365,1743,48161.6,0,0
5,112.26,1.943,220.99,9.824,1768,48178.4,0,0
5,112.05,1.965,230.93,9.343,1743,48195.2,0,0
5,111.94,2.074,220.54,9.8,1768,48212.0,0,0
5,111.92,2.19,210.61,9.32,1743,48228.8,0,0
5,108.12,2.314,201.14,9.018,1768,48245.6,0,0
5,108.28,2.222,192.09,8.576,1743,48262.4,0,0
5,108.54,2.133,200.73,8.997,1768,48279.2,0,0
5,108.88,2.253,191.7,9.438,1743,48296.0,0,0
5,109.28,2.376,200.32,8.975,1768,48312.8,0,0
5,109.75,2.275,191.31,9.415,1793,48329.6,0,0
5,110.26,2.394,199.92,8.954,1818,48346.4,0,0
5,106.82,2.515,190.92,8.515,1793,48363.2,0,0
5,111.36,2.638,199.51,8.932,1768,48380.0,0,0
5,111.92,2.763,208.49,9.37,1793,48396.8,0,0
5,112.46,2.624,217.87,8.911,1768,48413.6,0,0
5,112.97,2.739,208.07,9.347,1793,48430.4,0,0
5,113.44,2.855,198.7,8.889,1818,48447.2,0,0
5,113.85,2.972,189.76,8.454,1843,48464.0,0,0
5,114.19,3.091,198.3,8.868,1856,48480.8,0,0
5,118.56,2.919,189.38,8.433,1881,48497.6,0,0
5,118.74,2.756,180.86,8.02,1856,48514.3,0,0
5,118.83,2.864,189.0,8.413,1832,48531.1,0,0
5,118.82,2.706,197.5,8.825,1843,48547.9,0,0
5,118.71,2.816,188.61,8.393,1868,48564.7,0,0
5,118.51,2.698,180.13,7.982,1843,48581.5,0,0
5,118.22,2.627,188.23,8.373,1818,48598.3,0,0
5,117.85,2.652,179.76,8.783,1843,48615.1,0,0
5,121.48,2.777,187.85,8.353,1868,48631.9,0,0
5,120.96,2.646,196.3,8.438,1843,48648.7,0,0
5,120.4,2.78,187.47,8.025,1868,48665.5,0,0
5,119.82,2.659,195.91,8.418,1893,48682.3,0,0
5,119.22,2.546,187.09,8.006,1868,48699.1,0,0
5,122.6,2.686,195.51,8.398,1893,48715.9,0,0
5,118.05,2.837,186.71,7.987,1868,48732.7,0,0
5,121.45,2.724,195.11,7.595,1843,48749.5,0,0
5,124.87,2.879,186.33,7.866,1830,48766.3,0,0
5,124.42,2.902,186.33,7.866,1830,48783.1,0,0
5,124.06,2.924,186.33,7.866,1830,48799.9,0,0
5,123.79,2.943,186.33,7.866,1830,48816.7,0,0
5,123.62,2.959,186.33,7.866,1830,48833.5,0,0
5,123.55,2.971,186.33,7.866,1830,48850.3,0,0
5,123.6,2.978,186.33,7.866,1830,48867.1,0,0
5,123.75,2.981,186.33,7.866,1830,48883.9,0,0
5,127.9,2.835,194.72,8.251,1827,48900.7,0,0
5,124.35,2.963,203.48,8.655,1852,48917.5,0,0
5,124.78,2.951,203.48,8.655,1852,48934.3,0,0
5,125.29,2.935,203.48,8.655,1852,48951.1,0,0
5,125.85,2.915,203.48,8.655,1852,48967.9,0,0
5,126.46,2.893,203.48,8.655,1852,48984.7,0,0
5,127.1,2.87,203.48,8.655,1852,49001.5,0,0
5,127.74,2.846,203.48,8.655,1852,49018.3,0,0
5,124.34,2.958,194.32,8.231,1827,49035.1,0,0
5,124.92,2.935,194.32,8.231,1827,49051.9,0,0
5,125.46,2.915,194.32,8.231,1827,49068.7,0,0
5,125.94,2.898,194.32,8.231,1827,49085.5,0,0
5,126.35,2.886,194.32,8.231,1827,49102.3,0,0
5,126.68,2.879,194.32,8.231,1827,49119.1,0,0
5,122.8,2.739,203.07,8.635,1802,49135.9,0,0
5,122.93,2.61,193.93,8.211,1777,49152.7,0,0
5,122.95,2.492,202.66,7.809,1802,49169.5,0,0
5,122.88,2.383,211.78,8.192,1827,49186.3,0,0
5,122.71,2.512,202.25,7.79,1802,49203.1,0,0
5,122.45,2.408,211.35,8.172,1777,49219.9,0,0
5,122.1,2.544,201.84,8.572,1802,49236.7,0,0
5,121.67,2.442,210.92,8.152,1777,49253.5,0,0
5,121.18,2.344,220.41,8.552,1802,49270.3,0,0
5,120.63,2.477,222.59,8.971,1827,49287.1,0,0
5,120.06,2.375,212.57,8.531,1802,49303.9,0,0
5,119.46,2.276,222.14,8.113,1777,49320.7,0,0
5,118.86,2.178,212.14,7.716,1802,49337.5,0,0
5,118.27,2.292,202.6,8.094,1827,49354.3,0,0
5,105.95,1.685,211.71,7.697,1802,49371.1,1,0
5,117.21,2.409,211.71,7.697,1802,49387.9,0,0
5,116.77,2.406,211.71,7.697,1802,49404.7,0,0
5,116.39,2.4,211.71,7.697,1802,49421.5,0,0
5,116.1,2.39,211.71,7.697,1802,49438.3,0,0
5,115.91,2.376,211.71,7.697,1802,49455.1,0,0
5,115.81,2.36,211.71,7.697,1802,49471.9,0,0
5,115.81,2.23,202.19,7.32,1777,49488.7,0,0
5,115.91,2.106,198.93,7.679,1802,49505.5,0,0
5,116.11,2.188,207.89,8.055,1827,49522.3,0,0
5,116.4,2.274,198.53,7.66,1802,49539.1,0,0
5,116.77,2.149,207.46,8.036,1827,49555.9,0,0
5,121.15,2.237,198.13,7.642,1852,49572.7,0,0
5,121.68,2.117,190.54,7.267,1827,49589.5,0,0
5,122.25,2.21,181.97,6.911,1802,49606.3,0,0
5,122.86,2.099,190.16,6.828,1827,49623.1,0,0
5,123.48,1.997,181.6,7.162,1802,49639.9,0,0
5,124.09,2.095,173.43,6.811,1827,49656.7,0,0
5,124.69,2.202,175.73,6.477,1852,49673.5,0,0
5,129.31,2.319,167.83,6.16,1827,49690.3,0,0
5,129.83,2.333,167.83,6.16,1827,49707.0,0,0
5,130.29,2.349,167.83,6.16,1827,49723.8,0,0
5,130.66,2.368,167.83,6.16,1827,49740.6,0,0
5,130.94,2.388,167.83,6.16,1827,49757.4,0,0
5,131.12,2.408,167.83,6.16,1827,49774.2,0,0
5,131.2,2.427,167.83,6.16,1827,49791.0,0,0
5,131.16,2.445,167.83,6.16,1827,49807.8,0,0
5,131.02,2.461,167.83,6.16,1827,49824.6,0,0
5,130.78,2.474,167.83,6.16,1827,49841.4,0,0
5,130.44,2.483,167.83,6.16,1827,49858.2,0,0
5,130.02,2.489,167.83,6.16,1827,49875.0,0,0
5,129.52,2.49,167.83,6.16,1827,49891.8,0,0
5,128.96,2.487,167.83,6.16,1827,49908.6,0,0
5,128.35,2.48,167.83,6.16,1827,49925.4,0,0
5,127.72,2.469,167.83,6.16,1827,49942.2,0,0
5,127.08,2.455,167.83,6.16,1827,49959.0,0,0
5,122.48,2.429,164.02,5.858,1802,49975.8,0,0
5,121.89,2.349,171.4,5.571,1777,49992.6,0,0
5,121.34,2.442,163.69,5.844,1752,50009.4,0,0
5,120.86,2.305,171.05,6.131,1749,50026.2,0,0
5,120.44,2.396,178.75,6.431,1774,50043.0,0,0
5,120.1,2.492,186.18,6.116,1749,50059.8,0,0
5,119.86,2.412,194.56,6.416,1774,50076.6,0,0
5,115.83,2.514,185.81,6.101,1799,50093.4,0,0
5,111.92,2.625,193.64,6.4,1824,50110.2,0,0
5,108.09,2.513,202.35,6.714,1799,50127.0,0,0
5,108.24,2.632,193.24,7.043,1805,50143.8,0,0
5,108.48,2.763,201.94,6.698,1780,50160.6,0,0
5,108.8,2.638,207.96,7.026,1755,50177.4,0,0
5,109.19,2.778,217.31,7.37,1780,50194.2,0,0
5,109.64,2.924,227.09,7.009,1755,50211.0,0,0
5,106.19,3.086,237.31,6.665,1730,50227.8,0,0
5,106.71,3.111,237.31,6.665,1730,50244.6,0,0
5,107.24,3.137,237.31,6.665,1730,50261.4,0,0
5,107.78,3.163,237.31,6.665,1730,50278.2,0,0
5,108.31,3.189,237.31,6.665,1730,50295.0,0,0
5,108.81,3.058,226.63,6.339,1755,50311.8,0,0
5,109.28,2.93,216.43,6.649,1730,50328.6,0,0
5,109.68,3.086,206.7,6.324,1755,50345.4,0,0
5,110.03,3.158,216.0,6.633,1730,50362.2,0,0
5,110.3,3.012,206.28,6.308,1705,50379.0,0,0
5,110.48,3.158,210.08,6.618,1730,50395.8,0,0
5,110.58,3.305,219.53,6.293,1755,50412.6,0,0
5,113.81,3.454,229.41,6.602,1730,50429.4,0,0
5,109.61,3.273,239.74,6.925,1755,50446.2,0,0
5,113.55,3.411,238.71,7.264,1780,50463.0,0,0
5,117.39,3.55,227.97,7.62,1796,50479.8,0,0
5,121.12,3.353,238.22,7.994,1771,50496.6,0,0
5,120.69,3.485,248.94,8.386,1796,50513.4,0,0
5,120.19,3.29,237.74,8.796,1821,50530.2,0,0
5,119.64,3.107,227.04,8.365,1796,50547.0,0,0
5,119.06,3.232,237.26,7.956,1821,50563.8,0,0
5,118.47,3.364,226.58,7.566,1846,50580.6,0,0
5,117.87,3.186,236.78,7.936,1821,50597.4,0,0
5,117.3,3.326,226.12,8.325,1846,50614.2,0,0
5,116.75,3.159,236.3,8.733,1871,50631.0,0,0
5,116.26,3.158,236.3,8.733,1871,50647.8,0,0
5,115.83,3.163,236.3,8.733,1871,50664.6,0,0
5,115.48,3.173,236.3,8.733,1871,50681.4,0,0
5,115.21,3.189,236.3,8.733,1871,50698.2,0,0
5,115.03,3.208,236.3,8.733,1871,50715.0,0,0
5,114.95,3.232,236.3,8.733,1871,50731.8,0,0
5,118.85,3.101,225.67,9.161,1846,50748.6,0,0
5,122.86,2.977,215.51,8.712,1821,50765.4,0,0
5,120.33,2.858,225.21,9.139,1796,50782.2,0,0
5,120.65,3.019,215.08,9.587,1821,50799.0,0,0
5,121.05,3.152,205.4,10.057,1796,50815.8,0,0
5,121.53,3.019,196.15,9.564,1771,50832.6,0,0
5,122.07,3.18,187.33,9.095,1746,50849.4,0,0
5,122.65,3.049,195.76,8.65,1771,50866.2,0,0
5,123.26,3.039,186.95,8.226,1746,50883.0,0,0
5,123.88,2.949,195.36,8.629,1721,50899.7,0,0
5,124.5,3.086,186.57,9.052,1746,50916.5,0,0
5,121.05,2.929,194.96,8.608,1771,50933.3,0,0
5,125.65,2.776,186.19,9.03,1796,50950.1,0,0
5,126.14,2.76,186.19,9.03,1796,50966.9,0,0
5,126.57,2.74,186.19,9.03,1796,50983.7,0,0
5,126.91,2.719,186.19,9.03,1796,51000.5,0,0
5,127.17,2.697,186.19,9.03,1796,51017.3,0,0
5,127.32,2.674,186.19,9.03,1796,51034.1,0,0
5,127.37,2.652,186.19,9.03,1796,51050.9,0,0
5,127.32,2.633,186.19,9.03,1796,51067.7,0,0
5,123.05,2.741,177.81,8.588,1821,51084.5,0,0
5,122.81,2.858,169.81,8.167,1796,51101.3,0,0
5,122.47,2.71,162.17,7.767,1771,51118.1,0,0
5,122.06,2.59,169.47,8.147,1796,51134.9,0,0
5,121.58,2.714,177.09,8.546,1821,51151.7,0,0
5,121.04,2.757,185.06,8.965,1796,51168.5,0,0
5,120.47,2.827,176.73,9.404,1821,51185.3,0,0
5,119.87,2.978,168.78,8.944,1796,51202.1,0,0
5,119.27,2.853,176.38,8.505,1771,51218.9,0,0
5,118.68,3.012,184.31,8.553,1784,51235.7,0,0
5,118.12,3.182,192.61,8.134,1809,51252.5,0,0
5,117.6,3.362,201.28,8.374,1784,51269.3,0,0
5,121.05,3.228,192.22,7.964,1801,51286.1,0,0
5,120.65,3.253,192.22,7.964,1801,51302.9,0,0
5,120.33,3.277,192.22,7.964,1801,51319.7,0,0
5,120.1,3.297,192.22,7.964,1801,51336.5,0,0
5,119.98,3.313,192.22,7.964,1801,51353.3,0,0
5,119.96,3.325,192.22,7.964,1801,51370.1,0,0
5,120.04,3.33,192.22,7.964,1801,51386.9,0,0
5,120.23,3.331,192.22,7.964,1801,51403.7,0,0
5,124.41,3.221,200.87,8.354,1776,51420.5,0,0
5,124.79,3.21,200.87,8.354,1776,51437.3,0,0
5,125.25,3.195,200.87,8.354,1776,51454.1,0,0
5,125.79,3.176,200.87,8.354,1776,51470.9,0,0
5,126.37,3.154,200.87,8.354,1776,51487.7,0,0
5,130.97,2.979,191.83,7.945,1751,51504.5,0,0
5,127.63,3.096,183.2,7.556,1726,51521.3,0,0
5,128.27,3.218,182.34,7.926,1751,51538.1,0,0
5,128.9,3.039,190.55,7.537,1726,51554.9,0,0
5,129.49,3.161,181.97,7.907,1701,51571.7,0,0
5,130.02,2.99,190.16,8.294,1726,51588.5,0,0
5,130.49,3.015,198.72,8.701,1701,51605.3,0,0
5,130.89,2.86,207.66,9.127,1676,51622.1,0,0
5,131.19,2.992,217.01,8.68,1701,51638.9,0,0
5,131.39,2.848,207.24,8.254,1676,51655.7,0,0
5,127.37,2.99,197.91,7.85,1651,51672.5,0,0
5,123.24,3.144,189.01,8.235,1626,51689.3,0,0
5,123.12,3.16,189.01,8.235,1626,51706.1,0,0
5,122.92,3.181,189.01,8.235,1626,51722.9,0,0
5,122.62,3.204,189.01,8.235,1626,51739.7,0,0
5,122.23,3.23,189.01,8.235,1626,51756.5,0,0
5,121.78,3.257,189.01,8.235,1626,51773.3,0,0
5,121.26,3.285,189.01,8.235,1626,51790.1,0,0
5,120.7,3.311,189.01,8.235,1626,51806.9,0,0
5,120.12,3.334,189.01,8.235,1626,51823.7,0,0
5,119.51,3.354,189.01,8.235,1626,51840.5,0,0
5,118.92,3.371,189.01,8.235,1626,51857.3,0,0
5,118.34,3.382,189.01,8.235,1626,51874.1,0,0
5,117.8,3.308,180.5,7.831,1651,51890.9,0,0
5,117.31,3.252,188.63,8.215,1626,51907.7,0,0
5,116.89,3.09,180.14,7.812,1651,51924.5,0,0
5,116.55,2.932,188.24,7.429,1626,51941.3,0,0
5,116.3,2.778,196.71,7.793,1651,51958.1,0,0
5,112.25,2.894,205.57,8.175,1676,51974.9,0,0
5,116.07,3.011,196.32,7.775,1701,51991.7,0,0
5,112.23,2.844,187.48,8.156,1726,52008.5,0,0
5,112.37,2.821,187.48,8.156,1726,52025.3,0,0
5,112.6,2.797,187.48,8.156,1726,52042.1,0,0
5,112.91,2.775,187.48,8.156,1726,52058.9,0,0
5,113.3,2.754,187.48,8.156,1726,52075.7,0,0
5,113.76,2.737,187.48,8.156,1726,52092.4,0,0
5,114.27,2.723,187.48,8.156,1726,52109.2,0,0
5,114.83,2.714,187.48,8.156,1726,52126.0,0,0
5,111.41,2.839,179.05,8.555,1701,52142.8,0,0
5,115.98,2.975,170.99,8.136,1726,52159.6,0,0
5,116.56,2.981,170.99,8.136,1726,52176.4,0,0
5,117.1,2.992,170.99,8.136,1726,52193.2,0,0
5,117.61,3.007,170.99,8.136,1726,52210.0,0,0
5,118.06,3.027,170.99,8.136,1726,52226.8,0,0
5,118.45,3.05,170.99,8.136,1726,52243.6,0,0
5,118.76,3.074,170.99,8.136,1726,52260.4,0,0
5,118.98,3.1,170.99,8.136,1726,52277.2,0,0
5,119.1,3.126,170.99,8.136,1726,52294.0,0,0
5,119.13,2.999,163.29,8.535,1751,52310.8,0,0
5,119.06,3.124,170.64,8.953,1776,52327.6,0,0
5,118.9,3.293,178.32,9.392,1751,52344.4,0,0
5,118.64,3.467,170.3,8.932,1729,52361.2,0,0
5,118.31,3.311,162.63,9.369,1754,52378.0,0,0
5,117.89,3.157,155.31,8.91,1729,52394.8,0,0
5,117.42,3.005,162.3,9.347,1754,52411.6,0,0
5,116.89,3.144,169.61,8.889,1779,52428.4,0,0
5,114.65,2.983,161.98,8.453,1754,52445.2,0,0
5,118.08,3.111,169.26,8.867,1779,52462.0,0,0
5,113.5,2.943,176.88,8.433,1804,52478.8,0,0
5,112.94,2.922,176.88,8.433,1804,52495.6,0,0
5,112.41,2.899,176.88,8.433,1804,52512.4,0,0
5,111.93,2.875,176.88,8.433,1804,52529.2,0,0
5,111.5,2.851,176.88,8.433,1804,52546.0,0,0
5,111.14,2.828,176.88,8.433,1804,52562.8,0,0
5,114.76,2.673,184.84,8.02,1829,52579.6,0,0
5,110.68,2.529,183.22,8.413,1854,52596.4,0,0
5,106.7,2.395,174.97,8.0,1829,52613.2,0,0
5,102.82,2.502,172.14,7.608,1804,52630.0,0,0
5,102.91,2.618,179.89,7.849,1829,52646.8,0,0
5,103.08,2.744,171.8,7.464,1854,52663.6,0,0
5,103.34,2.618,179.53,7.83,1829,52680.4,0,0
5,103.67,2.754,171.45,7.621,1854,52697.2,0,0
5,104.07,2.635,179.16,7.994,1879,52714.0,0,0
5,108.46,2.525,187.23,8.386,1854,52730.8,0,0
5,108.98,2.545,187.23,8.386,1854,52747.6,0,0
5,109.51,2.565,187.23,8.386,1854,52764.4,0,0
5,110.07,2.587,187.23,8.386,1854,52781.2,0,0
5,110.62,2.608,187.23,8.386,1854,52798.0,0,0
5,111.15,2.629,187.23,8.386,1854,52814.8,0,0
5,111.65,2.647,187.23,8.386,1854,52831.6,0,0
5,116.18,2.791,195.65,8.797,1829,52848.4,0,0
5,116.59,2.669,195.4,8.366,1804,52865.2,0,0
5,105.23,1.964,186.61,8.776,1829,52882.0,1,0
5,117.17,2.809,186.61,8.776,1829,52898.8,0,0
5,117.34,2.809,186.61,8.776,1829,52915.6,0,0
5,117.4,2.803,186.61,8.776,1829,52932.4,0,0
5,117.38,2.793,186.61,8.776,1829,52949.2,0,0
5,117.25,2.779,186.61,8.776,1829,52966.0,0,0
5,117.04,2.762,186.61,8.776,1829,52982.8,0,0
5,120.83,2.61,195.01,9.206,1854,52999.6,0,0
5,120.44,2.714,203.78,8.754,1879,53016.4,0,0
5,119.98,2.562,194.61,8.326,1904,53033.2,0,0
5,119.46,2.663,188.34,7.918,1929,53050.0,0,0
5,118.9,2.515,179.86,7.53,1954,53066.8,0,0
5,118.32,2.616,177.86,7.161,1929,53083.6,0,0
5,117.72,2.725,169.85,6.81,1954,53100.4,0,0
5,117.14,2.842,177.5,7.143,1929,53117.2,0,0
5,116.57,2.969,179.95,7.021,1904,53134.0,0,0
5,112.12,3.097,173.32,7.365,1929,53150.8,0,0
5,115.58,2.95,181.12,7.726,1904,53167.6,0,0
5,115.18,3.098,189.27,8.104,1879,53184.4,0,0
5,114.86,3.259,180.75,7.707,1854,53201.2,0,0
5,114.63,3.434,172.62,8.085,1879,53218.0,0,0
5,114.49,3.291,180.39,7.689,1854,53234.8,0,0
5,114.45,3.157,188.5,8.066,1829,53251.6,0,0
5,114.51,3.336,193.36,8.461,1854,53268.4,0,0
5,111.59,3.202,193.6,8.373,1829,53285.2,0,0
5,111.83,3.229,193.6,8.373,1829,53301.9,0,0
5,112.16,3.254,193.6,8.373,1829,53318.7,0,0
5,112.56,3.276,193.6,8.373,1829,53335.5,0,0
5,113.03,3.295,193.6,8.373,1829,53352.3,0,0
5,113.55,3.31,193.6,8.373,1829,53369.1,0,0
5,114.1,3.479,184.89,7.962,1804,53385.9,0,0
5,114.67,3.316,193.21,7.572,1779,53402.7,0,0
5,115.25,3.156,201.91,7.943,1804,53419.5,0,0
5,115.82,2.998,210.99,8.333,1829,53436.3,0,0
5,116.35,2.844,215.35,8.585,1804,53453.1,0,0
5,116.85,2.693,225.04,9.006,1814,53469.9,0,0
5,117.29,2.548,235.17,9.447,1839,53486.7,0,0
5,117.65,2.651,224.59,8.984,1864,53503.5,0,0
5,117.94,2.503,214.48,8.544,1839,53520.3,0,0
5,118.14,2.602,204.83,8.962,1864,53537.1,0,0
5,114.13,2.456,195.61,8.523,1839,53553.9,0,0
5,114.14,2.554,186.81,8.106,1814,53570.7,0,0
5,114.06,2.578,195.22,7.709,1789,53587.5,0,0
5,113.88,2.685,186.43,8.086,1814,53604.3,0,0
5,113.62,2.801,191.12,7.69,1789,53621.1,0,0
5,113.28,2.658,182.52,7.313,1814,53637.9,0,0
5,112.88,2.782,190.74,6.955,1789,53654.7,0,0
5,112.41,2.65,182.15,6.614,1764,53671.5,0,0
5,107.86,2.784,190.35,6.938,1789,53688.3,0,0
5,111.36,2.929,198.92,7.278,1814,53705.1,0,0
5,110.8,2.945,198.92,7.278,1814,53721.9,0,0
5,110.25,2.965,198.92,7.278,1814,53738.7,0,0
5,109.71,2.988,198.92,7.278,1814,53755.5,0,0
5,109.2,3.013,198.92,7.278,1814,53772.3,0,0
5,108.74,3.038,198.92,7.278,1814,53789.1,0,0
5,112.24,3.21,207.87,6.921,1789,53805.9,0,0
5,115.8,3.079,198.51,7.261,1814,53822.7,0,0
5,115.52,3.249,189.58,7.616,1839,53839.5,0,0
5,115.34,3.111,198.11,7.501,1814,53856.3,0,0
5,115.26,3.275,207.03,7.869,1839,53873.1,0,0
5,115.28,3.441,197.71,7.483,1814,53889.9,0,0
5,115.4,3.611,188.81,7.116,1789,53906.7,0,0
5,115.62,3.435,197.31,7.465,1814,53923.5,0,0
5,115.92,3.263,206.19,7.831,1839,53940.3,0,0
5,116.31,3.407,196.91,7.447,1814,53957.1,0,0
5,120.7,3.552,188.05,7.082,1839,53973.9,0,0
5,121.23,3.699,196.51,6.735,1864,53990.7,0,0
5,121.81,3.495,187.67,7.065,1889,54007.5,0,0
5,122.42,3.633,196.11,7.412,1864,54024.3,0,0
5,123.03,3.43,204.94,7.048,1848,54041.1,0,0
5,123.65,3.565,214.16,7.394,1873,54057.9,0,0
5,124.23,3.367,223.8,7.756,1848,54074.7,0,0
5,124.78,3.504,213.73,8.136,1823,54091.5,0,0
5,125.28,3.316,223.35,8.535,1798,54108.3,0,0
5,129.8,3.142,213.3,8.117,1773,54125.1,0,0
5,126.05,2.983,203.82,8.514,1748,54141.9,0,0
5,122.19,2.836,194.65,8.097,1773,54158.7,0,0
5,122.34,2.838,194.65,8.097,1773,54175.5,0,0
5,122.39,2.845,194.65,8.097,1773,54192.3,0,0
5,122.34,2.857,194.65,8.097,1773,54209.1,0,0
5,122.19,2.873,194.65,8.097,1773,54225.9,0,0
5,121.95,2.893,194.65,8.097,1773,54242.7,0,0
5,121.62,2.915,194.65,8.097,1773,54259.5,0,0
5,118.76,3.08,185.89,8.494,1798,54276.3,0,0
5,114.23,3.255,184.97,8.078,1773,54293.1,0,0
5,113.73,3.124,176.64,7.682,1798,54309.9,0,0
5,113.19,2.997,168.69,8.058,1823,54326.7,0,0
5,112.63,2.873,176.28,7.663,1848,54343.5,0,0
5,112.07,3.027,184.22,8.039,1823,54360.3,0,0
5,111.51,3.186,192.51,8.433,1798,54377.1,0,0
5,110.98,3.041,201.17,8.02,1823,54393.9,0,0
5,110.49,3.19,210.22,8.409,1798,54410.7,0,0
5,110.06,3.035,200.76,8.821,1823,54427.5,0,0
5,109.69,2.883,209.8,9.254,1848,54444.3,0,0
5,109.4,2.734,219.24,9.707,1823,54461.1,0,0
5,109.19,2.85,213.51,10.183,1798,54477.9,0,0
5,109.08,2.695,203.9,9.684,1823,54494.6,0,0
5,109.06,2.804,194.72,9.209,1848,54511.4,0,0
5,109.13,2.914,203.49,8.758,1823,54528.2,0,0
5,113.19,2.751,196.22,9.187,1848,54545.0,0,0
5,113.45,2.86,205.05,8.737,1873,54561.8,0,0
5,113.8,2.974,196.29,8.309,1848,54578.6,0,0
5,114.22,3.095,187.46,8.716,1873,54595.4,0,0
5,114.71,2.929,195.9,9.143,1848,54612.2,0,0
5,115.24,3.056,187.08,8.695,1873,54629.0,0,0
5,115.81,3.029,195.5,8.269,1898,54645.8,0,0
5,116.39,2.88,186.7,7.864,1873,54662.6,0,0
5,116.97,2.744,195.1,7.478,1848,54679.4,0,0
5,117.54,2.832,186.32,7.534,1823,54696.2,0,0
5,118.08,2.98,186.91,7.903,1848,54713.0,0,0
5,118.57,2.854,178.5,7.897,1873,54729.8,0,0
5,119.0,2.735,176.86,8.284,1848,54746.6,0,0
5,119.36,2.624,168.9,7.878,1823,54763.4,0,0
5,119.64,2.519,176.5,8.264,1848,54780.2,0,0
5,119.52,2.662,184.44,8.669,1823,54797.0,0,0
5,119.61,2.684,184.44,8.669,1823,54813.8,0,0
5,119.61,2.704,184.44,8.669,1823,54830.6,0,0
5,119.5,2.723,184.44,8.669,1823,54847.4,0,0
5,119.3,2.738,184.44,8.669,1823,54864.2,0,0
5,119.01,2.749,184.44,8.669,1823,54881.0,0,0
5,118.64,2.756,184.44,8.669,1823,54897.8,0,0
5,118.2,2.758,184.44,8.669,1823,54914.6,0,0
5,121.75,2.624,192.74,9.094,1798,54931.4,0,0
5,121.19,2.492,184.07,8.648,1823,54948.2,0,0
5,120.6,2.601,175.78,8.225,1798,54965.0,0,0
5,120.0,2.711,183.69,7.822,1823,54981.8,0,0
5,119.4,2.822,175.43,7.438,1848,54998.6,0,0
5,118.82,2.667,167.53,7.235,1873,55015.4,0,0
5,122.21,2.518,163.45,7.59,1848,55032.2,0,0
5,121.71,2.377,157.43,7.961,1873,55049.0,0,0
5,121.27,2.244,150.35,7.571,1898,55065.8,0,0
5,120.91,2.163,157.12,7.2,1873,55082.6,0,0
5,120.65,2.251,164.19,6.847,1898,55099.4,0,0
5,120.48,2.346,171.57,7.183,1873,55116.2,0,0
5,124.3,2.223,163.85,7.038,1848,55133.0,0,0
5,124.34,2.324,156.48,6.693,1823,55149.8,0,0
5,124.49,2.433,163.52,7.021,1848,55166.6,0,0
5,124.74,2.552,156.16,6.677,1873,55183.4,0,0
5,125.08,2.436,163.19,7.004,1848,55200.2,0,0
5,129.44,2.565,167.76,6.661,1823,55217.0,0,0
5,129.96,2.703,160.21,6.987,1848,55233.8,0,0
5,130.54,2.853,153.0,7.33,1823,55250.6,0,0
5,131.17,3.013,159.89,6.971,1848,55267.4,0,0
5,131.83,3.184,152.69,7.312,1873,55284.2,0,0
5,132.49,3.057,159.57,6.954,1848,55301.0,0,0
5,137.18,2.934,166.75,7.295,1873,55317.8,0,0
5,133.77,3.098,159.24,6.937,1898,55334.6,0,0
5,130.29,3.268,166.41,7.277,1923,55351.4,0,0
5,130.79,3.286,166.41,7.277,1923,55368.2,0,0
5,131.22,3.299,166.41,7.277,1923,55385.0,0,0
5,131.56,3.307,166.41,7.277,1923,55401.8,0,0
5,131.8,3.309,166.41,7.277,1923,55418.6,0,0
5,131.95,3.306,166.41,7.277,1923,55435.4,0,0
5,131.98,3.298,166.41,7.277,1923,55452.2,0,0
5,131.91,3.284,166.41,7.277,1923,55469.0,0,0
5,131.73,3.266,166.41,7.277,1923,55485.8,0,0
5,131.45,3.244,166.41,7.277,1923,55502.6,0,0
5,131.07,3.22,166.41,7.277,1923,55519.4,0,0
5,130.62,3.193,166.41,7.277,1923,55536.2,0,0
5,130.09,3.167,166.41,7.277,1923,55553.0,0,0
5,133.55,2.99,173.9,7.634,1948,55569.8,0,0
5,128.89,2.825,166.07,7.26,1923,55586.6,0,0
5,128.25,2.94,158.6,7.615,1898,55603.4,0,0
5,127.6,2.783,151.46,7.242,1923,55620.2,0,0
5,126.97,2.904,158.28,6.887,1898,55637.0,0,0
5,126.38,3.036,165.4,7.225,1923,55653.8,0,0
5,125.83,2.888,172.84,6.871,1898,55670.6,0,0
5,125.35,2.752,180.62,7.207,1873,55687.3,0,0
5,128.85,2.893,188.75,7.561,1848,55704.1,0,0
5,128.52,2.766,186.08,7.19,1873,55720.9,0,0
5,128.3,2.916,194.46,6.838,1848,55737.7,0,0
5,128.19,3.078,185.71,6.503,1823,55754.5,0,0
5,128.19,2.953,194.06,6.821,1848,55771.3,0,0
5,124.41,3.121,185.33,6.487,1873,55788.1,0,0
5,124.62,3.147,185.33,6.487,1873,55804.9,0,0
5,124.93,3.173,185.33,6.487,1873,55821.7,0,0
5,125.33,3.196,185.33,6.487,1873,55838.5,0,0
5,125.81,3.217,185.33,6.487,1873,55855.3,0,0
5,126.36,3.234,185.33,6.487,1873,55872.1,0,0
5,126.95,3.091,193.67,6.805,1898,55888.9,0,0
5,127.58,3.247,184.96,6.472,1873,55905.7,0,0
5,128.22,3.248,193.28,6.789,1869,55922.5,0,0
5,128.86,3.089,184.58,6.456,1844,55939.3,0,0
5,129.48,2.933,176.28,6.772,1869,55956.1,0,0
5,130.07,3.06,184.21,6.44,1844,55972.9,0,0
5,130.6,3.189,192.5,6.125,1869,55989.7,0,0
5,131.06,3.016,201.16,6.425,1894,56006.5,0,0
5,131.43,2.849,210.21,6.11,1869,56023.3,0,0
5,131.72,2.961,200.75,6.41,1844,56040.1,0,0
5,131.9,2.796,191.72,6.096,1869,56056.9,0,0
5,131.98,2.64,183.09,5.797,1894,56073.7,0,0
5,131.95,2.494,174.85,6.081,1869,56090.5,0,0
5,131.81,2.596,166.98,5.783,1871,56107.3,0,0
5,131.57,2.458,174.5,6.066,1896,56124.1,0,0
5,131.23,2.565,182.35,6.364,1871,56140.9,0,0
5,130.81,2.436,190.56,6.675,1846,56157.7,0,0
5,130.31,2.5,199.13,7.002,1871,56174.5,0,0
5,129.75,2.383,190.17,6.659,1896,56191.3,0,0
5,129.14,2.505,198.73,6.986,1871,56208.1,0,0
5,128.51,2.396,207.67,7.328,1896,56224.9,0,0
5,127.86,2.295,217.02,7.687,1921,56241.7,0,0
5,127.22,2.422,226.78,7.31,1896,56258.5,0,0
5,126.61,2.559,216.58,6.952,1871,56275.3,0,0
5,129.98,2.704,206.83,6.611,1896,56292.1,0,0
5,129.45,2.857,216.14,6.935,1871,56308.9,0,0
5,129.0,3.019,225.59,6.596,1846,56325.7,0,0
5,128.64,2.895,215.44,6.919,1871,56342.5,0,0
5,128.38,2.774,205.74,7.258,1896,56359.3,0,0
5,124.34,2.655,196.48,6.902,1871,56376.1,0,0
5,124.29,2.792,205.33,7.24,1896,56392.9,0,0
5,111.92,1.865,196.09,6.886,1921,56409.7,1,0
5,124.53,2.665,196.09,6.886,1921,56426.5,0,0
5,124.8,2.662,196.09,6.886,1921,56443.3,0,0
5,125.16,2.655,196.09,6.886,1921,56460.1,0,0
5,125.61,2.643,196.09,6.886,1921,56476.9,0,0
5,126.13,2.628,196.09,6.886,1921,56493.7,0,0
5,126.71,2.61,196.09,6.886,1921,56510.5,0,0
5,131.3,2.466,187.26,7.223,1946,56527.3,0,0
5,127.96,2.328,178.83,6.869,1921,56544.1,0,0
5,124.59,2.198,184.99,6.532,1896,56560.9,0,0
5,125.86,2.075,185.43,6.853,1921,56577.7,0,0
5,122.39,2.158,193.77,7.188,1896,56594.5,0,0
5,126.98,2.041,202.49,7.541,1921,56611.3,0,0
5,127.46,1.933,193.38,7.91,1946,56628.1,0,0
5,127.86,1.878,202.08,8.298,1921,56644.9,0,0
5,128.18,1.964,211.18,7.891,1946,56661.7,0,0
5,128.4,2.057,201.68,7.504,1971,56678.5,0,0
5,124.49,2.159,206.39,7.872,1996,56695.3,0,0
5,124.51,2.061,215.68,8.258,1971,56712.1,0,0
5,124.42,1.972,205.97,7.853,1996,56728.9,0,0
5,124.23,2.079,198.7,8.238,2021,56745.7,0,0
5,123.95,1.994,189.76,7.834,1996,56762.5,0,0
5,123.58,1.94,198.3,8.218,1971,56779.3,0,0
5,123.13,1.862,189.38,7.816,1946,56796.1,0,0
5,122.63,1.968,197.9,7.433,1921,56812.9,0,0
5,122.07,1.984,197.9,7.433,1921,56829.7,0,0
5,121.48,1.999,197.9,7.433,1921,56846.5,0,0
5,120.87,2.011,197.9,7.433,1921,56863.3,0,0
5,120.27,2.022,197.9,7.433,1921,56880.1,0,0
5,119.68,2.029,197.9,7.433,1921,56896.8,0,0
5,119.12,2.033,197.9,7.433,1921,56913.6,0,0
5,118.62,2.034,197.9,7.433,1921,56930.4,0,0
5,118.18,2.031,197.9,7.433,1921,56947.2,0,0
5,117.81,2.025,197.9,7.433,1921,56964.0,0,0
5,117.53,2.016,197.9,7.433,1921,56980.8,0,0
5,117.35,2.004,197.9,7.433,1921,56997.6,0,0
5,117.27,1.991,197.9,7.433,1921,57014.4,0,0
5,117.28,1.975,197.9,7.433,1921,57031.2,0,0
5,117.4,1.959,197.9,7.433,1921,57048.0,0,0
5,121.51,1.849,188.99,7.797,1896,57064.8,0,0
5,125.73,1.746,180.49,8.179,1871,57081.6,0,0
5,126.15,1.733,180.49,8.179,1871,57098.4,0,0
5,126.65,1.722,180.49,8.179,1871,57115.2,0,0
5,127.21,1.712,180.49,8.179,1871,57132.0,0,0
5,127.81,1.706,180.49,8.179,1871,57148.8,0,0
5,128.45,1.702,180.49,8.179,1871,57165.6,0,0
5,129.1,1.702,180.49,8.179,1871,57182.4,0,0
5,129.74,1.704,180.49,8.179,1871,57199.2,0,0
5,134.4,1.792,177.95,8.58,1846,57216.0,0,0
5,130.94,1.887,185.96,9.0,1821,57232.8,0,0
5,131.46,1.899,185.96,9.0,1821,57249.6,0,0
5,131.9,1.913,185.96,9.0,1821,57266.4,0,0
5,132.27,1.928,185.96,9.0,1821,57283.2,0,0
5,132.53,1.944,185.96,9.0,1821,57300.0,0,0
5,132.7,1.96,185.96,9.0,1821,57316.8,0,0
5,132.75,1.976,185.96,9.0,1821,57333.6,0,0
5,132.7,1.991,185.96,9.0,1821,57350.4,0,0
5,132.54,2.003,185.96,9.0,1821,57367.2,0,0
5,132.28,2.013,185.96,9.0,1821,57384.0,0,0
5,131.92,2.02,185.96,9.0,1821,57400.8,0,0
5,131.48,2.024,185.96,9.0,1821,57417.6,0,0
5,130.97,2.024,185.96,9.0,1821,57434.4,0,0
5,130.39,2.021,185.96,9.0,1821,57451.2,0,0
5,129.77,2.015,185.96,9.0,1821,57468.0,0,0
5,129.13,2.102,194.32,9.441,1796,57484.8,0,0
5,128.48,2.19,185.58,8.978,1821,57501.6,0,0
5,127.85,2.137,177.23,8.538,1846,57518.4,0,0
5,127.24,2.019,169.25,8.12,1871,57535.2,0,0
5,126.68,1.906,161.64,8.518,1846,57552.0,0,0
5,130.09,1.926,168.91,8.934,1871,57568.8,0,0
5,129.66,2.002,161.31,8.496,1896,57585.6,0,0
5,129.31,2.083,154.05,8.08,1871,57602.4,0,0
5,129.07,1.97,160.98,7.684,1846,57619.2,0,0
5,128.93,2.053,168.23,8.06,1821,57636.0,0,0
5,128.91,2.144,160.66,7.665,1796,57652.8,0,0
5,128.99,2.242,153.43,7.29,1778,57669.6,0,0
5,129.19,2.35,146.52,6.933,1803,57686.4,0,0
5,125.59,2.467,153.12,7.272,1778,57703.2,0,0
5,125.97,2.594,160.01,7.364,1753,57720.0,0,0
5,126.44,2.732,154.19,7.725,1778,57736.8,0,0
5,126.98,2.881,161.12,8.104,1803,57753.6,0,0
5,127.56,2.763,168.38,8.442,1778,57770.4,0,0
5,128.19,2.651,175.95,8.856,1803,57787.2,0,0
5,128.84,2.802,183.87,8.422,1828,57804.0,0,0
5,129.48,2.961,192.14,8.835,1803,57820.8,0,0
5,134.15,3.128,183.5,8.402,1778,57837.6,0,0
5,138.82,3.302,191.75,8.813,1753,57854.4,0,0
5,139.4,3.481,200.38,9.245,1778,57871.2,0,0
5,139.91,3.666,191.37,8.792,1803,57888.0,0,0
5,140.33,3.502,199.98,9.223,1797,57904.8,0,0
5,140.66,3.564,190.98,9.675,1772,57921.6,0,0
5,140.88,3.393,199.57,10.149,1797,57938.4,0,0
5,140.98,3.551,190.59,9.652,1772,57955.2,0,0
5,136.86,3.369,182.02,9.179,1797,57972.0,0,0
5,136.74,3.514,173.83,8.729,1810,57988.8,0,0
5,136.51,3.661,166.0,8.301,1835,58005.6,0,0
5,136.18,3.669,173.47,8.708,1860,58022.4,0,0
5,135.76,3.481,181.28,9.135,1835,58039.2,0,0
5,135.25,3.618,189.44,9.582,1860,58056.0,0,0
5,130.63,3.76,180.91,10.052,1844,58072.8,0,0
5,130.03,3.55,189.05,10.544,1819,58089.5,0,0
5,129.39,3.41,197.56,10.028,1794,58106.3,0,0
5,128.75,3.551,188.67,9.536,1819,58123.1,0,0
5,128.1,3.363,197.16,10.004,1794,58139.9,0,0
5,127.48,3.19,188.29,10.494,1769,58156.7,0,0
5,126.9,3.337,196.76,11.008,1794,58173.5,0,0
5,126.37,3.177,187.91,10.469,1819,58190.3,0,0
5,125.92,3.03,179.45,9.956,1794,58207.1,0,0
5,125.54,3.186,171.38,9.468,1819,58223.9,0,0
5,125.27,3.049,179.09,9.932,1844,58240.7,0,0
5,125.09,2.921,171.03,10.418,1819,58257.5,0,0
5,125.02,3.084,163.33,9.908,1794,58274.3,0,0
5,125.06,2.96,170.68,10.393,1819,58291.1,0,0
5,121.32,3.128,163.0,10.903,1844,58307.9,0,0
5,121.57,3.154,163.0,10.903,1844,58324.7,0,0
5,121.9,3.179,163.0,10.903,1844,58341.5,0,0
5,141.62,3.958,143.0,8.903,1844,58358.3,0,1
5,122.82,3.221,163.0,10.903,1844,58375.1,0,0
5,123.37,3.236,163.0,10.903,1844,58391.9,0,0
5,123.96,3.247,163.0,10.903,1844,58408.7,0,0
5,124.58,3.252,163.0,10.903,1844,58425.5,0,0
5,121.2,3.096,170.34,10.368,1819,58442.3,0,0
5,121.8,3.239,162.67,9.86,1794,58459.1,0,0
5,122.38,3.073,169.99,10.344,1819,58475.9,0,0
5,122.91,2.912,176.92,10.237,1794,58492.7,0,0
5,123.38,2.755,184.88,10.739,1795,58509.5,0,0
5,126.25,2.604,193.2,11.265,1770,58526.3,0,0
5,130.69,2.46,184.51,11.817,1795,58543.1,0,0
5,135.05,2.556,192.81,12.396,1820,58559.9,0,0
5,135.19,2.657,201.49,12.623,1795,58576.7,0,0
5,135.23,2.762,197.26,12.004,1820,58593.5,0,0
5,135.16,2.873,206.14,11.416,1804,58610.3,0,0
5,134.97,2.718,215.41,10.857,1829,58627.1,0,0
5,134.69,2.834,225.1,10.4,1854,58643.9,0,0
5,134.31,2.81,223.59,9.89,1829,58660.7,0,0
5,133.84,2.671,213.53,9.406,1854,58677.5,0,0
5,133.3,2.799,223.14,9.867,1879,58694.3,0,0
5,132.71,2.67,213.1,10.35,1904,58711.1,0,0
5,132.07,2.808,222.69,9.851,1879,58727.9,0,0
5,131.41,2.687,212.67,9.368,1854,58744.7,0,0
5,130.75,2.575,222.24,9.827,1879,58761.5,0,0
5,130.11,2.47,219.99,10.308,1854,58778.3,0,0
5,129.5,2.37,210.09,10.201,1879,58795.1,0,0
5,128.94,2.505,200.64,9.701,1854,58811.9,0,0
5,132.36,2.647,209.66,9.226,1829,58828.7,0,0
5,131.93,2.668,209.66,9.226,1829,58845.5,0,0
5,131.6,2.687,209.66,9.226,1829,58862.3,0,0
5,131.37,2.703,209.66,9.226,1829,58879.1,0,0
5,131.25,2.716,209.66,9.226,1829,58895.9,0,0
5,131.25,2.724,209.66,9.226,1829,58912.7,0,0
5,131.36,2.728,209.66,9.226,1829,58929.5,0,0
5,131.58,2.728,209.66,9.226,1829,58946.3,0,0
5,131.9,2.723,209.66,9.226,1829,58963.1,0,0
5,132.32,2.713,209.66,9.226,1829,58979.9,0,0
5,132.83,2.83,200.23,8.774,1804,58996.7,0,0
5,133.4,2.677,191.22,8.344,1779,59013.5,0,0
5,134.03,2.786,199.82,8.753,1804,59030.3,0,0
5,134.69,2.631,204.85,8.324,1829,59047.1,0,0
5,135.37,2.484,214.07,8.731,1854,59063.9,0,0
5,136.05,2.581,223.7,8.304,1829,59080.7,0,0
5,136.7,2.684,213.64,8.711,1854,59097.5,0,0
5,137.32,2.792,223.25,8.284,1829,59114.3,0,0
5,137.88,2.642,221.39,8.69,1854,59131.1,0,0
5,138.37,2.502,231.35,9.115,1829,59147.9,0,0
5,138.77,2.614,220.94,9.562,1804,59164.7,0,0
5,139.07,2.596,211.0,9.094,1829,59181.5,0,0
5,139.26,2.472,220.5,9.539,1854,59198.3,0,0
5,139.35,2.595,210.57,9.072,1858,59215.1,0,0
5,139.32,2.73,201.1,8.627,1883,59231.9,0,0
5,139.17,2.613,210.15,9.05,1858,59248.7,0,0
5,138.92,2.504,200.69,9.217,1883,59265.5,0,0
5,138.57,2.644,202.61,8.765,1858,59282.2,0,0
5,138.12,2.538,205.96,8.335,1883,59299.0,0,0
5,133.52,2.682,215.23,8.744,1908,59315.8,0,0
5,132.95,2.574,205.54,8.315,1883,59332.6,0,0
5,132.33,2.47,214.79,8.723,1858,59349.4,0,0
5,131.68,2.607,210.67,9.007,1883,59366.2,0,0
5,131.02,2.748,220.15,9.449,1908,59383.0,0,0
5,130.37,2.893,210.24,8.986,1883,59399.8,0,0
5,129.74,2.762,219.7,9.426,1908,59416.6,0,0
5,131.15,2.899,209.82,8.964,1933,59433.4,0,0
5,130.62,2.759,217.3,8.525,1908,59450.2,0,0
5,130.16,2.886,227.08,8.943,1883,59467.0,0,0
5,129.79,3.013,237.3,9.381,1908,59483.8,0,0
5,129.53,3.142,247.98,8.921,1883,59500.6,0,0
5,129.37,3.273,236.82,8.484,1858,59517.4,0,0
5,129.32,3.405,234.0,8.9,1883,59534.2,0,0
5,125.5,3.216,244.53,8.464,1858,59551.0,0,0
5,129.55,3.342,233.52,8.878,1883,59567.8,0,0
5,129.83,3.314,233.52,8.878,1883,59584.6,0,0
5,130.21,3.288,233.52,8.878,1883,59601.4,0,0
5,130.68,3.264,233.52,8.878,1883,59618.2,0,0
5,131.22,3.244,233.52,8.878,1883,59635.0,0,0
5,131.82,3.229,233.52,8.878,1883,59651.8,0,0
5,128.48,3.373,233.63,8.443,1858,59668.6,0,0
5,129.13,3.206,237.34,8.03,1883,59685.4,0,0
5,129.78,3.361,226.66,8.423,1908,59702.2,0,0
5,130.42,3.497,236.86,8.01,1933,59719.0,0,0
5,131.02,3.342,226.2,8.403,1958,59735.8,0,0
5,131.58,3.521,236.38,8.815,1983,59752.6,0,0
5,132.08,3.715,225.75,8.383,1958,59769.4,0,0
5,132.49,3.86,215.59,7.972,1933,59786.2,0,0
5,128.71,4.079,205.89,7.581,1958,59803.0,0,0
5,133.05,3.915,196.62,7.953,1983,59819.8,0,0
5,129.05,4.137,187.77,7.563,1958,59836.6,0,0
5,133.19,3.969,179.32,7.193,1933,59853.4,0,0
5,133.1,3.997,179.32,7.193,1933,59870.2,0,0
5,132.9,4.02,179.32,7.193,1933,59887.0,0,0
5,132.59,4.038,179.32,7.193,1933,59903.8,0,0
5,132.2,4.05,179.32,7.193,1933,59920.6,0,0
5,118.55,2.838,179.32,7.193,1933,59937.4,1,0
5,131.18,4.053,179.32,7.193,1933,59954.2,0,0
5,130.59,4.044,179.32,7.193,1933,59971.0,0,0
5,129.96,4.03,179.32,7.193,1933,59987.8,0,0
5,129.31,4.009,179.32,7.193,1933,60004.6,0,0
5,128.66,3.983,179.32,7.193,1933,60021.4,0,0
5,128.03,3.954,179.32,7.193,1933,60038.2,0,0
5,123.5,3.734,187.39,7.545,1958,60055.0,0,0
5,122.97,3.526,178.96,7.512,1983,60071.8,0,0
5,122.51,3.664,170.91,7.144,1958,60088.6,0,0
5,122.13,3.461,171.56,7.494,1983,60105.4,0,0
5,121.84,3.271,179.28,7.526,1958,60122.2,0,0
5,121.65,3.095,187.35,7.895,1933,60139.0,0,0
5,121.56,3.229,178.92,7.508,1958,60155.8,0,0
5,121.58,3.373,180.49,7.876,1933,60172.6,0,0
5,125.59,3.207,188.61,7.49,1908,60189.4,0,0
5,125.82,3.055,180.13,7.857,1933,60206.2,0,0
5,126.15,3.209,172.02,7.472,1908,60223.0,0,0
5,126.57,3.067,179.76,7.838,1933,60239.8,0,0
5,127.06,3.232,171.67,7.454,1958,60256.6,0,0
5,127.62,3.098,163.95,7.089,1933,60273.4,0,0
5,128.23,3.272,171.33,7.436,1908,60290.2,0,0
5,128.87,3.457,179.04,7.801,1933,60307.0,0,0
5,133.52,3.653,187.09,7.419,1908,60323.8,0,0
5,130.16,3.507,178.67,7.317,1883,60340.6,0,0
5,130.78,3.534,178.67,7.317,1883,60357.4,0,0
5,131.36,3.558,178.67,7.317,1883,60374.2,0,0
5,131.89,3.578,178.67,7.317,1883,60391.0,0,0
5,132.34,3.594,178.67,7.317,1883,60407.8,0,0
5,132.7,3.604,178.67,7.317,1883,60424.6,0,0
5,132.97,3.608,178.67,7.317,1883,60441.4,0,0
5,133.14,3.606,178.67,7.317,1883,60458.2,0,0
5,133.2,3.598,178.67,7.317,1883,60474.9,0,0
5,133.15,3.412,170.63,6.958,1908,60491.7,0,0
5,132.99,3.231,178.31,7.299,1883,60508.5,0,0
5,132.73,3.056,186.33,7.508,1875,60525.3,0,0
5,132.37,2.888,194.72,7.14,1850,60542.1,0,0
5,131.93,2.727,185.96,7.49,1875,60558.9,0,0
5,127.35,2.835,194.33,7.857,1900,60575.7,0,0
5,130.83,2.946,185.58,8.242,1925,60592.5,0,0
5,134.24,3.063,177.23,8.646,1950,60609.3,0,0
5,131.99,3.188,185.21,8.583,1925,60626.1,0,0
5,127.34,3.016,193.54,9.003,1900,60642.9,0,0
5,126.71,3.003,193.54,9.003,1900,60659.7,0,0
5,126.11,2.994,193.54,9.003,1900,60676.5,0,0
5,125.55,2.991,193.54,9.003,1900,60693.3,0,0
5,125.05,2.993,193.54,9.003,1900,60710.1,0,0
5,124.63,3.0,193.54,9.003,1900,60726.9,0,0
5,124.3,3.012,193.54,9.003,1900,60743.7,0,0
5,124.06,2.884,184.83,8.85,1925,60760.5,0,0
5,123.93,2.93,176.51,8.416,1950,60777.3,0,0
5,123.9,3.095,184.46,8.828,1925,60794.1,0,0
5,123.99,3.27,176.16,8.396,1900,60810.9,0,0
5,124.17,3.139,184.08,8.807,1875,60827.7,0,0
5,120.56,3.317,192.37,9.239,1850,60844.5,0,0
5,120.93,3.503,183.71,8.786,1875,60861.3,0,0
5,121.38,3.696,189.64,9.217,1900,60878.1,0,0
5,121.89,3.538,181.1,9.668,1878,60894.9,0,0
5,122.45,3.724,189.25,10.142,1853,60911.7,0,0
5,123.05,3.554,180.74,9.645,1828,60928.5,0,0
5,123.67,3.729,172.6,9.172,1853,60945.3,0,0
5,124.29,3.547,180.37,9.622,1828,60962.1,0,0
5,124.9,3.369,172.26,9.15,1853,60978.9,0,0
5,125.47,3.195,164.5,8.702,1878,60995.7,0,0
5,126.0,3.33,157.1,8.276,1853,61012.5,0,0
5,126.46,3.15,150.03,7.976,1878,61029.3,0,0
5,126.84,3.276,156.78,8.366,1903,61046.1,0,0
5,123.03,3.406,163.84,8.776,1928,61062.9,0,0
5,126.37,3.54,156.47,8.346,1903,61079.7,0,0
5,126.47,3.51,156.47,8.346,1903,61096.5,0,0
5,126.46,3.483,156.47,8.346,1903,61113.3,0,0
5,126.36,3.459,156.47,8.346,1903,61130.1,0,0
5,126.15,3.439,156.47,8.346,1903,61146.9,0,0
5,125.84,3.423,156.47,8.346,1903,61163.7,0,0
5,125.45,3.414,156.47,8.346,1903,61180.5,0,0
5,124.99,3.41,156.47,8.346,1903,61197.3,0,0
5,124.46,3.413,156.47,8.346,1903,61214.1,0,0
5,123.89,3.422,156.47,8.346,1903,61230.9,0,0
5,123.29,3.437,156.47,8.346,1903,61247.7,0,0
5,122.67,3.456,156.47,8.346,1903,61264.5,0,0
5,122.06,3.48,156.47,8.346,1903,61281.3,0,0
5,121.46,3.507,156.47,8.346,1903,61298.1,0,0
5,116.97,3.367,149.42,7.937,1878,61314.9,0,0
5,116.48,3.395,149.42,7.937,1878,61331.7,0,0
5,116.06,3.423,149.42,7.937,1878,61348.5,0,0
5,115.72,3.449,149.42,7.937,1878,61365.3,0,0
5,115.46,3.472,149.42,7.937,1878,61382.1,0,0
5,115.3,3.491,149.42,7.937,1878,61398.9,0,0
5,115.23,3.505,149.42,7.937,1878,61415.7,0,0
5,119.15,3.345,156.15,7.548,1903,61432.5,0,0
5,119.29,3.509,163.18,7.918,1928,61449.3,0,0
5,119.53,3.338,170.52,8.306,1903,61466.1,0,0
5,119.86,3.489,162.84,7.899,1928,61482.9,0,0
5,120.27,3.642,170.17,7.684,1953,61499.7,0,0
5,120.75,3.796,177.83,8.061,1928,61516.5,0,0
5,121.3,3.59,185.83,8.456,1953,61533.3,0,0
5,121.88,3.734,177.47,8.607,1978,61550.1,0,0
5,122.49,3.526,169.48,8.185,1980,61566.9,0,0
5,119.1,3.329,161.86,7.784,2005,61583.7,0,0
5,119.69,3.143,169.14,8.166,2030,61600.5,0,0
5,120.25,2.969,176.75,7.766,2055,61617.3,0,0
5,120.77,2.807,168.8,8.146,2030,61634.1,0,0
5,121.24,2.925,176.39,7.747,2005,61650.9,0,0
5,121.64,2.772,168.46,7.367,2030,61667.7,0,0
5,121.96,2.898,160.88,7.675,2005,61684.4,0,0
5,122.19,3.034,168.12,8.051,1980,61701.2,0,0
5,122.32,3.183,175.68,8.445,2005,61718.0,0,0
5,122.36,3.345,167.78,8.032,1980,61734.8,0,0
5,126.41,3.521,175.33,7.703,1955,61751.6,0,0
5,126.24,3.711,167.44,8.08,1930,61768.4,0,0
5,125.98,3.558,159.9,7.684,1955,61785.2,0,0
5,125.62,3.758,167.1,7.308,1930,61802.0,0,0
5,125.19,3.607,159.58,6.95,1905,61818.8,0,0
5,128.74,3.812,166.76,7.29,1880,61835.6,0,0
5,124.13,3.804,174.26,7.647,1855,61852.4,0,0
5,127.56,3.649,182.1,8.022,1880,61869.2,0,0
5,122.92,3.497,173.91,7.629,1905,61886.0,0,0
5,122.3,3.347,166.08,7.255,1880,61902.8,0,0
5,121.7,3.263,173.56,7.611,1855,61919.6,0,0
5,121.13,3.114,165.75,7.984,1830,61936.4,0,0
5,120.6,2.966,173.21,8.375,1855,61953.2,0,0
5,120.14,3.106,181.0,8.785,1880,61970.0,0,0
5,119.75,2.949,172.85,8.355,1905,61986.8,0,0
5,119.45,2.796,165.08,7.945,1930,62003.6,0,0
5,119.24,2.914,172.5,8.335,1905,62020.4,0,0
5,123.01,2.755,180.27,8.743,1880,62037.2,0,0
5,119.12,2.866,188.38,9.171,1855,62054.0,0,0
5,119.22,2.843,188.38,9.171,1855,62070.8,0,0
5,119.42,2.819,188.38,9.171,1855,62087.6,0,0
5,119.71,2.796,188.38,9.171,1855,62104.4,0,0
5,120.1,2.774,188.38,9.171,1855,62121.2,0,0
5,120.55,2.755,188.38,9.171,1855,62138.0,0,0
5,121.07,2.74,188.38,9.171,1855,62154.8,0,0
5,121.64,2.728,188.38,9.171,1855,62171.6,0,0
5,122.24,2.721,188.38,9.171,1855,62188.4,0,0
5,122.86,2.85,196.86,9.621,1830,62205.2,0,0
5,123.47,2.99,205.72,9.149,1855,62222.0,0,0
5,124.07,2.855,196.46,8.701,1880,62238.8,0,0
5,124.63,3.005,187.62,8.275,1855,62255.6,0,0
5,125.14,3.168,179.17,8.68,1880,62272.4,0,0
5,125.58,3.344,187.24,9.105,1905,62289.2,0,0
5,125.94,3.532,195.66,9.552,1903,62306.0,0,0
5,126.22,3.4,186.86,9.586,1928,62322.8,0,0
5,126.4,3.264,178.45,9.116,1903,62339.6,0,0
5,126.48,3.132,186.48,8.669,1878,62356.4,0,0
5,126.45,3.184,188.78,9.094,1853,62373.2,0,0
5,126.32,3.358,180.29,9.54,1878,62390.0,0,0
5,126.1,3.214,188.4,9.072,1903,62406.8,0,0
5,125.77,3.381,196.88,9.517,1928,62423.6,0,0
5,125.37,3.552,205.74,9.983,1953,62440.4,0,0
5,124.89,3.383,196.48,10.472,1928,62457.2,0,0
5,128.41,3.218,187.64,9.959,1903,62474.0,0,0
5,127.81,3.209,187.64,9.959,1903,62490.8,0,0
5,127.18,3.195,187.64,9.959,1903,62507.6,0,0
5,126.54,3.177,187.64,9.959,1903,62524.4,0,0
5,125.91,3.156,187.64,9.959,1903,62541.2,0,0
5,125.31,3.132,187.64,9.959,1903,62558.0,0,0
5,120.81,3.255,196.08,10.447,1928,62574.8,0,0
5,124.24,3.383,204.9,9.935,1903,62591.6,0,0
5,123.8,3.516,214.12,10.422,1928,62608.4,0,0
5,123.45,3.467,204.49,9.911,1903,62625.2,0,0
5,123.2,3.278,195.29,9.426,1878,62642.0,0,0
5,123.04,3.104,187.29,9.888,1853,62658.8,0,0
5,122.99,3.239,192.98,9.403,1878,62675.6,0,0
5,126.93,3.076,184.29,8.942,1853,62692.4,0,0
5,127.1,2.927,192.59,8.504,1878,62709.2,0,0
5,127.38,2.79,201.25,8.921,1853,62726.0,0,0
5,127.75,2.664,206.24,9.358,1828,62742.8,0,0
5,128.2,2.548,215.52,9.817,1853,62759.6,0,0
5,132.67,2.686,205.82,9.335,1878,62776.4,0,0
5,133.27,2.835,215.09,8.878,1853,62793.2,0,0
5,133.92,2.917,224.77,9.313,1828,62810.0,0,0
5,134.59,2.8,214.65,8.857,1803,62826.8,0,0
5,135.27,2.959,204.99,8.423,1828,62843.6,0,0
5,135.93,2.84,214.22,8.01,1853,62860.4,0,0
5,136.57,2.724,223.86,8.403,1878,62877.1,0,0
5,137.15,2.873,213.78,7.991,1903,62893.9,0,0
5,137.67,3.026,223.4,8.382,1928,62910.7,0,0
5,142.2,2.892,213.35,7.972,1903,62927.5,0,0
5,146.66,3.037,203.75,8.362,1878,62944.3,0,0
5,146.92,3.039,203.75,8.362,1878,62961.1,0,0
5,147.05,3.035,203.75,8.362,1878,62977.9,0,0
5,147.07,3.026,203.75,8.362,1878,62994.7,0,0
5,146.97,3.013,203.75,8.362,1878,63011.5,0,0
5,146.75,2.996,203.75,8.362,1878,63028.3,0,0
5,146.42,2.975,203.75,8.362,1878,63045.1,0,0
5,150.0,3.094,194.58,7.952,1853,63061.9,0,0
5,148.27,2.922,203.34,7.563,1878,63078.7,0,0
5,147.66,2.897,203.34,7.563,1878,63095.5,0,0
5,146.99,2.874,203.34,7.563,1878,63112.3,0,0
5,146.28,2.852,203.34,7.563,1878,63129.1,0,0
5,145.55,2.833,203.34,7.563,1878,63145.9,0,0
5,140.84,2.682,212.49,7.933,1903,63162.7,0,0
5,140.15,2.569,222.05,7.545,1878,63179.5,0,0
5,139.5,2.686,212.06,7.175,1853,63196.3,0,0
5,138.91,2.556,202.51,6.823,1828,63213.1,0,0
5,138.39,2.683,193.4,7.158,1853,63229.9,0,0
5,137.96,2.82,202.1,7.508,1878,63246.7,0,0
5,137.63,2.97,193.01,7.141,1853,63263.5,0,0
5,137.41,3.056,184.32,7.49,1878,63280.3,0,0
5,137.31,3.226,176.03,7.123,1903,63297.1,0,0
5,137.33,3.095,183.95,6.774,1878,63313.9,0,0
5,137.46,3.183,175.67,7.106,1853,63330.7,0,0
5,137.72,3.056,183.58,7.455,1878,63347.5,0,0
5,138.07,2.933,177.6,7.089,1853,63364.3,0,0
5,138.53,3.096,169.61,6.742,1828,63381.1,0,0
5,139.07,3.265,177.24,6.412,1853,63397.9,0,0
5,135.74,3.439,185.22,6.097,1878,63414.7,0,0
5,136.38,3.618,176.88,5.799,1853,63431.5,0,0
5,137.06,3.451,184.84,6.083,1828,63448.3,0,0
5,137.75,3.618,193.16,6.381,1853,63465.1,0,0
5,138.44,3.44,184.47,6.068,1828,63481.9,0,0
5,139.1,3.265,191.93,6.365,1853,63498.7,0,0
5,139.72,3.193,183.3,6.054,1878,63515.5,0,0
5,140.27,3.327,175.05,5.757,1853,63532.3,0,0
5,140.75,3.463,167.17,5.475,1878,63549.1,0,0
5,141.14,3.271,174.69,5.743,1903,63565.9,0,0
5,141.43,3.389,182.56,6.025,1928,63582.7,0,0
5,141.61,3.2,174.34,5.729,1953,63599.5,0,0
5,141.68,3.021,182.19,5.449,1950,63616.3,0,0
5,141.62,2.855,185.95,5.716,1934,63633.1,0,0
5,141.46,2.7,194.31,5.996,1909,63649.9,0,0
5,137.08,2.814,203.06,6.289,1884,63666.7,0,0
5,136.71,2.804,203.06,6.289,1884,63683.5,0,0
5,136.25,2.798,203.06,6.289,1884,63700.3,0,0
5,135.72,2.797,203.06,6.289,1884,63717.1,0,0
5,135.13,2.801,203.06,6.289,1884,63733.9,0,0
5,134.49,2.81,203.06,6.289,1884,63750.7,0,0
5,133.82,2.824,203.06,6.289,1884,63767.5,0,0
5,133.15,2.841,203.06,6.289,1884,63784.3,0,0
5,132.49,2.862,203.06,6.289,1884,63801.1,0,0
5,131.86,3.024,212.2,6.598,1859,63817.9,0,0
5,131.28,2.903,213.66,6.274,1834,63834.7,0,0
5,130.76,2.786,204.05,5.967,1859,63851.5,0,0
5,130.32,2.811,194.86,6.197,1834,63868.3,0,0
5,129.97,2.967,186.09,5.893,1859,63885.1,0,0
5,129.72,2.842,177.72,6.182,1884,63901.9,0,0
5,125.69,2.719,169.72,6.485,1909,63918.7,0,0
5,129.55,2.598,162.09,6.167,1934,63935.5,0,0
5,125.75,2.478,169.38,6.469,1959,63952.3,0,0
5,125.94,2.597,161.76,6.152,1984,63969.1,0,0
5,126.23,2.718,169.04,6.454,1959,63985.9,0,0
5,126.61,2.84,161.43,6.137,1934,64002.7,0,0
5,127.07,2.691,154.17,5.837,1959,64019.5,0,0
5,127.61,2.803,161.1,6.123,1934,64036.3,0,0
5,128.2,2.918,168.35,5.823,1909,64053.1,0,0
5,128.83,2.756,160.78,5.537,1884,64069.8,0,0
5,125.48,2.602,153.54,5.809,1909,64086.6,0,0
5,122.09,2.456,147.28,6.093,1884,64103.4,0,0
5,122.69,2.468,140.66,6.392,1909,64120.2,0,0
5,123.25,2.568,134.33,6.705,1934,64137.0,0,0
5,123.77,2.429,128.28,7.034,1909,64153.8,0,0
5,124.22,2.3,134.05,6.689,1934,64170.6,0,0
5,124.6,2.401,140.09,7.017,1959,64187.4,0,0
5,124.89,2.512,146.39,7.361,1934,64204.2,0,0
5,125.09,2.391,152.98,7.0,1909,64221.0,0,0
5,125.19,2.51,146.09,6.657,1884,64237.8,0,0
5,125.18,2.518,146.09,6.657,1884,64254.6,0,0
5,125.08,2.531,146.09,6.657,1884,64271.4,0,0
5,124.87,2.547,146.09,6.657,1884,64288.2,0,0
5,124.57,2.565,146.09,6.657,1884,64305.0,0,0
5,124.19,2.586,146.09,6.657,1884,64321.8,0,0
5,123.73,2.608,146.09,6.657,1884,64338.6,0,0
5,123.21,2.756,152.67,6.983,1859,64355.4,0,0
5,122.64,2.82,159.54,7.325,1834,64372.2,0,0
5,122.05,2.704,152.36,6.966,1809,64389.0,0,0
5,121.43,2.851,145.5,6.625,1834,64405.8,0,0
5,120.83,2.727,152.05,6.95,1859,64422.6,0,0
5,120.24,2.868,145.21,6.609,1884,64439.4,0,0
5,119.69,2.803,138.67,6.525,1902,64456.2,0,0
5,119.19,2.905,144.91,6.205,1877,64473.0,0,0
5,118.76,3.039,151.43,6.509,1852,64489.8,0,0
5,118.41,3.175,153.03,6.19,1832,64506.6,0,0
5,114.25,3.312,146.15,5.887,1807,64523.4,0,0
5,114.09,3.292,146.15,5.887,1807,64540.2,0,0
5,114.02,3.269,146.15,5.887,1807,64557.0,0,0
5,114.06,3.243,146.15,5.887,1807,64573.8,0,0
5,114.19,3.216,146.15,5.887,1807,64590.6,0,0
5,114.42,3.19,146.15,5.887,1807,64607.4,0,0
5,114.73,3.012,152.72,6.175,1832,64624.2,0,0
5,115.13,3.133,159.6,6.478,1857,64641.0,0,0
5,115.59,3.263,152.41,6.16,1832,64657.8,0,0
5,116.11,3.402,159.27,6.462,1839,64674.6,0,0
5,116.66,3.552,152.1,6.779,1814,64691.4,0,0
5,117.25,3.376,158.95,7.111,1789,64708.2,0,0
5,113.83,3.214,166.1,7.46,1764,64725.0,0,0
5,110.36,3.374,173.58,7.825,1739,64741.8,0,0
5,110.88,3.223,181.39,8.208,1742,64758.6,0,0
5,111.37,3.299,189.55,8.611,1767,64775.4,0,0
5,111.8,3.161,198.08,8.189,1792,64792.2,0,0
5,112.17,3.031,194.78,8.59,1767,64809.0,0,0
5,112.46,2.909,187.72,8.169,1742,64825.8,0,0
5,112.68,3.075,179.27,7.769,1767,64842.6,0,0
5,112.8,3.249,187.34,8.15,1742,64859.4,0,0
5,112.84,3.432,195.77,8.549,1717,64876.2,0,0
5,112.78,3.622,186.96,8.13,1692,64893.0,0,0
5,112.63,3.469,178.55,8.528,1717,64909.8,0,0
5,112.39,3.319,170.51,8.946,1692,64926.6,0,0
5,112.07,3.17,178.19,8.508,1717,64943.4,0,0
5,107.61,3.022,175.85,8.925,1742,64960.2,0,0
5,107.18,3.167,183.77,8.487,1767,64977.0,0,0
5,106.7,3.314,192.04,8.072,1742,64993.8,0,0
5,106.19,3.144,183.39,7.676,1717,65010.6,0,0
5,105.66,2.979,191.65,8.052,1742,65027.4,0,0
5,105.13,2.818,200.27,8.447,1717,65044.2,0,0
5,104.61,2.798,200.27,8.447,1717,65061.0,0,0
5,104.12,2.776,200.27,8.447,1717,65077.8,0,0
5,103.67,2.753,200.27,8.447,1717,65094.6,0,0
5,103.27,2.73,200.27,8.447,1717,65111.4,0,0
5,102.93,2.709,200.27,8.447,1717,65128.2,0,0
5,106.56,2.818,191.26,8.033,1742,65145.0,0,0
5,106.38,2.8,191.26,8.033,1742,65161.8,0,0
5,106.28,2.786,191.26,8.033,1742,65178.6,0,0
5,106.27,2.776,191.26,8.033,1742,65195.4,0,0
5,106.36,2.772,191.26,8.033,1742,65212.2,0,0
5,106.53,2.772,191.26,8.033,1742,65229.0,0,0
5,106.8,2.777,191.26,8.033,1742,65245.8,0,0
5,107.13,2.788,191.26,8.033,1742,65262.6,0,0
5,111.47,2.668,182.65,7.639,1767,65279.3,0,0
5,115.89,2.561,190.87,7.265,1792,65296.1,0,0
5,112.47,2.457,192.48,7.621,1767,65312.9,0,0
5,117.01,2.596,183.81,7.247,1742,65329.7,0,0
5,121.6,2.621,175.54,6.892,1717,65346.5,0,0
5,126.23,2.516,183.44,7.23,1742,65363.3,0,0
5,126.84,2.536,183.44,7.23,1742,65380.1,0,0
5,127.42,2.554,183.44,7.23,1742,65396.9,0,0
5,127.94,2.569,183.44,7.23,1742,65413.7,0,0
5,128.39,2.581,183.44,7.23,1742,65430.5,0,0
5,128.76,2.589,183.44,7.23,1742,65447.3,0,0
5,124.94,2.469,191.7,7.139,1767,65464.1,0,0
5,125.11,2.587,183.07,7.488,1792,65480.9,0,0
5,125.19,2.706,174.83,7.122,1767,65497.7,0,0
5,125.17,2.567,182.7,6.773,1792,65514.5,0,0
5,125.04,2.432,174.48,6.441,1817,65531.3,0,0
5,120.71,2.305,166.63,6.242,1792,65548.1,0,0
5,120.41,2.288,166.63,6.242,1792,65564.9,0,0
5,120.02,2.27,166.63,6.242,1792,65581.7,0,0
5,119.56,2.251,166.63,6.242,1792,65598.5,0,0
5,119.05,2.232,166.63,6.242,1792,65615.3,0,0
5,118.5,2.215,166.63,6.242,1792,65632.1,0,0
5,117.91,2.199,166.63,6.242,1792,65648.9,0,0
5,117.32,2.185,166.63,6.242,1792,65665.7,0,0
5,116.74,2.07,174.12,6.548,1817,65682.5,0,0
5,116.18,1.964,166.29,6.869,1842,65699.3,0,0
5,115.65,1.867,173.77,7.206,1817,65716.1,0,0
5,115.18,1.957,165.95,7.257,1842,65732.9,0,0
5,114.78,2.055,158.48,6.901,1817,65749.7,0,0
5,113.78,1.964,151.35,6.563,1842,65766.5,0,0
5,113.54,1.974,151.35,6.563,1842,65783.3,0,0
5,113.39,1.987,151.35,6.563,1842,65800.1,0,0
5,113.35,2.002,151.35,6.563,1842,65816.9,0,0
5,113.4,2.019,151.35,6.563,1842,65833.7,0,0
5,113.55,2.036,151.35,6.563,1842,65850.5,0,0
5,113.79,2.053,151.35,6.563,1842,65867.3,0,0
5,118.03,2.168,158.16,6.885,1817,65884.1,0,0
5,118.45,2.183,158.16,6.885,1817,65900.9,0,0
5,118.94,2.196,158.16,6.885,1817,65917.7,0,0
5,119.48,2.206,158.16,6.885,1817,65934.5,0,0
5,120.06,2.213,158.16,6.885,1817,65951.3,0,0
5,120.66,2.216,158.16,6.885,1817,65968.1,0,0
5,121.27,2.215,158.16,6.885,1817,65984.9,0,0
5,121.86,2.21,158.16,6.885,1817,66001.7,0,0
5,122.43,2.203,158.16,6.885,1817,66018.5,0,0
5,118.89,2.297,151.05,7.222,1792,66035.3,0,0
5,119.34,2.392,157.84,7.576,1817,66052.1,0,0
5,119.71,2.261,164.95,7.205,1813,66068.9,0,0
5,120.01,2.135,172.37,7.558,1838,66085.7,0,0
5,120.22,2.219,164.61,7.928,1863,66102.5,0,0
5,120.34,2.306,172.02,7.539,1888,66119.3,0,0
5,120.35,2.397,179.76,7.909,1863,66136.1,0,0
5,120.27,2.266,171.67,7.521,1888,66152.9,0,0
5,120.09,2.36,179.4,7.89,1863,66169.7,0,0
5,119.83,2.335,187.47,7.503,1888,66186.5,0,0
5,119.47,2.439,195.91,7.871,1913,66203.3,0,0
5,119.05,2.553,187.09,7.691,1888,66220.1,0,0
5,118.56,2.58,178.67,7.314,1863,66236.9,0,0
5,118.02,2.71,170.63,6.955,1888,66253.7,0,0
5,117.45,2.851,178.31,7.296,1913,66270.5,0,0
5,116.87,2.729,172.85,6.939,1938,66287.3,0,0
5,116.28,2.879,180.63,7.279,1963,66304.1,0,0
5,115.71,2.978,188.76,7.635,1938,66320.9,0,0
5,115.17,2.858,197.25,7.261,1913,66337.7,0,0
5,118.61,2.744,188.38,7.617,1888,66354.5,0,0
5,122.07,2.9,179.9,7.244,1913,66371.3,0,0
5,117.79,3.062,171.81,6.889,1888,66388.1,0,0
5,117.51,2.935,164.07,7.226,1863,66404.9,0,0
5,117.32,3.094,171.46,7.581,1888,66421.7,0,0
5,117.24,2.959,163.74,7.209,1913,66438.5,0,0
5,117.25,3.11,171.11,7.562,1938,66455.3,0,0
5,117.36,2.964,178.81,7.192,1963,66472.0,0,0
5,117.58,3.105,186.86,7.544,1988,66488.8,0,0
5,121.78,2.95,195.26,7.455,1963,66505.6,0,0
5,118.27,2.798,204.05,7.09,1988,66522.4,0,0
5,118.73,2.65,213.23,6.802,2013,66539.2,0,0
5,119.25,2.759,209.91,6.468,2025,66556.0,0,0
5,119.82,2.871,200.46,6.785,2050,66572.8,0,0
5,120.42,2.711,209.48,7.118,2075,66589.6,0,0
5,120.2,2.817,218.91,7.467,2100,66606.4,0,0
5,124.83,2.66,209.06,7.101,2075,66623.2,0,0
5,125.42,2.766,199.65,7.449,2050,66640.0,0,0
5,125.98,2.878,190.66,7.084,2025,66656.8,0,0
5,126.48,2.9,182.08,7.431,2000,66673.6,0,0
5,126.92,3.025,173.89,7.795,1975,66690.4,0,0
5,127.27,3.092,166.07,8.177,2000,66707.2,0,0
5,127.53,3.236,172.24,7.776,1975,66724.0,0,0
5,127.7,3.394,179.99,7.395,2000,66740.8,0,0
5,127.76,3.565,188.09,7.758,2025,66757.6,0,0
5,127.71,3.751,179.63,7.377,2050,66774.4,0,0
5,127.56,3.591,187.71,7.739,2075,66791.2,0,0
5,127.31,3.442,185.36,8.118,2100,66808.0,0,0
5,126.97,3.634,177.02,8.516,2075,66824.8,0,0
5,126.55,3.489,184.98,8.099,2050,66841.6,0,0
5,130.12,3.687,193.31,8.495,2025,66858.4,0,0
5,129.56,3.539,202.0,8.43,2024,66875.2,0,0
5,128.94,3.675,192.91,8.017,1999,66892.0,0,0
5,128.31,3.522,201.6,8.41,1974,66908.8,0,0
5,127.66,3.372,210.67,7.998,1999,66925.6,0,0
5,127.03,3.55,201.19,8.39,2024,66942.4,0,0
5,126.42,3.389,192.13,8.801,2049,66959.2,0,0
5,125.86,3.23,200.78,9.232,2024,66976.0,0,0
5,121.45,3.383,191.74,8.78,2049,66992.8,0,0
5,117.13,3.213,200.37,8.35,2024,67009.6,0,0
5,112.92,3.354,198.78,7.941,2049,67026.4,0,0
5,116.59,3.177,189.84,8.33,2074,67043.2,0,0
5,120.34,3.006,181.29,7.922,2049,67060.0,0,0
1,96.41,2.6,210.43,9.953,1993,0.0,0,0
1,99.87,2.752,219.9,10.272,2018,20.0,0,0
1,96.39,2.91,229.8,10.776,2043,40.0,0,0
1,96.89,2.933,229.8,10.776,2043,59.9,0,0
1,97.33,2.952,229.8,10.776,2043,79.9,0,0
1,97.69,2.964,229.8,10.776,2043,99.9,0,0
1,97.94,2.97,229.8,10.776,2043,119.9,0,0
1,98.1,2.968,229.8,10.776,2043,139.9,0,0
1,102.26,2.818,219.46,10.248,2055,159.9,0,0
1,98.07,2.938,209.58,9.745,2030,179.8,0,0
1,97.88,3.005,219.01,10.145,2055,199.8,0,0
1,97.6,2.837,228.87,10.642,2030,219.8,0,0
1,97.22,2.945,239.17,10.121,2005,239.8,0,0
1,96.76,2.776,249.93,10.617,1980,259.8,0,0
1,92.21,2.617,238.68,11.137,2005,279.7,0,0
1,91.68,2.593,238.68,11.137,2005,299.7,0,0
1,91.13,2.573,238.68,11.137,2005,319.7,0,0
1,90.59,2.559,238.68,11.137,2005,339.7,0,0
1,90.08,2.55,238.68,11.137,2005,359.7,0,0
1,89.61,2.547,238.68,11.137,2005,379.6,0,0
1,93.13,2.429,227.94,11.683,2030,399.6,0,0
1,92.8,2.556,217.69,11.11,2055,419.6,0,0
1,92.57,2.696,227.48,10.566,2080,439.6,0,0
1,92.44,2.587,237.72,10.048,2055,459.6,0,0
1,92.43,2.688,248.41,9.556,2030,479.6,0,0
1,92.54,2.585,237.24,10.024,2032,499.5,0,0
1,92.75,2.736,226.56,9.533,2057,519.5,0,0
1,93.06,2.629,236.76,9.066,2082,539.5,0,0
1,93.47,2.523,245.09,9.51,2107,559.5,0,0
1,97.88,2.661,234.06,9.044,2082,579.5,0,0
1,102.4,2.545,223.53,8.601,2057,599.4,0,0
1,103.01,2.551,223.53,8.601,2057,619.4,0,0
1,103.62,2.55,223.53,8.601,2057,639.4,0,0
1,104.23,2.544,223.53,8.601,2057,659.4,0,0
1,104.8,2.532,223.53,8.601,2057,679.4,0,0
1,109.38,2.407,213.47,8.179,2032,699.3,0,0
1,105.73,2.273,223.08,8.58,2007,719.3,0,0
1,106.06,2.252,223.08,8.58,2007,739.3,0,0
1,106.28,2.229,223.08,8.58,2007,759.3,0,0
1,106.37,2.207,223.08,8.58,2007,779.3,0,0
1,106.35,2.187,223.08,8.58,2007,799.3,0,0
1,106.2,2.17,223.08,8.58,2007,819.2,0,0
1,105.94,2.157,223.08,8.58,2007,839.2,0,0
1,105.57,2.149,223.08,8.58,2007,859.2,0,0
1,105.11,2.146,223.08,8.58,2007,879.2,0,0
1,104.58,2.149,223.08,8.58,2007,899.2,0,0
1,104.0,2.157,223.08,8.58,2007,919.1,0,0
1,103.39,2.169,223.08,8.58,2007,939.1,0,0
1,102.77,2.186,223.08,8.58,2007,959.1,0,0
1,98.22,2.312,213.04,9.001,1982,979.1,0,0
1,101.62,2.223,203.45,9.442,2007,999.1,0,0
1,101.13,2.353,212.61,9.904,1982,1019.0,0,0
1,100.73,2.261,203.04,9.419,2007,1039.0,0,0
1,100.43,2.39,193.9,8.957,1982,1059.0,0,0
1,100.25,2.291,202.63,8.519,1957,1079.0,0,0
1,104.06,2.295,193.51,8.936,1932,1099.0,0,0
1,108.01,2.412,184.8,8.498,1957,1119.0,0,0
1,112.09,2.528,193.12,8.914,1982,1138.9,0,0
1,112.41,2.644,201.81,9.351,1957,1158.9,0,0
1,112.86,2.759,192.73,8.893,1932,1178.9,0,0
1,113.39,2.792,201.4,8.457,1907,1198.9,0,0
1,114.01,2.637,192.34,8.872,1932,1218.9,0,0
1,114.67,2.738,200.99,9.306,1957,1238.8,0,0
1,115.36,2.581,210.04,8.85,1982,1258.8,0,0
1,116.04,2.433,200.58,8.417,2007,1278.8,0,0
1,112.65,2.485,209.61,8.829,1982,1298.8,0,0
1,113.23,2.583,219.04,8.397,2007,1318.8,0,0
1,113.73,2.443,228.9,8.808,2032,1338.7,0,0
1,114.13,2.55,218.6,8.376,2007,1358.7,0,0
1,114.42,2.423,208.76,8.787,2032,1378.7,0,0
1,114.58,2.542,199.37,8.356,2007,1398.7,0,0
1,114.62,2.581,204.96,7.947,1982,1418.7,0,0
1,114.52,2.72,195.74,7.557,1957,1438.7,0,0
1,114.29,2.872,186.93,7.187,1932,1458.6,0,0
1,113.94,2.759,178.52,6.835,1957,1478.6,0,0
1,113.49,2.92,170.49,7.17,1982,1498.6,0,0
1,112.95,3.084,178.16,7.521,2007,1518.6,0,0
1,112.34,2.964,170.14,7.153,1982,1538.6,0,0
1,111.69,3.133,177.8,6.802,1957,1558.5,0,0
1,111.02,3.307,169.8,6.469,1932,1578.5,0,0
1,106.4,3.484,177.44,6.786,1907,1598.5,0,0
1,101.86,3.326,185.42,7.118,1882,1618.5,0,0
1,101.34,3.488,193.77,7.467,1857,1638.5,0,0
1,100.9,3.649,185.05,7.101,1832,1658.5,0,0
1,100.55,3.46,176.72,7.449,1807,1678.4,0,0
1,100.32,3.274,168.77,7.084,1832,1698.4,0,0
1,100.2,3.092,176.36,7.431,1807,1718.4,0,0
1,104.08,2.917,184.3,7.795,1782,1738.4,0,0
1,104.21,3.027,192.59,8.177,1807,1758.4,0,0
1,104.46,3.141,201.26,8.491,1782,1778.3,0,0
1,104.83,2.962,210.31,8.075,1757,1798.3,0,0
1,105.29,3.051,209.97,7.679,1782,1818.3,0,0
1,105.83,2.885,200.52,7.303,1807,1838.3,0,0
1,106.78,2.734,203.48,7.66,1832,1858.3,0,0
1,103.43,2.859,212.63,8.036,1807,1878.2,0,0
1,104.05,2.86,212.63,8.036,1807,1898.2,0,0
1,104.65,2.869,212.63,8.036,1807,1918.2,0,0
1,105.21,2.884,212.63,8.036,1807,1938.2,0,0
1,105.71,2.905,212.63,8.036,1807,1958.2,0,0
1,106.13,2.931,212.63,8.036,1807,1978.2,0,0
1,106.45,2.959,212.63,8.036,1807,1998.1,0,0
1,106.65,2.989,212.63,8.036,1807,2018.1,0,0
1,104.53,2.881,203.06,7.772,1782,2038.1,0,0
1,108.61,2.767,193.93,7.562,1807,2058.1,0,0
1,112.56,2.653,185.2,7.933,1832,2078.1,0,0
1,112.27,2.731,176.87,7.715,1857,2098.0,0,0
1,111.87,2.703,178.3,7.337,1882,2118.0,0,0
1,111.37,2.835,186.32,7.697,1857,2138.0,0,0
1,110.8,2.695,194.7,8.074,1882,2158.0,0,0
1,110.18,2.556,185.94,7.678,1907,2178.0,0,0
1,109.53,2.42,194.31,8.054,1882,2197.9,0,0
1,108.87,2.516,203.05,7.66,1907,2217.9,0,0
1,108.25,2.374,212.19,8.035,1882,2237.9,0,0
1,103.73,2.464,202.64,7.641,1857,2257.9,0,0
1,107.16,2.557,193.52,7.267,1832,2277.9,0,0
1,110.65,2.411,184.81,6.911,1807,2297.9,0,0
1,110.33,2.505,193.13,6.572,1782,2317.8,0,0
1,110.14,2.368,201.82,6.894,1807,2337.8,0,0
1,110.08,2.244,210.9,7.232,1782,2357.8,0,0
1,110.16,2.345,206.83,7.586,1807,2377.8,0,0
1,110.37,2.233,216.14,7.958,1782,2397.8,0,0
1,110.71,2.346,206.41,8.348,1757,2417.7,0,0
1,111.15,2.245,215.7,7.939,1732,2437.7,0,0
1,107.75,2.369,225.41,8.328,1757,2457.7,0,0
1,112.3,2.275,215.26,7.92,1782,2477.7,0,0
1,112.96,2.407,205.58,8.308,1757,2497.7,0,0
1,113.64,2.547,214.47,8.715,1782,2517.6,0,0
1,114.31,2.449,224.12,9.142,1807,2537.6,0,0
1,114.95,2.367,214.04,8.694,1782,2557.6,0,0
1,103.98,1.75,204.4,9.12,1807,2577.6,1,0
1,116.03,2.514,204.4,9.12,1807,2597.6,0,0
1,116.43,2.523,204.4,9.12,1807,2617.6,0,0
1,116.71,2.527,204.4,9.12,1807,2637.5,0,0
1,116.86,2.524,204.4,9.12,1807,2657.5,0,0
1,116.88,2.516,204.4,9.12,1807,2677.5,0,0
1,116.77,2.502,204.4,9.12,1807,2697.5,0,0
1,112.41,2.603,195.21,8.673,1782,2717.5,0,0
1,115.54,2.704,203.99,8.248,1757,2737.4,0,0
1,115.07,2.806,194.81,7.844,1732,2757.4,0,0
1,114.52,2.645,203.58,7.46,1757,2777.4,0,0
1,113.89,2.745,212.74,7.094,1782,2797.4,0,0
1,113.23,2.591,203.16,7.442,1807,2817.4,0,0
1,112.56,2.696,212.31,7.807,1782,2837.3,0,0
1,111.89,2.81,221.86,7.424,1757,2857.3,0,0
1,111.27,2.667,211.88,7.06,1782,2877.3,0,0
1,110.71,2.538,202.34,7.406,1807,2897.3,0,0
1,106.34,2.422,193.24,7.043,1832,2917.3,0,0
1,105.98,2.316,201.93,7.388,1807,2937.3,0,0
1,105.75,2.22,211.02,7.026,1832,2957.2,0,0
1,105.63,2.131,201.52,7.371,1807,2977.2,0,0
1,105.65,2.048,210.59,7.732,1832,2997.2,0,0
1,105.8,2.168,220.07,8.111,1857,3017.2,0,0
1,106.07,2.119,210.17,8.508,1882,3037.2,0,0
1,102.54,2.035,200.71,8.925,1857,3057.1,0,0
1,103.0,1.953,209.74,8.488,1832,3077.1,0,0
1,103.54,2.059,212.54,8.904,1807,3097.1,0,0
1,104.13,2.167,222.1,9.34,1782,3117.1,0,0
1,104.75,2.275,232.1,9.798,1757,3137.1,0,0
1,105.38,2.382,221.65,10.278,1782,3157.1,0,0
1,105.98,2.261,211.68,10.628,1757,3177.0,0,0
1,110.61,2.357,210.75,10.401,1775,3197.0,0,0
1,111.13,2.341,210.75,10.401,1775,3217.0,0,0
1,111.56,2.321,210.75,10.401,1775,3237.0,0,0
1,111.88,2.299,210.75,10.401,1775,3257.0,0,0
1,112.08,2.276,210.75,10.401,1775,3276.9,0,0
1,112.16,2.254,210.75,10.401,1775,3296.9,0,0
1,112.1,2.234,210.75,10.401,1775,3316.9,0,0
1,111.92,2.217,210.75,10.401,1775,3336.9,0,0
1,115.72,2.31,201.27,9.891,1750,3356.9,0,0
1,115.3,2.192,210.33,9.406,1775,3376.8,0,0
1,114.77,2.085,219.79,9.867,1800,3396.8,0,0
1,114.18,1.989,229.68,9.384,1825,3416.8,0,0
1,113.53,2.093,238.62,9.844,1850,3436.8,0,0
1,112.86,2.107,238.62,9.844,1850,3456.8,0,0
1,112.19,2.124,238.62,9.844,1850,3476.8,0,0
1,111.54,2.144,238.62,9.844,1850,3496.7,0,0
1,110.95,2.165,238.62,9.844,1850,3516.7,0,0
1,114.35,2.082,249.36,9.361,1825,3536.7,0,0
1,113.92,2.202,238.14,8.903,1850,3556.7,0,0
1,113.61,2.326,248.86,9.339,1825,3576.7,0,0
1,113.43,2.453,237.66,8.881,1800,3596.6,0,0
1,113.39,2.346,226.96,8.828,1825,3616.6,0,0
1,113.48,2.238,216.75,9.26,1850,3636.6,0,0
1,113.72,2.13,226.5,8.807,1825,3656.6,0,0
1,114.07,2.226,216.31,8.375,1800,3676.6,0,0
1,114.54,2.175,206.58,7.965,1775,3696.5,0,0
1,115.11,2.057,197.28,7.575,1750,3716.5,0,0
1,115.74,1.942,188.4,7.946,1775,3736.5,0,0
1,120.41,2.016,196.88,8.128,1800,3756.5,0,0
1,117.12,2.092,205.74,8.527,1825,3776.5,0,0
1,117.81,2.171,196.48,8.109,1800,3796.5,0,0
1,118.47,2.048,187.64,7.712,1775,3816.4,0,0
1,119.06,2.129,179.2,7.535,1750,3836.4,0,0
1,119.56,2.015,187.26,7.904,1748,3856.4,0,0
1,124.06,2.104,178.84,7.517,1723,3876.4,0,0
1,124.35,2.202,170.79,7.885,1748,3896.4,0,0
1,124.5,2.311,166.05,7.499,1773,3916.3,0,0
1,124.5,2.209,158.58,7.866,1788,3936.3,0,0
1,124.36,2.253,165.71,8.252,1763,3956.3,0,0
1,124.09,2.162,173.17,7.847,1788,3976.3,0,0
1,123.68,2.287,180.96,7.463,1763,3996.3,0,0
1,123.17,2.308,186.78,7.828,1738,4016.2,0,0
1,122.56,2.443,178.37,7.445,1713,4036.2,0,0
1,121.89,2.493,170.35,7.81,1738,4056.2,0,0
1,121.18,2.634,178.01,8.192,1763,4076.2,0,0
1,120.45,2.779,186.02,7.791,1788,4096.2,0,0
1,119.75,2.658,194.39,8.173,1763,4116.2,0,0
1,119.09,2.539,203.14,7.772,1738,4136.1,0,0
1,118.5,2.418,194.0,7.391,1713,4156.1,0,0
1,118.01,2.296,202.73,7.754,1724,4176.1,0,0
1,117.63,2.396,193.61,8.133,1700,4196.1,0,0
1,117.38,2.494,202.32,8.532,1725,4216.1,0,0
1,117.27,2.593,211.42,8.95,1750,4236.0,0,0
1,117.31,2.692,205.21,9.389,1725,4256.0,0,0
1,121.37,2.794,214.44,8.929,1700,4276.0,0,0
1,117.8,2.633,224.09,9.366,1675,4296.0,0,0
1,118.23,2.609,224.09,9.366,1675,4316.0,0,0
1,118.78,2.588,224.09,9.366,1675,4335.9,0,0
1,119.4,2.572,224.09,9.366,1675,4355.9,0,0
1,120.09,2.562,224.09,9.366,1675,4375.9,0,0
1,120.81,2.558,224.09,9.366,1675,4395.9,0,0
1,121.53,2.56,224.09,9.366,1675,4415.9,0,0
1,122.22,2.569,224.09,9.366,1675,4435.9,0,0
1,126.93,2.708,214.01,9.825,1650,4455.8,0,0
1,127.97,2.598,223.64,10.306,1675,4475.8,0,0
1,124.35,2.747,213.57,9.801,1700,4495.8,0,0
1,124.7,2.774,213.57,9.801,1700,4515.8,0,0
1,124.91,2.802,213.57,9.801,1700,4535.8,0,0
1,124.98,2.829,213.57,9.801,1700,4555.7,0,0
1,124.9,2.853,213.57,9.801,1700,4575.7,0,0
1,124.68,2.873,213.57,9.801,1700,4595.7,0,0
1,124.33,2.887,213.57,9.801,1700,4615.7,0,0
1,123.86,2.895,213.57,9.801,1700,4635.7,0,0
1,123.29,2.897,213.57,9.801,1700,4655.6,0,0
1,122.64,2.944,223.18,10.282,1725,4675.6,0,0
1,121.94,2.791,233.23,10.786,1750,4695.6,0,0
1,121.22,2.907,222.73,10.257,1775,4715.6,0,0
1,120.5,3.023,232.45,10.76,1800,4735.6,0,0
1,119.81,3.139,221.99,10.232,1775,4755.6,0,0
1,119.19,2.959,212.0,9.731,1750,4775.5,0,0
1,118.65,2.789,221.54,10.208,1725,4795.5,0,0
1,118.21,2.63,212.57,10.708,1750,4815.5,0,0
1,121.79,2.483,222.13,11.233,1775,4835.5,0,0
1,121.61,2.467,222.13,11.233,1775,4855.5,0,0
1,121.58,2.456,222.13,11.233,1775,4875.4,0,0
1,121.7,2.451,222.13,11.233,1775,4895.4,0,0
1,121.97,2.453,222.13,11.233,1775,4915.4,0,0
1,122.36,2.46,222.13,11.233,1775,4935.4,0,0
1,122.88,2.474,222.13,11.233,1775,4955.4,0,0
1,123.49,2.492,222.13,11.233,1775,4975.4,0,0
1,120.22,2.635,212.14,10.682,1750,4995.3,0,0
1,120.93,2.661,212.14,10.682,1750,5015.3,0,0
1,121.65,2.688,212.14,10.682,1750,5035.3,0,0
1,122.37,2.713,212.14,10.682,1750,5055.3,0,0
1,123.04,2.737,212.14,10.682,1750,5075.3,0,0
1,123.65,2.757,212.14,10.682,1750,5095.2,0,0
1,120.06,2.905,221.68,10.159,1775,5115.2,0,0
1,120.45,2.914,221.68,10.159,1775,5135.2,0,0
1,108.64,2.041,221.68,10.159,1775,5155.2,1,0
1,120.84,2.912,221.68,10.159,1775,5175.2,0,0
1,120.83,2.901,221.68,10.159,1775,5195.1,0,0
1,120.68,2.883,221.68,10.159,1775,5215.1,0,0
1,120.4,2.861,221.68,10.159,1775,5235.1,0,0
1,120.0,2.836,221.68,10.159,1775,5255.1,0,0
1,119.48,2.808,221.68,10.159,1775,5275.1,0,0
1,114.84,2.914,217.21,10.657,1800,5295.1,0,0
1,118.23,3.025,207.44,10.135,1825,5315.0,0,0
1,117.54,2.855,216.77,9.638,1850,5335.0,0,0
1,116.84,2.972,207.02,9.166,1825,5355.0,0,0
1,116.15,3.1,197.7,9.615,1850,5375.0,0,0
1,115.52,2.944,206.6,10.086,1875,5395.0,0,0
1,114.96,2.803,198.79,9.944,1900,5414.9,0,0
1,114.49,2.711,207.73,9.457,1875,5434.9,0,0
1,114.14,2.606,217.08,8.993,1900,5454.9,0,0
1,113.91,2.498,207.31,9.091,1875,5474.9,0,0
1,113.82,2.399,216.64,9.536,1850,5494.9,0,0
1,113.87,2.538,226.39,9.069,1875,5514.8,0,0
1,114.06,2.588,236.58,8.625,1900,5534.8,0,0
1,114.37,2.738,247.22,9.047,1925,5554.8,0,0
1,114.81,2.63,248.25,8.604,1950,5574.8,0,0
1,111.41,2.523,259.42,9.026,1943,5594.8,0,0
1,108.06,2.415,259.93,9.468,1968,5614.8,0,0
1,112.66,2.54,248.24,9.932,1993,5634.7,0,0
1,117.33,2.421,237.07,9.445,2018,5654.7,0,0
1,116.67,2.302,247.73,9.908,1993,5674.7,0,0
1,117.33,2.404,236.59,10.35,2018,5694.7,0,0
1,117.94,2.505,225.94,9.843,1993,5714.7,0,0
1,118.48,2.367,236.11,9.361,2018,5734.6,0,0
1,118.91,2.459,225.48,9.819,1993,5754.6,0,0
1,119.22,2.51,218.87,10.301,2018,5774.6,0,0
1,119.41,2.604,209.02,9.796,1994,5794.6,0,0
1,119.46,2.455,218.42,10.276,1969,5814.6,0,0
1,122.89,2.317,208.6,9.772,1944,5834.5,0,0
1,125.82,2.411,199.21,10.251,1919,5854.5,0,0
1,121.36,2.514,208.17,9.749,1894,5874.5,0,0
1,124.97,2.554,217.54,10.227,1869,5894.5,0,0
1,124.38,2.431,226.35,10.728,1894,5914.5,0,0
1,123.72,2.554,216.17,11.253,1869,5934.5,0,0
1,123.01,2.443,206.44,10.702,1892,5954.4,0,0
1,122.28,2.341,215.73,10.178,1867,5974.4,0,0
1,121.55,2.248,206.02,9.679,1842,5994.4,0,0
1,120.87,2.378,215.29,9.205,1867,6014.4,0,0
1,120.24,2.287,224.98,8.754,1842,6034.4,0,0
1,115.8,2.199,235.1,9.183,1817,6054.3,0,0
1,115.39,2.325,224.52,8.733,1842,6074.3,0,0
1,115.1,2.23,214.42,9.16,1867,6094.3,0,0
1,114.95,2.352,204.77,8.712,1842,6114.3,0,0
1,114.93,2.247,195.56,8.285,1867,6134.3,0,0
1,115.06,2.359,186.76,8.556,1892,6154.2,0,0
1,115.33,2.47,178.35,8.975,1917,6174.2,0,0
1,115.71,2.581,186.38,9.415,1907,6194.2,0,0
1,116.21,2.69,177.99,9.876,1882,6214.2,0,0
1,120.75,2.543,186.0,10.36,1857,6234.2,0,0
1,117.46,2.4,194.37,10.868,1832,6254.2,0,0
1,118.15,2.377,194.37,10.868,1832,6274.1,0,0
1,118.86,2.353,194.37,10.868,1832,6294.1,0,0
1,119.56,2.331,194.37,10.868,1832,6314.1,0,0
1,120.21,2.31,194.37,10.868,1832,6334.1,0,0
1,120.79,2.293,194.37,10.868,1832,6354.1,0,0
1,121.28,2.28,194.37,10.868,1832,6374.0,0,0
1,121.66,2.273,194.37,10.868,1832,6394.0,0,0
1,121.91,2.272,194.37,10.868,1832,6414.0,0,0
1,117.9,2.167,203.12,10.335,1857,6434.0,0,0
1,122.0,2.072,193.98,9.829,1832,6454.0,0,0
1,121.83,2.186,185.25,9.99,1857,6474.0,0,0
1,121.53,2.098,176.91,9.5,1882,6493.9,0,0
1,121.11,2.219,184.87,9.035,1907,6513.9,0,0
1,120.58,2.349,193.19,9.478,1882,6533.9,0,0
1,119.97,2.486,201.89,9.942,1857,6553.9,0,0
1,121.01,2.409,192.8,9.455,1882,6573.9,0,0
1,116.29,2.545,201.48,9.918,1857,6593.8,0,0
1,115.6,2.684,210.54,9.432,1832,6613.8,0,0
1,114.93,2.825,220.02,9.894,1857,6633.8,0,0
1,114.31,2.694,229.92,9.41,1882,6653.8,0,0
1,113.76,2.564,219.57,8.948,1857,6673.8,0,0
1,113.31,2.68,221.89,9.387,1832,6693.7,0,0
1,116.86,2.794,211.9,9.847,1857,6713.7,0,0
1,116.64,2.775,211.9,9.847,1857,6733.7,0,0
1,116.57,2.752,211.9,9.847,1857,6753.7,0,0
1,116.63,2.726,211.9,9.847,1857,6773.7,0,0
1,116.84,2.699,211.9,9.847,1857,6793.7,0,0
1,117.18,2.672,211.9,9.847,1857,6813.6,0,0
1,117.64,2.648,211.9,9.847,1857,6833.6,0,0
1,122.13,2.502,202.37,9.364,1882,6853.6,0,0
1,122.79,2.368,193.26,9.728,1907,6873.6,0,0
1,123.51,2.473,201.96,10.204,1882,6893.6,0,0
1,124.25,2.352,206.8,9.704,1857,6913.5,0,0
1,124.98,2.469,216.11,10.18,1832,6933.5,0,0
1,125.69,2.597,206.39,9.681,1857,6953.5,0,0
1,126.33,2.739,197.1,10.155,1882,6973.5,0,0
1,126.89,2.629,205.97,9.658,1907,6993.5,0,0
1,123.24,2.78,215.24,9.184,1882,7013.4,0,0
1,123.56,2.673,205.55,8.734,1857,7033.4,0,0
1,123.73,2.829,196.3,9.12,1882,7053.4,0,0
1,123.77,2.934,205.13,8.673,1907,7073.4,0,0
1,123.67,2.816,195.9,8.248,1932,7093.4,0,0
1,123.42,2.699,204.72,8.652,1907,7113.4,0,0
1,123.05,2.841,213.93,9.076,1882,7133.3,0,0
1,122.56,2.711,214.82,9.521,1907,7153.3,0,0
1,121.97,2.581,224.48,9.054,1882,7173.3,0,0
1,117.28,2.698,234.58,9.498,1907,7193.3,0,0
1,112.59,2.557,224.03,9.033,1932,7213.3,0,0
1,107.92,2.418,234.11,9.475,1957,7233.2,0,0
1,103.32,2.513,244.64,9.94,1932,7253.2,0,0
1,106.69,2.609,233.63,9.452,1907,7273.2,0,0
1,102.22,2.459,223.12,9.916,1882,7293.2,0,0
1,97.86,2.318,213.08,10.402,1907,7313.2,0,0
1,101.42,2.187,222.67,10.911,1932,7333.1,0,0
1,101.18,2.065,212.65,10.377,1907,7353.1,0,0
1,101.06,1.954,203.08,9.868,1882,7373.1,0,0
1,101.06,1.879,193.94,9.385,1857,7393.1,0,0
1,101.19,1.966,185.21,8.925,1882,7413.1,0,0
1,101.43,2.063,193.55,8.961,1907,7433.1,0,0
1,101.79,2.17,184.84,9.4,1932,7453.0,0,0
1,102.23,2.078,176.52,8.939,1957,7473.0,0,0
1,102.76,2.194,184.46,8.501,1954,7493.0,0,0
1,103.34,2.321,192.77,8.918,1929,7513.0,0,0
1,103.96,2.342,184.09,9.355,1954,7533.0,0,0
1,104.58,2.479,175.81,9.813,1929,7552.9,0,0
1,105.19,2.623,167.9,9.332,1904,7572.9,0,0
1,105.75,2.518,175.45,9.789,1893,7592.9,0,0
1,106.26,2.657,167.56,9.31,1868,7612.9,0,0
1,106.68,2.542,175.1,9.766,1843,7632.9,0,0
1,107.0,2.671,182.98,10.244,1818,7652.8,0,0
1,107.21,2.608,191.21,10.746,1843,7672.8,0,0
1,107.29,2.679,182.6,10.22,1868,7692.8,0,0
1,107.26,2.539,190.82,9.719,1843,7712.8,0,0
1,107.1,2.645,199.41,10.195,1818,7732.8,0,0
1,96.14,1.748,190.44,9.696,1793,7752.8,1,0
1,106.44,2.475,190.44,9.696,1793,7772.7,0,0
1,105.97,2.45,190.44,9.696,1793,7792.7,0,0
1,105.42,2.426,190.44,9.696,1793,7812.7,0,0
1,104.83,2.404,190.44,9.696,1793,7832.7,0,0
1,104.21,2.384,190.44,9.696,1793,7852.7,0,0
1,103.59,2.369,190.44,9.696,1793,7872.6,0,0
1,106.95,2.421,181.87,9.221,1768,7892.6,0,0
1,102.44,2.301,190.05,9.672,1793,7912.6,0,0
1,105.87,2.413,181.5,9.199,1818,7932.6,0,0
1,101.56,2.304,189.67,9.649,1793,7952.6,0,0
1,101.27,2.206,198.2,9.176,1815,7972.6,0,0
1,101.1,2.116,189.28,8.727,1840,7992.5,0,0
1,101.05,2.033,180.76,9.154,1815,8012.5,0,0
1,101.12,1.954,188.9,9.603,1840,8032.5,0,0
1,101.31,1.879,180.4,10.074,1815,8052.5,0,0
1,97.71,1.988,188.52,10.567,1839,8072.5,0,0
1,98.11,2.005,188.52,10.567,1839,8092.4,0,0
1,98.58,2.019,188.52,10.567,1839,8112.4,0,0
1,99.12,2.03,188.52,10.567,1839,8132.4,0,0
1,99.7,2.036,188.52,10.567,1839,8152.4,0,0
1,100.3,2.037,188.52,10.567,1839,8172.4,0,0
1,100.89,2.034,188.52,10.567,1839,8192.3,0,0
1,101.46,2.026,188.52,10.567,1839,8212.3,0,0
1,101.97,2.014,188.52,10.567,1839,8232.3,0,0
1,98.32,2.094,180.03,10.049,1819,8252.3,0,0
1,102.76,2.175,171.93,10.542,1844,8272.3,0,0
1,103.01,2.257,164.19,10.53,1869,8292.3,0,0
1,103.15,2.342,171.58,11.046,1844,8312.2,0,0
1,103.17,2.208,179.3,11.587,1869,8332.2,0,0
1,103.07,2.085,171.23,11.019,1844,8352.2,0,0
1,102.85,1.971,178.94,11.559,1819,8372.2,0,0
1,102.53,2.056,186.99,10.993,1844,8392.2,0,0
1,102.11,2.15,195.41,11.532,1869,8412.1,0,0
1,101.62,2.048,186.61,10.967,1894,8432.1,0,0
1,101.06,1.955,181.16,10.429,1869,8452.1,0,0
1,100.48,2.06,173.0,9.918,1844,8472.1,0,0
1,99.88,2.174,180.79,9.432,1869,8492.1,0,0
1,99.29,2.088,188.92,8.97,1894,8512.0,0,0
1,98.74,2.007,197.43,9.41,1919,8532.0,0,0
1,102.16,2.125,188.54,9.871,1944,8552.0,0,0
1,101.73,2.145,188.54,9.871,1944,8572.0,0,0
1,101.39,2.164,188.54,9.871,1944,8592.0,0,0
1,101.16,2.18,188.54,9.871,1944,8612.0,0,0
1,101.05,2.192,188.54,9.871,1944,8631.9,0,0
1,101.07,2.2,188.54,9.871,1944,8651.9,0,0
1,101.21,2.202,188.54,9.871,1944,8671.9,0,0
1,101.47,2.199,188.54,9.871,1944,8691.9,0,0
1,101.83,2.191,188.54,9.871,1944,8711.9,0,0
1,98.36,2.283,197.03,9.748,1969,8731.8,0,0
1,102.82,2.157,188.16,9.271,1944,8751.8,0,0
1,103.41,2.138,188.16,9.271,1944,8771.8,0,0
1,104.02,2.117,188.16,9.271,1944,8791.8,0,0
1,104.65,2.096,188.16,9.271,1944,8811.8,0,0
1,105.25,2.076,188.16,9.271,1944,8831.7,0,0
1,105.81,2.059,188.16,9.271,1944,8851.7,0,0
1,106.31,2.044,188.16,9.271,1944,8871.7,0,0
1,106.72,2.034,188.16,9.271,1944,8891.7,0,0
1,107.03,2.029,188.16,9.271,1944,8911.7,0,0
1,107.22,2.029,188.16,9.271,1944,8931.7,0,0
1,107.3,2.034,188.16,9.271,1944,8951.6,0,0
1,107.24,2.044,188.16,9.271,1944,8971.6,0,0
1,107.07,2.058,188.16,9.271,1944,8991.6,0,0
1,106.78,2.075,188.16,9.271,1944,9011.6,0,0
1,106.39,2.095,188.16,9.271,1944,9031.6,0,0
1,105.91,2.116,188.16,9.271,1944,9051.5,0,0
1,105.36,2.137,188.16,9.271,1944,9071.5,0,0
1,104.76,2.156,188.16,9.271,1944,9091.5,0,0
1,104.14,2.173,188.16,9.271,1944,9111.5,0,0
1,103.52,2.186,188.16,9.271,1944,9131.5,0,0
1,102.93,2.194,188.16,9.271,1944,9151.4,0,0
1,106.32,2.302,179.69,8.816,1919,9171.4,0,0
1,105.82,2.411,187.78,9.248,1944,9191.4,0,0
1,105.43,2.287,179.33,8.795,1969,9211.4,0,0
1,105.14,2.384,171.26,9.226,1994,9231.4,0,0
1,104.97,2.253,178.97,9.678,2019,9251.4,0,0
1,104.93,2.185,187.02,10.153,2044,9271.3,0,0
1,105.02,2.268,195.43,10.65,2031,9291.3,0,0
1,105.23,2.137,200.32,10.128,2056,9311.3,0,0
1,105.56,2.218,209.34,10.624,2031,9331.3,0,0
1,102.07,2.093,218.76,10.104,2006,9351.3,0,0
1,102.58,2.178,208.91,9.609,2031,9371.2,0,0
1,103.14,2.27,199.51,9.138,2056,9391.2,0,0
1,103.75,2.372,208.49,8.69,2031,9411.2,0,0
1,104.37,2.257,217.87,8.264,2006,9431.2,0,0
1,104.99,2.153,227.68,8.669,1981,9451.2,0,0
1,105.57,2.267,217.43,8.245,2006,9471.2,0,0
1,106.1,2.173,227.22,8.649,1981,9491.1,0,0
1,106.55,2.086,237.44,9.072,1956,9511.1,0,0
1,102.8,2.207,226.76,9.517,1931,9531.1,0,0
1,103.03,2.229,226.76,9.517,1931,9551.1,0,0
1,103.16,2.251,226.76,9.517,1931,9571.1,0,0
1,103.16,2.271,226.76,9.517,1931,9591.0,0,0
1,103.05,2.289,226.76,9.517,1931,9611.0,0,0
1,102.82,2.303,226.76,9.517,1931,9631.0,0,0
1,102.49,2.313,226.76,9.517,1931,9651.0,0,0
1,102.06,2.317,226.76,9.517,1931,9671.0,0,0
1,97.5,2.204,216.55,9.051,1906,9690.9,0,0
1,96.97,2.198,216.55,9.051,1906,9710.9,0,0
1,96.4,2.187,216.55,9.051,1906,9730.9,0,0
1,95.83,2.171,216.55,9.051,1906,9750.9,0,0
1,95.26,2.153,216.55,9.051,1906,9770.9,0,0
1,94.74,2.132,216.55,9.051,1906,9790.9,0,0
1,94.27,2.111,216.55,9.051,1906,9810.8,0,0
1,93.88,2.091,216.55,9.051,1906,9830.8,0,0
1,93.58,2.072,216.55,9.051,1906,9850.8,0,0
1,89.49,1.958,226.3,9.494,1931,9870.8,0,0
1,89.41,1.853,236.48,9.029,1906,9890.8,0,0
1,89.44,1.758,225.84,8.586,1881,9910.7,0,0
1,89.57,1.672,236.0,8.166,1856,9930.7,0,0
1,89.81,1.756,225.38,8.55,1881,9950.7,0,0
1,90.14,1.678,235.52,8.969,1856,9970.7,0,0
1,90.55,1.77,238.04,9.408,1831,9990.7,0,0
1,94.98,1.699,227.33,8.947,1806,10010.6,0,0
1,99.5,1.797,217.1,8.509,1781,10030.6,0,0
1,96.1,1.902,217.58,8.092,1806,10050.6,0,0
1,96.67,1.921,217.58,8.092,1806,10070.6,0,0
1,97.23,1.939,217.58,8.092,1806,10090.6,0,0
1,97.74,1.955,217.58,8.092,1806,10110.6,0,0
1,98.19,1.967,217.58,8.092,1806,10130.5,0,0
1,98.56,1.976,217.58,8.092,1806,10150.5,0,0
1,98.83,1.98,217.58,8.092,1806,10170.5,0,0
1,99.0,1.98,217.58,8.092,1806,10190.5,0,0
1,99.06,2.07,207.79,8.488,1781,10210.5,0,0
1,99.0,2.159,216.13,8.904,1756,10230.4,0,0
1,98.83,2.041,225.86,8.468,1731,10250.4,0,0
1,98.55,2.121,215.69,8.053,1756,10270.4,0,0
1,94.09,2.202,221.4,7.658,1781,10290.4,0,0
1,97.72,2.247,211.44,7.649,1806,10310.4,0,0
1,87.49,1.558,211.44,7.649,1806,10330.3,1,0
1,96.66,2.205,211.44,7.649,1806,10350.3,0,0
1,96.08,2.188,211.44,7.649,1806,10370.3,0,0
1,95.51,2.174,211.44,7.649,1806,10390.3,0,0
1,94.97,2.166,211.44,7.649,1806,10410.3,0,0
1,94.47,2.164,211.44,7.649,1806,10430.3,0,0
1,94.04,2.166,211.44,7.649,1806,10450.2,0,0
1,93.7,2.07,220.95,8.024,1781,10470.2,0,0
1,93.45,2.183,230.9,8.417,1756,10490.2,0,0
1,93.31,2.094,220.51,8.829,1731,10510.2,0,0
1,93.29,2.055,210.58,9.262,1706,10530.2,0,0
1,97.26,2.175,201.11,9.716,1731,10550.1,0,0
1,101.37,2.302,192.06,10.192,1756,10570.1,0,0
1,101.7,2.436,200.7,10.197,1731,10590.1,0,0
1,102.13,2.574,191.67,9.697,1706,10610.1,0,0
1,102.64,2.467,200.29,9.222,1681,10630.1,0,0
1,103.21,2.36,191.28,9.674,1656,10650.0,0,0
1,99.83,2.479,185.14,9.2,1681,10670.0,0,0
1,100.43,2.599,176.81,8.784,1656,10690.0,0,0
1,101.02,2.468,184.76,8.353,1631,10710.0,0,0
1,101.57,2.339,176.45,8.044,1606,10730.0,0,0
1,102.07,2.213,174.49,7.65,1631,10750.0,0,0
1,106.59,2.3,182.34,7.275,1656,10769.9,0,0
1,102.83,2.17,190.55,7.631,1631,10789.9,0,0
1,103.05,2.251,199.12,7.257,1606,10809.9,0,0
1,103.16,2.336,190.16,6.902,1621,10829.9,0,0
1,103.16,2.426,198.72,7.24,1646,10849.9,0,0
1,103.03,2.522,207.66,7.595,1621,10869.8,0,0
1,102.79,2.626,217.01,7.223,1646,10889.8,0,0
1,102.44,2.741,207.24,7.577,1671,10909.8,0,0
1,102.01,2.868,197.91,7.205,1696,10929.8,0,0
1,97.45,3.008,189.01,6.852,1671,10949.8,0,0
1,96.91,3.018,189.01,6.852,1671,10969.8,0,0
1,96.34,3.036,189.01,6.852,1671,10989.7,0,0
1,95.76,3.059,189.01,6.852,1671,11009.7,0,0
1,95.21,3.086,189.01,6.852,1671,11029.7,0,0
1,94.68,3.117,189.01,6.852,1671,11049.7,0,0
1,94.22,3.148,189.01,6.852,1671,11069.7,0,0
1,93.84,3.178,189.01,6.852,1671,11089.6,0,0
1,93.55,3.205,189.01,6.852,1671,11109.6,0,0
1,90.25,3.383,197.51,6.516,1696,11129.6,0,0
1,90.18,3.563,206.4,6.197,1721,11149.6,0,0
1,90.22,3.402,197.11,5.894,1746,11169.6,0,0
1,90.36,3.24,205.98,6.182,1721,11189.5,0,0
1,90.62,3.079,196.71,6.485,1696,11209.5,0,0
1,90.96,2.919,187.86,6.167,1671,11229.5,0,0
1,91.38,2.762,179.41,6.306,1696,11249.5,0,0
1,91.87,2.609,187.48,6.615,1721,11269.5,0,0
1,92.4,2.709,195.92,6.939,1746,11289.5,0,0
1,92.96,2.554,204.73,6.842,1771,11309.4,0,0
1,93.51,2.65,195.52,7.177,1746,11329.4,0,0
1,94.04,2.751,193.12,7.529,1771,11349.4,0,0
1,94.53,2.859,184.43,7.898,1746,11369.4,0,0
1,99.04,2.704,176.13,7.511,1771,11389.4,0,0
1,95.31,2.563,184.06,7.143,1796,11409.3,0,0
1,91.45,2.68,192.34,7.493,1771,11429.3,0,0
1,95.71,2.553,201.0,7.86,1796,11449.3,0,0
1,91.63,2.684,191.95,7.475,1771,11469.3,0,0
1,91.57,2.569,183.32,7.109,1796,11489.3,0,0
1,91.4,2.712,175.07,7.221,1821,11509.2,0,0
1,91.13,2.867,167.19,6.867,1846,11529.2,0,0
1,90.78,2.756,174.71,6.53,1871,11549.2,0,0
1,90.35,2.917,166.85,6.21,1846,11569.2,0,0
1,93.91,3.072,159.34,5.906,1821,11589.2,0,0
1,89.36,2.95,152.17,6.195,1846,11609.2,0,0
1,84.83,2.829,159.02,6.499,1871,11629.1,0,0
1,87.5,2.981,166.17,6.817,1846,11649.1,0,0
1,87.01,3.134,173.65,6.483,1821,11669.1,0,0
1,86.56,2.986,165.84,6.801,1796,11689.1,0,0
1,86.17,2.839,173.3,7.134,1776,11709.1,0,0
1,85.87,2.692,181.1,7.484,1751,11729.0,0,0
1,85.65,2.805,188.58,7.117,1776,11749.0,0,0
1,85.54,2.65,180.09,6.769,1801,11769.0,0,0
1,85.53,2.5,171.99,6.437,1776,11789.0,0,0
1,85.62,2.406,179.73,6.121,1760,11809.0,0,0
1,89.71,2.268,171.64,5.821,1785,11828.9,0,0
1,90.01,2.354,179.36,5.536,1810,11848.9,0,0
1,90.4,2.446,187.43,5.808,1835,11868.9,0,0
1,90.86,2.313,179.0,6.092,1860,11888.9,0,0
1,91.37,2.412,187.05,6.391,1835,11908.9,0,0
1,91.91,2.522,178.64,6.077,1860,11928.9,0,0
1,88.45,2.401,170.6,6.135,1835,11948.8,0,0
1,93.0,2.523,178.27,6.436,1860,11968.8,0,0
1,93.51,2.535,178.27,6.436,1860,11988.8,0,0
1,93.96,2.553,178.27,6.436,1860,12008.8,0,0
1,94.34,2.575,178.27,6.436,1860,12028.8,0,0
1,94.64,2.6,178.27,6.436,1860,12048.7,0,0
1,94.83,2.626,178.27,6.436,1860,12068.7,0,0
1,94.92,2.779,170.25,6.12,1885,12088.7,0,0
1,94.9,2.939,174.09,5.82,1860,12108.7,0,0
1,94.77,3.103,181.93,6.106,1885,12128.7,0,0
1,94.54,2.971,190.12,6.405,1910,12148.6,0,0
1,94.21,2.839,181.56,6.091,1935,12168.6,0,0
1,89.73,2.706,173.39,5.793,1910,12188.6,0,0
1,93.33,2.833,181.19,6.076,1935,12208.6,0,0
1,96.84,2.687,189.35,5.779,1910,12228.6,0,0
1,96.27,2.672,189.35,5.779,1910,12248.6,0,0
1,95.69,2.653,189.35,5.779,1910,12268.5,0,0
1,95.14,2.63,189.35,5.779,1910,12288.5,0,0
1,94.62,2.604,189.35,5.779,1910,12308.5,0,0
1,94.17,2.578,189.35,5.779,1910,12328.5,0,0
1,89.89,2.676,197.87,6.062,1935,12348.5,0,0
1,93.52,2.78,206.77,6.359,1960,12368.4,0,0
1,93.34,2.706,204.93,6.67,1935,12388.4,0,0
1,93.28,2.821,214.15,6.997,1910,12408.4,0,0
1,93.33,2.948,214.76,7.34,1885,12428.4,0,0
1,93.5,2.805,224.42,7.7,1910,12448.4,0,0
1,93.77,2.947,214.32,7.323,1885,12468.3,0,0
1,94.13,2.818,204.68,7.681,1910,12488.3,0,0
1,94.58,2.701,213.89,8.058,1885,12508.3,0,0
1,95.09,2.593,204.26,7.663,1860,12528.3,0,0
1,99.62,2.492,213.46,8.038,1885,12548.3,0,0
1,100.22,2.517,213.46,8.038,1885,12568.3,0,0
1,100.82,2.542,213.46,8.038,1885,12588.2,0,0
1,101.38,2.565,213.46,8.038,1885,12608.2,0,0
1,101.91,2.585,213.46,8.038,1885,12628.2,0,0
1,102.36,2.601,213.46,8.038,1885,12648.2,0,0
1,102.72,2.611,213.46,8.038,1885,12668.2,0,0
1,102.98,2.615,213.46,8.038,1885,12688.1,0,0
1,103.13,2.614,213.46,8.038,1885,12708.1,0,0
1,103.16,2.606,213.46,8.038,1885,12728.1,0,0
1,103.08,2.592,213.46,8.038,1885,12748.1,0,0
1,102.87,2.573,213.46,8.038,1885,12768.1,0,0
1,106.66,2.674,223.06,8.432,1860,12788.1,0,0
1,106.24,2.521,233.1,8.019,1885,12808.0,0,0
1,105.73,2.376,222.61,8.412,1860,12828.0,0,0
1,105.16,2.466,212.59,8.0,1835,12848.0,0,0
1,104.55,2.327,203.03,7.608,1810,12868.0,0,0
1,103.93,2.421,193.89,7.981,1835,12888.0,0,0
1,96.56,1.604,190.77,8.372,1810,12907.9,1,0
1,106.68,2.284,190.77,8.372,1810,12927.9,0,0
1,106.14,2.283,190.77,8.372,1810,12947.9,0,0
1,105.68,2.287,190.77,8.372,1810,12967.9,0,0
1,105.31,2.297,190.77,8.372,1810,12987.9,0,0
1,105.06,2.312,190.77,8.372,1810,13007.8,0,0
1,104.93,2.331,190.77,8.372,1810,13027.8,0,0
1,101.05,2.24,199.36,7.961,1835,13047.8,0,0
1,97.29,2.371,208.33,7.571,1860,13067.8,0,0
1,93.63,2.279,198.95,7.942,1885,13087.8,0,0
1,97.87,2.19,190.0,7.553,1860,13107.8,0,0
1,98.3,2.208,190.0,7.553,1860,13127.7,0,0
1,98.8,2.222,190.0,7.553,1860,13147.7,0,0
1,99.36,2.231,190.0,7.553,1860,13167.7,0,0
1,99.95,2.236,190.0,7.553,1860,13187.7,0,0
1,100.55,2.235,190.0,7.553,1860,13207.7,0,0
1,105.17,2.336,181.45,7.388,1835,13227.6,0,0
1,109.8,2.436,189.61,7.75,1810,13247.6,0,0
1,114.41,2.303,181.33,8.13,1835,13267.6,0,0
1,114.86,2.393,174.32,7.732,1810,13287.6,0,0
1,115.2,2.257,182.16,7.353,1835,13307.6,0,0
1,115.43,2.128,173.97,7.713,1860,13327.5,0,0
1,115.53,2.071,166.14,7.335,1881,13347.5,0,0
1,115.49,2.151,173.61,7.694,1906,13367.5,0,0
1,115.32,2.236,165.8,7.317,1931,13387.5,0,0
1,112.1,2.117,158.34,7.114,1956,13407.5,0,0
1,115.79,2.008,151.22,7.462,1981,13427.5,0,0
1,115.28,1.909,158.02,7.828,2006,13447.4,0,0
1,114.69,1.82,165.13,7.444,1981,13467.4,0,0
1,114.04,1.74,172.56,7.809,1956,13487.4,0,0
1,113.37,1.666,164.8,7.426,1931,13507.4,0,0
1,112.69,1.76,172.21,7.79,1956,13527.4,0,0
1,112.04,1.777,172.21,7.79,1956,13547.3,0,0
1,111.44,1.794,172.21,7.79,1956,13567.3,0,0
1,110.92,1.812,172.21,7.79,1956,13587.3,0,0
1,110.49,1.829,172.21,7.79,1956,13607.3,0,0
1,110.17,1.844,172.21,7.79,1956,13627.3,0,0
1,109.98,1.857,172.21,7.79,1956,13647.2,0,0
1,109.92,1.865,172.21,7.79,1956,13667.2,0,0
1,106.11,1.78,179.96,8.172,1981,13687.2,0,0
1,106.31,1.865,188.06,8.573,1956,13707.2,0,0
1,106.63,1.889,179.6,8.993,1931,13727.2,0,0
1,107.06,1.97,171.52,9.433,1906,13747.2,0,0
1,107.58,2.051,179.23,9.895,1931,13767.1,0,0
1,108.17,2.132,187.3,10.38,1956,13787.1,0,0
1,108.8,2.112,187.3,10.38,1956,13807.1,0,0
1,109.45,2.092,187.3,10.38,1956,13827.1,0,0
1,110.1,2.071,187.3,10.38,1956,13847.1,0,0
1,110.72,2.052,187.3,10.38,1956,13867.0,0,0
1,111.28,2.036,187.3,10.38,1956,13887.0,0,0
1,111.76,2.023,187.3,10.38,1956,13907.0,0,0
1,112.15,2.015,187.3,10.38,1956,13927.0,0,0
1,116.53,2.109,178.87,9.872,1931,13947.0,0,0
1,116.69,2.212,186.92,9.388,1956,13966.9,0,0
1,116.71,2.327,195.33,8.928,1981,13986.9,0,0
1,116.6,2.228,186.54,9.365,2006,14006.9,0,0
1,116.35,2.137,178.15,9.014,1981,14026.9,0,0
1,115.99,2.26,186.16,8.573,1956,14046.9,0,0
1,115.52,2.173,194.54,8.153,1931,14066.9,0,0
1,114.96,2.3,195.68,7.753,1906,14086.8,0,0
1,114.33,2.434,186.88,7.373,1881,14106.8,0,0
1,117.68,2.572,182.77,7.734,1856,14126.8,0,0
1,112.99,2.714,190.98,8.113,1831,14146.8,0,0
1,112.33,2.858,182.39,8.511,1856,14166.8,0,0
1,111.7,3.004,190.6,8.928,1831,14186.7,0,0
1,111.14,3.149,199.17,9.366,1856,14206.7,0,0
1,110.66,3.294,190.21,8.907,1831,14226.7,0,0
1,106.4,3.123,198.77,9.343,1856,14246.7,0,0
1,106.16,3.103,198.77,9.343,1856,14266.7,0,0
1,106.05,3.078,198.77,9.343,1856,14286.7,0,0
1,106.06,3.05,198.77,9.343,1856,14306.6,0,0
1,106.21,3.02,198.77,9.343,1856,14326.6,0,0
1,106.48,2.99,198.77,9.343,1856,14346.6,0,0
1,106.86,2.962,198.77,9.343,1856,14366.6,0,0
1,111.27,2.797,207.72,9.801,1881,14386.6,0,0
1,111.85,2.913,217.06,10.281,1906,14406.5,0,0
1,112.48,2.761,226.83,9.777,1881,14426.5,0,0
1,113.15,2.623,216.62,9.298,1856,14446.5,0,0
1,113.83,2.499,206.88,8.843,1831,14466.5,0,0
1,114.49,2.387,197.57,8.89,1856,14486.5,0,0
1,115.1,2.515,206.46,8.455,1831,14506.4,0,0
1,115.64,2.655,197.17,8.869,1856,14526.4,0,0
1,111.99,2.568,206.04,8.434,1831,14546.4,0,0
1,108.39,2.469,215.31,8.848,1856,14566.4,0,0
1,108.59,2.566,225.0,9.281,1831,14586.4,0,0
1,108.66,2.466,214.87,9.736,1856,14606.4,0,0
1,108.61,2.607,224.54,9.783,1881,14626.3,0,0
1,108.44,2.5,214.44,9.716,1906,14646.3,0,0
1,104.05,2.634,224.09,9.24,1882,14666.3,0,0
1,107.75,2.515,214.0,8.787,1857,14686.3,0,0
1,107.26,2.517,214.0,8.787,1857,14706.3,0,0
1,106.71,2.513,214.0,8.787,1857,14726.2,0,0
1,106.1,2.503,214.0,8.787,1857,14746.2,0,0
1,105.47,2.488,214.0,8.787,1857,14766.2,0,0
1,104.85,2.469,214.0,8.787,1857,14786.2,0,0
1,104.24,2.447,214.0,8.787,1857,14806.2,0,0
1,103.69,2.423,214.0,8.787,1857,14826.1,0,0
1,103.21,2.399,214.0,8.787,1857,14846.1,0,0
1,98.92,2.262,223.63,9.217,1882,14866.1,0,0
1,102.54,2.351,233.7,9.669,1907,14886.1,0,0
1,98.49,2.223,223.18,9.195,1882,14906.1,0,0
1,98.45,2.212,223.18,9.195,1882,14926.1,0,0
1,98.54,2.207,223.18,9.195,1882,14946.0,0,0
1,98.73,2.208,223.18,9.195,1882,14966.0,0,0
1,99.04,2.214,223.18,9.195,1882,14986.0,0,0
1,99.45,2.225,223.18,9.195,1882,15006.0,0,0
1,99.94,2.241,223.18,9.195,1882,15026.0,0,0
1,100.49,2.261,223.18,9.195,1882,15045.9,0,0
1,101.08,2.283,223.18,9.195,1882,15065.9,0,0
1,97.68,2.417,233.23,9.646,1857,15085.9,0,0
1,98.26,2.391,222.73,9.173,1832,15105.9,0,0
1,98.8,2.528,212.71,9.49,1807,15125.9,0,0
1,99.29,2.441,203.14,9.025,1816,15145.8,0,0
1,99.72,2.337,212.28,8.583,1841,15165.8,0,0
1,100.05,2.458,202.72,8.162,1816,15185.8,0,0
1,100.28,2.342,211.85,7.762,1841,15205.8,0,0
1,104.52,2.227,221.38,8.142,1866,15225.8,0,0
1,100.41,2.113,231.34,7.743,1841,15245.8,0,0
1,96.18,2.0,241.75,7.364,1816,15265.7,0,0
1,95.97,2.08,230.87,7.725,1791,15285.7,0,0
1,95.66,2.161,220.48,8.103,1816,15305.7,0,0
1,95.26,2.037,210.56,7.706,1791,15325.7,0,0
1,94.8,2.114,220.04,8.084,1816,15345.7,0,0
1,94.28,1.993,216.76,8.48,1791,15365.6,0,0
1,97.74,2.071,207.0,8.065,1766,15385.6,0,0
1,101.14,1.958,197.69,8.46,1741,15405.6,0,0
1,100.55,1.854,206.59,8.874,1766,15425.6,0,0
1,99.99,1.938,197.29,8.439,1791,15445.6,0,0
1,99.49,1.845,206.17,8.853,1766,15465.5,0,0
1,89.17,1.357,215.44,9.287,1791,15485.5,1,0
1,98.76,1.947,215.44,9.287,1791,15505.5,0,0
1,98.55,1.961,215.44,9.287,1791,15525.5,0,0
1,98.46,1.977,215.44,9.287,1791,15545.5,0,0
1,98.48,1.996,215.44,9.287,1791,15565.5,0,0
1,98.63,2.016,215.44,9.287,1791,15585.4,0,0
1,98.89,2.036,215.44,9.287,1791,15605.4,0,0
1,103.17,1.956,225.14,9.742,1766,15625.4,0,0
1,103.64,1.876,235.27,9.264,1741,15645.4,0,0
1,104.19,1.978,235.87,9.718,1766,15665.4,0,0
1,104.79,1.89,225.26,9.242,1791,15685.3,0,0
1,105.41,1.802,235.39,8.789,1816,15705.3,0,0
1,102.02,1.887,245.99,9.22,1791,15725.3,0,0
1,106.65,1.971,252.48,9.672,1766,15745.3,0,0
1,103.15,1.867,241.12,10.146,1772,15765.3,0,0
1,103.62,1.853,241.12,10.146,1772,15785.3,0,0
1,104.01,1.837,241.12,10.146,1772,15805.2,0,0
1,104.3,1.82,241.12,10.146,1772,15825.2,0,0
1,104.48,1.802,241.12,10.146,1772,15845.2,0,0
1,104.54,1.784,241.12,10.146,1772,15865.2,0,0
1,104.48,1.769,241.12,10.146,1772,15885.2,0,0
1,108.41,1.84,230.27,9.649,1797,15905.1,0,0
1,108.11,1.742,226.17,10.121,1772,15925.1,0,0
1,107.7,1.719,215.99,10.617,1797,15945.1,0,0
1,107.21,1.8,223.38,10.097,1822,15965.1,0,0
1,106.64,1.717,213.33,9.602,1797,15985.1,0,0
1,102.01,1.642,203.73,9.132,1822,16005.0,0,0
1,105.4,1.732,212.9,8.684,1847,16025.0,0,0
1,108.75,1.83,203.32,9.11,1822,16045.0,0,0
1,108.13,1.848,203.32,9.11,1822,16065.0,0,0
1,107.57,1.866,203.32,9.11,1822,16085.0,0,0
1,107.08,1.885,203.32,9.11,1822,16105.0,0,0
1,106.68,1.902,203.32,9.11,1822,16124.9,0,0
1,106.4,1.917,203.32,9.11,1822,16144.9,0,0
1,106.25,1.929,203.32,9.11,1822,16164.9,0,0
1,106.22,1.937,203.32,9.11,1822,16184.9,0,0
1,106.32,1.941,203.32,9.11,1822,16204.9,0,0
1,110.44,2.033,194.17,8.663,1797,16224.8,0,0
1,110.8,2.124,185.43,8.239,1772,16244.8,0,0
1,111.27,2.215,177.09,8.643,1797,16264.8,0,0
1,111.82,2.305,185.05,8.219,1772,16284.8,0,0
1,112.44,2.176,176.73,8.622,1747,16304.8,0,0
1,113.1,2.259,184.68,8.199,1722,16324.7,0,0
1,113.78,2.129,176.37,7.798,1747,16344.7,0,0
1,114.45,2.007,184.31,8.18,1741,16364.7,0,0
1,115.08,1.894,192.6,7.779,1766,16384.7,0,0
1,115.65,1.97,183.93,7.398,1791,16404.7,0,0
1,116.13,2.052,175.66,7.76,1816,16424.7,0,0
1,116.51,1.947,183.56,8.12,1791,16444.6,0,0
1,116.76,2.038,191.82,7.722,1816,16464.6,0,0
1,116.89,2.14,183.19,7.344,1841,16484.6,0,0
1,116.88,2.252,174.94,6.984,1866,16504.6,0,0
1,112.62,2.157,178.62,7.326,1880,16524.6,0,0
1,116.47,2.07,170.59,6.967,1905,16544.5,0,0
1,120.17,2.19,162.91,6.626,1880,16564.5,0,0
1,115.58,2.105,170.24,6.951,1855,16584.5,0,0
1,110.95,2.228,177.9,7.291,1880,16604.5,0,0
1,110.34,2.233,185.91,6.934,1905,16624.5,0,0
1,109.69,2.359,177.54,7.274,1880,16644.4,0,0
1,109.04,2.26,169.55,6.917,1855,16664.4,0,0
1,108.4,2.161,172.89,6.578,1830,16684.4,0,0
1,107.81,2.27,165.11,6.256,1805,16704.4,0,0
1,107.28,2.379,157.89,6.562,1830,16724.4,0,0
1,106.85,2.259,164.99,6.884,1855,16744.4,0,0
1,106.51,2.141,172.42,6.547,1830,16764.3,0,0
1,110.18,2.228,180.18,6.226,1855,16784.3,0,0
1,110.09,2.316,188.29,6.531,1830,16804.3,0,0
1,110.14,2.184,196.76,6.851,1805,16824.3,0,0
1,110.32,2.059,187.9,6.515,1780,16844.3,0,0
1,110.63,1.941,196.36,6.835,1805,16864.2,0,0
1,111.05,1.949,187.52,7.169,1830,16884.2,0,0
1,111.56,1.841,195.96,7.521,1855,16904.2,0,0
1,112.16,1.917,187.14,7.152,1880,16924.2,0,0
1,112.81,2.002,178.72,6.802,1899,16944.2,0,0
1,109.48,1.903,170.68,7.135,1874,16964.1,0,0
1,114.16,1.814,163.0,7.485,1863,16984.1,0,0
1,117.28,1.908,170.33,7.851,1888,17004.1,0,0
1,113.82,1.827,178.0,8.236,1913,17024.1,0,0
1,118.42,1.93,169.99,8.64,1888,17044.1,0,0
1,122.04,2.041,162.34,8.216,1863,17064.1,0,0
1,118.26,1.963,169.65,8.619,1888,17084.0,0,0
1,118.45,2.077,162.01,8.197,1913,17104.0,0,0
1,118.5,2.108,169.3,8.598,1938,17124.0,0,0
1,118.41,2.228,176.92,8.177,1913,17144.0,0,0
1,118.2,2.35,184.88,8.578,1888,17164.0,0,0
1,117.85,2.248,179.07,8.998,1913,17183.9,0,0
1,117.4,2.146,171.01,8.557,1888,17203.9,0,0
1,116.85,2.25,178.71,8.786,1913,17223.9,0,0
1,116.23,2.137,186.75,9.216,1888,17243.9,0,0
1,115.56,2.23,195.15,9.668,1863,17263.9,0,0
1,114.87,2.322,186.37,9.194,1838,17283.9,0,0
1,114.19,2.414,194.76,9.645,1813,17303.8,0,0
1,117.49,2.277,203.52,9.172,1788,17323.8,0,0
1,116.89,2.254,203.52,9.172,1788,17343.8,0,0
1,116.36,2.232,203.52,9.172,1788,17363.8,0,0
1,115.95,2.211,203.52,9.172,1788,17383.8,0,0
1,115.66,2.194,203.52,9.172,1788,17403.7,0,0
1,115.5,2.18,203.52,9.172,1788,17423.7,0,0
1,115.49,2.171,203.52,9.172,1788,17443.7,0,0
1,111.73,2.271,212.68,9.621,1813,17463.7,0,0
1,115.88,2.382,203.11,9.15,1838,17483.7,0,0
1,120.17,2.275,193.97,8.702,1863,17503.6,0,0
1,120.69,2.178,202.7,9.128,1888,17523.6,0,0
1,121.3,2.089,211.82,9.575,1863,17543.6,0,0
1,121.98,2.209,221.35,9.62,1888,17563.6,0,0
1,122.7,2.338,231.31,10.091,1913,17583.6,0,0
1,123.44,2.248,220.91,10.586,1888,17603.6,0,0
1,124.16,2.379,214.75,11.105,1913,17623.5,0,0
1,124.84,2.284,224.41,10.56,1888,17643.5,0,0
1,125.44,2.41,231.53,11.078,1913,17663.5,0,0
1,125.95,2.306,221.11,10.535,1888,17683.5,0,0
1,126.35,2.421,211.16,10.019,1913,17703.5,0,0
1,126.61,2.306,220.66,9.528,1938,17723.4,0,0
1,126.73,2.192,210.73,9.995,1913,17743.4,0,0
1,126.71,2.288,220.21,10.485,1888,17763.4,0,0
1,126.54,2.383,223.65,10.998,1863,17783.4,0,0
1,126.23,2.251,213.59,10.575,1888,17803.4,0,0
1,129.88,2.338,212.14,11.094,1863,17823.3,0,0
1,129.32,2.204,221.69,10.55,1838,17843.3,0,0
1,128.66,2.287,211.72,10.033,1863,17863.3,0,0
1,127.95,2.374,202.19,9.541,1888,17883.3,0,0
1,127.19,2.241,210.18,10.009,1913,17903.3,0,0
1,126.43,2.333,200.72,9.519,1938,17923.3,0,0
1,121.74,2.211,191.69,9.052,1963,17943.2,0,0
1,121.08,2.312,200.31,8.609,1988,17963.2,0,0
1,120.5,2.424,207.35,9.03,1963,17983.2,0,0
1,120.02,2.315,216.68,8.588,1938,18003.2,0,0
1,119.66,2.215,206.93,8.167,1913,18023.2,0,0
1,119.44,2.339,197.62,7.767,1888,18043.1,0,0
1,107.42,1.731,188.73,8.148,1863,18063.1,1,0
1,119.42,2.496,188.73,8.148,1863,18083.1,0,0
1,119.63,2.521,188.73,8.148,1863,18103.1,0,0
1,119.98,2.546,188.73,8.148,1863,18123.1,0,0
1,120.45,2.568,188.73,8.148,1863,18143.0,0,0
1,121.02,2.587,188.73,8.148,1863,18163.0,0,0
1,121.67,2.601,188.73,8.148,1863,18183.0,0,0
1,118.4,2.735,197.22,8.547,1838,18203.0,0,0
1,119.11,2.738,197.22,8.547,1838,18223.0,0,0
1,119.82,2.734,197.22,8.547,1838,18243.0,0,0
1,120.49,2.724,197.22,8.547,1838,18262.9,0,0
1,121.11,2.708,197.22,8.547,1838,18282.9,0,0
1,121.65,2.688,197.22,8.547,1838,18302.9,0,0
1,126.19,2.536,188.35,8.128,1813,18322.9,0,0
1,126.51,2.511,188.35,8.128,1813,18342.9,0,0
1,126.7,2.486,188.35,8.128,1813,18362.8,0,0
1,126.74,2.463,188.35,8.128,1813,18382.8,0,0
1,126.63,2.442,188.35,8.128,1813,18402.8,0,0
1,126.38,2.425,188.35,8.128,1813,18422.8,0,0
1,123.31,2.529,179.87,7.73,1788,18442.8,0,0
1,122.83,2.643,171.78,7.351,1813,18462.7,0,0
1,122.24,2.77,179.51,6.991,1788,18482.7,0,0
1,121.59,2.644,187.58,7.333,1813,18502.7,0,0
1,120.88,2.53,196.02,7.693,1838,18522.7,0,0
1,120.16,2.425,204.85,8.07,1813,18542.7,0,0
1,119.45,2.329,195.63,7.674,1838,18562.7,0,0
1,118.78,2.464,204.43,8.05,1863,18582.6,0,0
1,114.25,2.369,195.23,7.656,1838,18602.6,0,0
1,113.75,2.507,186.45,7.281,1813,18622.6,0,0
1,113.36,2.651,194.84,7.637,1838,18642.6,0,0
1,113.09,2.773,186.07,8.012,1863,18662.6,0,0
1,112.95,2.923,194.44,8.404,1888,18682.5,0,0
1,112.95,3.075,203.19,7.992,1913,18702.5,0,0
1,113.09,2.931,194.05,8.382,1888,18722.5,0,0
1,113.36,3.069,202.78,8.05,1913,18742.5,0,0
1,113.75,3.206,211.91,8.382,1888,18762.5,0,0
1,118.18,3.035,221.44,8.793,1913,18782.5,0,0
1,122.73,3.157,231.41,9.224,1938,18802.4,0,0
1,123.42,3.13,231.41,9.224,1938,18822.4,0,0
1,150.0,3.969,211.41,7.224,1938,18842.4,0,1
1,124.9,3.069,231.41,9.224,1938,18862.4,0,0
1,125.63,3.039,231.41,9.224,1938,18882.4,0,0
1,126.31,3.013,231.41,9.224,1938,18902.3,0,0
1,126.91,2.991,231.41,9.224,1938,18922.3,0,0
1,127.41,2.975,231.41,9.224,1938,18942.3,0,0
1,127.8,2.967,231.41,9.224,1938,18962.3,0,0
1,128.05,2.966,231.41,9.224,1938,18982.3,0,0
1,124.03,2.829,220.99,8.772,1913,19002.2,0,0
1,119.88,2.706,230.94,8.425,1938,19022.2,0,0
1,119.7,2.724,230.94,8.425,1938,19042.2,0,0
1,119.39,2.747,230.94,8.425,1938,19062.2,0,0
1,118.97,2.773,230.94,8.425,1938,19082.2,0,0
1,118.44,2.801,230.94,8.425,1938,19102.2,0,0
1,117.84,2.829,230.94,8.425,1938,19122.1,0,0
1,117.17,2.854,230.94,8.425,1938,19142.1,0,0
1,116.48,2.739,241.33,8.012,1913,19162.1,0,0
1,115.79,2.623,252.19,8.405,1888,19182.1,0,0
1,115.12,2.507,240.84,7.993,1863,19202.1,0,0
1,114.5,2.632,230.0,8.384,1888,19222.0,0,0
1,113.96,2.757,240.35,7.974,1913,19242.0,0,0
1,109.62,2.617,229.54,8.364,1938,19262.0,0,0
1,105.41,2.478,219.21,7.954,1913,19282.0,0,0
1,105.23,2.461,219.21,7.954,1913,19302.0,0,0
1,105.17,2.44,219.21,7.954,1913,19321.9,0,0
1,105.24,2.416,219.21,7.954,1913,19341.9,0,0
1,105.44,2.392,219.21,7.954,1913,19361.9,0,0
1,105.76,2.369,219.21,7.954,1913,19381.9,0,0
1,110.1,2.301,229.07,7.565,1938,19401.9,0,0
1,110.63,2.393,239.38,7.935,1913,19421.9,0,0
1,111.24,2.494,228.61,7.546,1888,19441.8,0,0
1,111.89,2.367,218.32,7.916,1913,19461.8,0,0
1,112.56,2.478,208.5,7.528,1938,19481.8,0,0
1,113.22,2.363,217.88,7.897,1925,19501.8,0,0
1,117.91,2.487,214.95,8.284,1950,19521.8,0,0
1,118.51,2.383,224.62,7.878,1925,19541.7,0,0
1,119.02,2.518,224.03,8.264,1900,19561.7,0,0
1,119.43,2.664,213.95,8.669,1875,19581.7,0,0
1,119.73,2.561,223.58,9.094,1900,19601.7,0,0
1,119.89,2.711,229.33,8.648,1875,19621.7,0,0
1,119.91,2.605,225.17,8.454,1900,19641.6,0,0
1,119.79,2.5,215.04,8.868,1875,19661.6,0,0
1,119.54,2.636,224.72,8.434,1850,19681.6,0,0
1,115.08,2.775,234.83,8.021,1875,19701.6,0,0
1,114.61,2.781,234.83,8.021,1875,19721.6,0,0
1,114.06,2.78,234.83,8.021,1875,19741.6,0,0
1,113.44,2.773,234.83,8.021,1875,19761.5,0,0
1,112.78,2.759,234.83,8.021,1875,19781.5,0,0
1,112.11,2.74,234.83,8.021,1875,19801.5,0,0
1,111.45,2.718,234.83,8.021,1875,19821.5,0,0
1,106.88,2.743,224.26,8.414,1900,19841.5,0,0
1,106.34,2.716,224.26,8.414,1900,19861.4,0,0
1,105.89,2.689,224.26,8.414,1900,19881.4,0,0
1,105.54,2.665,224.26,8.414,1900,19901.4,0,0
1,105.3,2.644,224.26,8.414,1900,19921.4,0,0
1,105.18,2.629,224.26,8.414,1900,19941.4,0,0
1,105.2,2.619,224.26,8.414,1900,19961.3,0,0
1,105.34,2.49,234.36,8.001,1925,19981.3,0,0
1,105.61,2.374,223.81,8.393,1931,20001.3,0,0
1,105.98,2.498,214.16,7.982,1906,20021.3,0,0
1,106.46,2.634,204.52,7.591,1881,20041.3,0,0
1,107.01,2.527,195.31,7.963,1856,20061.3,0,0
1,107.62,2.673,204.1,8.353,1831,20081.2,0,0
1,108.26,2.599,213.29,8.762,1856,20101.2,0,0
1,104.89,2.499,203.69,8.333,1881,20121.2,0,0
1,105.5,2.644,194.52,8.741,1856,20141.2,0,0
1,106.06,2.538,203.28,9.17,1869,20161.2,0,0
1,106.56,2.677,212.43,8.72,1844,20181.1,0,0
1,106.97,2.819,221.99,9.148,1819,20201.1,0,0
1,107.28,2.961,231.97,9.596,1794,20221.1,0,0
1,107.48,3.104,242.41,10.066,1819,20241.1,0,0
1,103.44,3.245,231.5,9.573,1844,20261.1,0,0
1,103.39,3.386,232.75,9.448,1819,20281.0,0,0
1,103.23,3.525,222.28,9.574,1844,20301.0,0,0
1,102.95,3.641,212.27,10.043,1869,20321.0,0,0
1,102.57,3.78,221.82,10.535,1894,20341.0,0,0
1,102.11,3.564,227.88,10.67,1919,20361.0,0,0
1,105.63,3.698,238.13,10.147,1894,20381.0,0,0
1,109.05,3.84,227.42,10.266,1869,20400.9,0,0
1,108.41,3.657,217.18,9.763,1894,20420.9,0,0
1,107.76,3.46,207.41,10.242,1919,20440.9,0,0
1,107.14,3.28,198.08,10.241,1944,20460.9,0,0
1,106.58,3.213,206.99,9.739,1969,20480.9,0,0
1,106.08,3.061,216.3,9.262,1944,20500.8,0,0
1,105.68,3.111,226.04,8.891,1919,20520.8,0,0
1,105.39,2.978,236.21,9.327,1944,20540.8,0,0
1,105.22,2.857,225.58,9.784,1969,20560.8,0,0
1,105.17,3.022,215.43,9.304,1964,20580.8,0,0
1,105.26,3.198,205.74,9.76,1944,20600.8,0,0
1,105.47,3.241,196.48,9.282,1969,20620.7,0,0
1,95.22,2.181,205.32,9.506,1944,20640.7,1,0
1,106.24,3.142,205.32,9.506,1944,20660.7,0,0
1,106.76,3.163,205.32,9.506,1944,20680.7,0,0
1,107.35,3.179,205.32,9.506,1944,20700.7,0,0
1,107.98,3.188,205.32,9.506,1944,20720.6,0,0
1,108.62,3.19,205.32,9.506,1944,20740.6,0,0
1,109.26,3.184,205.32,9.506,1944,20760.6,0,0
1,113.92,3.323,196.08,9.04,1969,20780.6,0,0
1,114.49,3.318,204.9,9.483,1986,20800.6,0,0
1,114.98,3.45,214.12,9.947,1961,20820.5,0,0
1,115.37,3.583,209.75,10.435,1986,20840.5,0,0
1,115.64,3.718,200.31,9.924,1961,20860.5,0,0
1,115.78,3.505,191.3,9.437,1936,20880.5,0,0
1,115.78,3.305,199.91,9.9,1911,20900.5,0,0
1,115.66,3.435,208.9,10.385,1936,20920.5,0,0
1,119.51,3.249,199.5,9.876,1911,20940.4,0,0
1,115.03,3.079,208.48,9.864,1936,20960.4,0,0
1,114.55,3.073,208.48,9.864,1936,20980.4,0,0
1,113.99,3.075,208.48,9.864,1936,21000.4,0,0
1,113.37,3.085,208.48,9.864,1936,21020.4,0,0
1,112.71,3.102,208.48,9.864,1936,21040.3,0,0
1,112.03,3.125,208.48,9.864,1936,21060.3,0,0
1,111.38,3.152,208.48,9.864,1936,21080.3,0,0
1,106.82,3.336,217.86,10.347,1911,21100.3,0,0
1,106.29,3.531,208.06,9.84,1886,21120.3,0,0
1,105.85,3.736,217.42,9.358,1861,21140.2,0,0
1,105.5,3.588,207.63,9.816,1836,21160.2,0,0
1,105.28,3.787,216.98,10.297,1861,21180.2,0,0
1,105.18,3.625,207.21,10.448,1886,21200.2,0,0
1,105.21,3.462,197.89,9.936,1861,21220.2,0,0
1,105.36,3.298,206.79,9.449,1836,21240.2,0,0
1,105.64,3.135,216.1,9.912,1861,21260.1,0,0
1,106.03,2.973,206.38,9.426,1836,21280.1,0,0
1,110.45,2.814,215.66,9.888,1861,21300.1,0,0
1,114.98,2.926,221.01,10.373,1886,21320.1,0,0
1,115.64,2.761,211.06,10.881,1861,21340.1,0,0
1,116.33,2.603,201.56,10.348,1836,21360.0,0,0
1,117.02,2.701,192.49,10.855,1811,21380.0,0,0
1,117.69,2.547,201.16,10.323,1836,21400.0,0,0
1,118.31,2.646,192.1,9.817,1861,21420.0,0,0
1,118.86,2.502,200.75,10.298,1836,21440.0,0,0
1,115.21,2.371,191.71,9.794,1811,21459.9,0,0
1,115.53,2.365,191.71,9.794,1811,21479.9,0,0
1,115.73,2.366,191.71,9.794,1811,21499.9,0,0
1,115.8,2.372,191.71,9.794,1811,21519.9,0,0
1,115.73,2.384,191.71,9.794,1811,21539.9,0,0
1,115.53,2.401,191.71,9.794,1811,21559.9,0,0
1,115.21,2.422,191.71,9.794,1811,21579.8,0,0
1,114.78,2.445,191.71,9.794,1811,21599.8,0,0
1,114.25,2.47,191.71,9.794,1811,21619.8,0,0
1,113.65,2.494,191.71,9.794,1811,21639.8,0,0
1,108.98,2.425,183.09,9.907,1786,21659.8,0,0
1,108.34,2.443,183.09,9.907,1786,21679.7,0,0
1,107.69,2.457,183.09,9.907,1786,21699.7,0,0
1,107.08,2.466,183.09,9.907,1786,21719.7,0,0
1,106.52,2.469,183.09,9.907,1786,21739.7,0,0
1,106.03,2.466,183.09,9.907,1786,21759.7,0,0
1,105.64,2.457,183.09,9.907,1786,21779.6,0,0
1,105.36,2.444,183.09,9.907,1786,21799.6,0,0
1,105.21,2.426,183.09,9.907,1786,21819.6,0,0
1,105.18,2.289,191.33,10.393,1811,21839.6,0,0
1,105.28,2.158,182.72,10.902,1836,21859.6,0,0
1,105.5,2.239,174.49,11.436,1861,21879.6,0,0
1,105.85,2.111,182.35,10.876,1872,21899.5,0,0
1,102.37,1.992,190.55,11.409,1897,21919.5,0,0
1,98.94,1.883,181.98,10.85,1872,21939.5,0,0
1,99.49,1.874,181.98,10.85,1872,21959.5,0,0
1,100.07,1.869,181.98,10.85,1872,21979.5,0,0
1,100.67,1.868,181.98,10.85,1872,21999.4,0,0
1,101.27,1.873,181.98,10.85,1872,22019.4,0,0
1,101.82,1.881,181.98,10.85,1872,22039.4,0,0
1,102.33,1.894,181.98,10.85,1872,22059.4,0,0
1,98.66,1.819,173.79,10.318,1847,22079.4,0,0
1,98.98,1.924,181.61,9.813,1822,22099.4,0,0
1,99.2,2.037,173.44,9.332,1847,22119.3,0,0
1,99.31,2.156,181.24,9.789,1872,22139.3,0,0
1,99.3,2.279,189.4,10.269,1847,22159.3,0,0
1,99.18,2.187,197.92,9.766,1822,22179.3,0,0
1,103.05,2.094,189.01,9.287,1847,22199.3,0,0
1,102.71,2.002,197.52,9.742,1822,22219.2,0,0
1,102.27,2.052,188.63,9.265,1847,22239.2,0,0
1,101.77,1.952,197.12,9.719,1822,22259.2,0,0
1,101.2,2.039,205.99,9.242,1847,22279.2,0,0
1,100.61,1.931,196.72,8.79,1822,22299.2,0,0
1,100.01,1.825,205.57,9.22,1807,22319.1,0,0
1,99.43,1.896,196.32,9.237,1832,22339.1,0,0
1,102.82,1.788,187.49,9.69,1857,22359.1,0,0
1,106.24,1.792,179.05,9.215,1832,22379.1,0,0
1,101.9,1.859,180.68,8.764,1807,22399.1,0,0
1,105.47,1.755,188.81,8.334,1782,22419.1,0,0
1,109.14,1.825,197.31,8.743,1757,22439.0,0,0
1,109.05,1.815,197.31,8.743,1757,22459.0,0,0
1,109.1,1.81,197.31,8.743,1757,22479.0,0,0
1,109.28,1.808,197.31,8.743,1757,22499.0,0,0
1,109.58,1.812,197.31,8.743,1757,22519.0,0,0
1,106.08,1.733,188.43,8.314,1732,22538.9,0,0
1,110.51,1.828,179.95,7.907,1707,22558.9,0,0
1,111.09,1.843,179.95,7.907,1707,22578.9,0,0
1,111.74,1.86,179.95,7.907,1707,22598.9,0,0
1,112.41,1.879,179.95,7.907,1707,22618.9,0,0
1,113.07,1.897,179.95,7.907,1707,22638.8,0,0
1,113.72,1.915,179.95,7.907,1707,22658.8,0,0
1,114.31,1.93,179.95,7.907,1707,22678.8,0,0
1,114.83,1.942,179.95,7.907,1707,22698.8,0,0
1,115.25,1.95,179.95,7.907,1707,22718.8,0,0
1,118.68,2.048,188.05,8.294,1732,22738.8,0,0
1,122.98,2.145,196.51,7.888,1707,22758.7,0,0
1,118.92,2.037,187.67,7.501,1682,22778.7,0,0
1,118.84,2.124,196.11,7.869,1657,22798.7,0,0
1,118.62,2.21,187.29,7.483,1632,22818.7,0,0
1,118.27,2.087,178.86,7.117,1657,22838.7,0,0
1,117.82,2.166,186.91,6.768,1682,22858.6,0,0
1,113.21,2.248,178.5,6.436,1707,22878.6,0,0
1,116.65,2.119,186.53,6.752,1682,22898.6,0,0
1,119.99,2.201,178.14,6.421,1702,22918.6,0,0
1,119.28,2.289,170.12,6.106,1677,22938.6,0,0
1,118.57,2.385,177.78,6.405,1702,22958.5,0,0
1,117.9,2.262,185.78,6.719,1727,22978.5,0,0
1,117.29,2.368,194.14,7.049,1752,22998.5,0,0
1,116.77,2.486,185.4,6.703,1752,23018.5,0,0
1,116.35,2.616,193.74,7.032,1727,23038.5,0,0
1,116.06,2.758,185.03,6.687,1702,23058.5,0,0
1,115.9,2.914,193.35,7.015,1724,23078.4,0,0
1,119.76,3.082,199.07,7.359,1749,23098.4,0,0
1,116.01,3.226,208.03,6.998,1774,23118.4,0,0
1,112.38,3.102,198.67,6.689,1749,23138.4,0,0
1,112.76,2.981,189.73,7.017,1729,23158.4,0,0
1,113.24,2.861,198.26,6.673,1707,23178.3,0,0
1,113.81,2.742,207.19,6.346,1732,23198.3,0,0
1,114.45,2.622,216.51,6.657,1757,23218.3,0,0
1,103.62,1.84,216.51,6.657,1757,23238.3,1,0
1,115.82,2.628,216.51,6.657,1757,23258.3,0,0
1,116.5,2.622,216.51,6.657,1757,23278.2,0,0
1,117.13,2.609,216.51,6.657,1757,23298.2,0,0
1,117.7,2.592,216.51,6.657,1757,23318.2,0,0
1,118.18,2.571,216.51,6.657,1757,23338.2,0,0
1,118.55,2.547,216.51,6.657,1757,23358.2,0,0
1,122.91,2.643,206.77,6.983,1732,23378.2,0,0
1,123.03,2.617,206.77,6.983,1732,23398.1,0,0
1,123.01,2.593,206.77,6.983,1732,23418.1,0,0
1,122.84,2.572,206.77,6.983,1732,23438.1,0,0
1,122.55,2.557,206.77,6.983,1732,23458.1,0,0
1,122.12,2.424,197.46,6.641,1757,23478.1,0,0
1,121.59,2.305,206.35,6.316,1782,23498.0,0,0
1,120.98,2.418,197.06,6.006,1757,23518.0,0,0
1,120.31,2.544,205.93,6.301,1782,23538.0,0,0
1,119.6,2.436,215.2,6.609,1757,23558.0,0,0
1,118.89,2.337,224.88,6.933,1782,23578.0,0,0
1,118.19,2.472,216.6,6.593,1807,23598.0,0,0
1,113.62,2.61,206.85,6.916,1786,23617.9,0,0
1,113.07,2.636,206.85,6.916,1786,23637.9,0,0
1,112.62,2.661,206.85,6.916,1786,23657.9,0,0
1,112.28,2.683,206.85,6.916,1786,23677.9,0,0
1,112.07,2.702,206.85,6.916,1786,23697.9,0,0
1,111.99,2.715,206.85,6.916,1786,23717.8,0,0
1,112.05,2.722,206.85,6.916,1786,23737.8,0,0
1,112.25,2.723,206.85,6.916,1786,23757.8,0,0
1,116.47,2.587,203.32,7.255,1811,23777.8,0,0
1,116.93,2.7,201.58,6.9,1804,23797.8,0,0
1,117.48,2.811,192.51,7.238,1829,23817.7,0,0
1,118.12,2.655,183.85,7.593,1804,23837.7,0,0
1,118.8,2.757,175.57,7.221,1810,23857.7,0,0
1,119.51,2.599,183.48,7.574,1835,23877.7,0,0
1,120.22,2.697,175.22,7.556,1860,23897.7,0,0
1,116.86,2.8,183.1,7.926,1885,23917.7,0,0
1,117.46,2.644,191.34,8.315,1910,23937.6,0,0
1,117.98,2.501,199.95,8.722,1885,23957.6,0,0
1,118.4,2.501,208.95,8.295,1860,23977.6,0,0
1,118.7,2.616,199.55,7.888,1885,23997.6,0,0
1,114.76,2.493,208.53,8.275,1860,24017.6,0,0
1,114.8,2.501,208.53,8.275,1860,24037.5,0,0
1,114.7,2.515,208.53,8.275,1860,24057.5,0,0
1,114.48,2.534,208.53,8.275,1860,24077.5,0,0
1,114.13,2.557,208.53,8.275,1860,24097.5,0,0
1,113.68,2.582,208.53,8.275,1860,24117.5,0,0
1,113.14,2.607,208.53,8.275,1860,24137.4,0,0
1,114.83,2.506,199.14,8.68,1885,24157.4,0,0
1,110.15,2.406,190.18,9.106,1910,24177.4,0,0
1,109.49,2.54,198.74,9.552,1885,24197.4,0,0
1,108.85,2.676,189.8,9.084,1910,24217.4,0,0
1,108.23,2.813,198.34,8.639,1885,24237.4,0,0
1,107.68,2.68,191.42,8.216,1860,24257.3,0,0
1,107.21,2.547,198.94,8.618,1885,24277.3,0,0
1,106.84,2.658,189.99,8.196,1910,24297.3,0,0
1,106.58,2.769,198.54,8.597,1885,24317.3,0,0
1,106.45,2.879,207.48,8.441,1860,24337.3,0,0
1,102.8,2.99,216.81,8.854,1835,24357.2,0,0
1,102.93,3.103,207.06,8.421,1810,24377.2,0,0
1,103.18,2.925,216.37,8.833,1835,24397.2,0,0
1,103.53,2.758,206.64,8.4,1860,24417.2,0,0
1,103.99,2.604,215.94,8.812,1835,24437.2,0,0
1,104.52,2.711,215.2,8.38,1810,24457.1,0,0
1,105.11,2.828,205.51,7.97,1835,24477.1,0,0
1,101.74,2.686,214.76,8.36,1860,24497.1,0,0
1,106.37,2.816,205.1,8.77,1885,24517.1,0,0
1,104.23,2.689,214.33,8.34,1910,24537.1,0,0
1,100.74,2.832,210.32,8.749,1885,24557.1,0,0
1,101.22,2.853,210.32,8.749,1885,24577.0,0,0
1,101.62,2.878,210.32,8.749,1885,24597.0,0,0
1,101.93,2.906,210.32,8.749,1885,24617.0,0,0
1,102.13,2.935,210.32,8.749,1885,24637.0,0,0
1,102.22,2.964,210.32,8.749,1885,24657.0,0,0
1,102.18,2.846,219.79,9.177,1910,24676.9,0,0
1,102.03,2.93,229.68,9.627,1935,24696.9,0,0
1,101.77,3.088,240.01,9.155,1910,24716.9,0,0
1,101.41,3.247,229.21,9.604,1935,24736.9,0,0
1,105.03,3.406,218.9,9.133,1910,24756.9,0,0
1,104.5,3.239,209.05,8.686,1885,24776.8,0,0
1,103.91,3.072,218.46,8.26,1910,24796.8,0,0
1,103.3,3.201,214.12,7.855,1885,24816.8,0,0
1,102.68,3.329,223.75,8.015,1860,24836.8,0,0
1,102.09,3.458,213.68,8.408,1835,24856.8,0,0
1,101.54,3.26,223.3,8.82,1860,24876.8,0,0
1,101.06,3.073,213.25,9.252,1835,24896.7,0,0
1,104.57,2.898,203.65,8.799,1810,24916.7,0,0
1,104.27,3.011,212.82,8.368,1785,24936.7,0,0
1,104.08,2.967,203.24,8.778,1810,24956.7,0,0
1,104.02,2.81,200.66,9.208,1835,24976.7,0,0
1,104.09,2.937,191.63,8.756,1860,24996.6,0,0
1,104.29,2.796,200.25,8.327,1835,25016.6,0,0
1,104.6,2.669,209.26,8.735,1810,25036.6,0,0
1,105.02,2.553,218.68,8.307,1798,25056.6,0,0
1,109.46,2.694,228.52,8.714,1773,25076.6,0,0
1,110.06,2.587,218.24,9.141,1798,25096.6,0,0
1,110.7,2.737,228.06,9.589,1823,25116.5,0,0
1,111.37,2.632,217.79,9.12,1798,25136.5,0,0
1,112.03,2.785,207.99,8.673,1773,25156.5,0,0
1,112.65,2.945,217.35,9.098,1748,25176.5,0,0
1,117.3,2.825,207.57,8.652,1723,25196.5,0,0
1,117.81,2.978,198.23,9.076,1748,25216.4,0,0
1,118.22,3.133,207.15,9.52,1773,25236.4,0,0
1,118.51,2.987,216.47,9.987,1798,25256.4,0,0
1,118.67,3.122,206.73,10.476,1780,25276.4,0,0
1,118.69,2.962,197.43,9.963,1755,25296.4,0,0
1,118.58,3.087,206.31,9.475,1730,25316.3,0,0
1,118.33,3.212,197.03,9.011,1755,25336.3,0,0
1,117.96,3.031,188.16,8.569,1780,25356.3,0,0
1,117.48,3.146,196.63,8.149,1755,25376.3,0,0
1,116.92,2.966,187.78,7.75,1730,25396.3,0,0
1,116.28,2.796,179.33,7.37,1705,25416.3,0,0
1,115.61,2.639,171.26,7.009,1730,25436.2,0,0
1,114.92,2.494,163.56,7.352,1755,25456.2,0,0
1,114.24,2.361,170.92,7.713,1730,25476.2,0,0
1,109.66,2.467,178.61,7.335,1705,25496.2,0,0
1,109.11,2.348,186.64,7.694,1680,25516.2,0,0
1,108.64,2.466,195.04,8.071,1655,25536.1,0,0
1,108.28,2.424,203.82,7.676,1680,25556.1,0,0
1,108.03,2.557,194.65,7.3,1705,25576.1,0,0
1,107.91,2.702,203.41,7.657,1730,25596.1,0,0
1,104.05,2.597,212.56,8.032,1755,25616.1,0,0
1,100.3,2.749,222.13,8.426,1780,25636.0,0,0
1,104.45,2.643,212.13,8.013,1755,25656.0,0,0
1,104.82,2.667,212.13,8.013,1755,25676.0,0,0
1,105.29,2.688,212.13,8.013,1755,25696.0,0,0
1,105.84,2.704,212.13,8.013,1755,25716.0,0,0
1,106.44,2.715,212.13,8.013,1755,25736.0,0,0
1,107.08,2.72,212.13,8.013,1755,25755.9,0,0
1,107.72,2.719,212.13,8.013,1755,25775.9,0,0
1,104.3,2.581,221.68,8.406,1780,25795.9,0,0
1,94.37,1.797,221.68,8.406,1780,25815.9,1,0
1,105.35,2.549,221.68,8.406,1780,25835.9,0,0
1,105.76,2.528,221.68,8.406,1780,25855.8,0,0
1,106.07,2.504,221.68,8.406,1780,25875.8,0,0
1,106.26,2.479,221.68,8.406,1780,25895.8,0,0
1,106.34,2.455,221.68,8.406,1780,25915.8,0,0
1,106.29,2.433,221.68,8.406,1780,25935.8,0,0
1,110.23,2.531,211.7,7.994,1805,25955.7,0,0
1,105.84,2.637,221.23,8.386,1780,25975.7,0,0
1,101.37,2.754,211.27,8.797,1777,25995.7,0,0
1,100.91,2.884,220.78,9.228,1802,26015.7,0,0
1,100.39,2.75,230.12,9.68,1777,26035.7,0,0
1,99.82,2.629,219.77,10.154,1802,26055.7,0,0
1,99.23,2.773,209.88,9.656,1827,26075.6,0,0
1,94.66,2.661,200.43,9.183,1802,26095.6,0,0
1,98.07,2.557,209.45,8.733,1827,26115.6,0,0
1,97.55,2.707,218.88,9.161,1852,26135.6,0,0
1,97.1,2.602,209.03,8.9,1827,26155.6,0,0
1,96.73,2.5,209.03,8.464,1852,26175.5,0,0
1,96.46,2.4,218.44,8.878,1877,26195.5,0,0
1,96.31,2.531,228.27,9.313,1902,26215.5,0,0
1,96.27,2.42,218.0,8.857,1877,26235.5,0,0
1,96.34,2.426,218.0,8.857,1877,26255.5,0,0
1,96.54,2.425,218.0,8.857,1877,26275.4,0,0
1,96.84,2.419,218.0,8.857,1877,26295.4,0,0
1,97.23,2.407,218.0,8.857,1877,26315.4,0,0
1,97.71,2.391,218.0,8.857,1877,26335.4,0,0
1,98.25,2.371,218.0,8.857,1877,26355.4,0,0
1,98.83,2.349,218.0,8.857,1877,26375.4,0,0
1,99.42,2.326,218.0,8.857,1877,26395.3,0,0
1,104.04,2.193,208.19,9.291,1900,26415.3,0,0
1,100.56,2.068,217.55,9.746,1925,26435.3,0,0
1,101.06,2.151,227.34,9.269,1950,26455.3,0,0
1,101.5,2.15,227.85,9.248,1925,26475.3,0,0
1,101.84,2.244,228.57,8.795,1950,26495.2,0,0
1,102.07,2.134,218.28,8.779,1975,26515.2,0,0
1,106.32,2.239,208.46,9.209,2000,26535.2,0,0
1,106.33,2.356,217.84,9.66,1975,26555.2,0,0
1,106.21,2.484,210.6,9.187,2000,26575.2,0,0
1,105.98,2.383,201.13,8.736,1975,26595.2,0,0
1,105.64,2.29,210.18,9.165,2000,26615.1,0,0
1,105.2,2.423,200.72,8.715,1975,26635.1,0,0
1,104.68,2.33,191.69,9.142,2000,26655.1,0,0
1,104.11,2.465,183.06,9.59,1975,26675.1,0,0
1,103.5,2.581,174.82,9.121,2000,26695.1,0,0
1,98.9,2.723,166.96,8.674,1975,26715.0,0,0
1,101.44,2.605,174.47,8.249,1950,26735.0,0,0
1,100.87,2.486,182.32,7.844,1925,26755.0,0,0
1,100.37,2.461,190.53,8.229,1900,26775.0,0,0
1,99.95,2.338,199.1,7.826,1925,26795.0,0,0
1,99.63,2.439,190.14,7.442,1900,26814.9,0,0
1,95.53,2.539,181.58,7.077,1875,26834.9,0,0
1,95.44,2.64,173.41,6.731,1850,26854.9,0,0
1,95.46,2.49,165.61,7.061,1825,26874.9,0,0
1,95.61,2.395,173.06,7.406,1850,26894.9,0,0
1,95.86,2.485,177.82,7.044,1875,26914.9,0,0
1,96.21,2.58,185.82,6.698,1850,26934.8,0,0
1,96.65,2.437,194.18,7.027,1825,26954.8,0,0
1,97.16,2.305,202.92,7.371,1800,26974.8,0,0
1,97.72,2.296,202.92,7.371,1800,26994.8,0,0
1,98.3,2.292,202.92,7.371,1800,27014.8,0,0
1,127.89,3.182,182.92,5.371,1800,27034.7,0,1
1,99.45,2.302,202.92,7.371,1800,27054.7,0,0
1,99.98,2.315,202.92,7.371,1800,27074.7,0,0
1,96.36,2.221,212.05,7.732,1825,27094.7,0,0
1,96.72,2.348,202.51,8.111,1850,27114.7,0,0
1,96.99,2.258,193.4,7.714,1875,27134.6,0,0
1,97.16,2.39,184.69,8.092,1900,27154.6,0,0
1,97.22,2.297,176.38,8.488,1925,27174.6,0,0
1,97.16,2.427,168.45,8.072,1950,27194.6,0,0
1,101.11,2.562,160.87,7.793,1925,27214.6,0,0
1,100.83,2.575,160.87,7.793,1925,27234.6,0,0
1,100.45,2.582,160.87,7.793,1925,27254.5,0,0
1,99.99,2.584,160.87,7.793,1925,27274.5,0,0
1,99.46,2.579,160.87,7.793,1925,27294.5,0,0
1,98.9,2.568,160.87,7.793,1925,27314.5,0,0
1,94.31,2.43,168.1,7.411,1900,27334.5,0,0
1,97.73,2.527,175.67,7.36,1925,27354.4,0,0
1,97.17,2.384,167.76,6.999,1950,27374.4,0,0
1,96.66,2.474,160.21,7.342,1975,27394.4,0,0
1,96.22,2.332,153.01,7.702,2000,27414.4,0,0
1,95.86,2.421,159.55,8.023,1975,27434.4,0,0
1,95.61,2.285,152.37,7.63,1950,27454.3,0,0
1,95.47,2.379,159.23,8.004,1975,27474.3,0,0
1,95.44,2.482,152.06,7.612,1950,27494.3,0,0
1,95.53,2.596,158.9,7.985,1975,27514.3,0,0
1,95.73,2.473,166.05,8.376,1950,27534.3,0,0
1,99.95,2.531,173.53,8.786,1925,27554.3,0,0
1,104.29,2.667,181.34,8.356,1950,27574.2,0,0
1,100.87,2.764,189.5,7.946,1975,27594.2,0,0
1,105.39,2.922,198.02,8.336,2000,27614.2,0,0
1,106.01,2.95,198.02,8.336,2000,27634.2,0,0
1,106.65,2.98,198.02,8.336,2000,27654.2,0,0
1,107.27,3.009,198.02,8.336,2000,27674.1,0,0
1,107.86,3.035,198.02,8.336,2000,27694.1,0,0
1,108.4,3.057,198.02,8.336,2000,27714.1,0,0
1,108.85,3.074,198.02,8.336,2000,27734.1,0,0
1,105.1,2.936,189.11,7.927,1975,27754.1,0,0
1,109.44,2.797,180.6,8.316,1950,27774.0,0,0
1,109.56,2.664,188.73,7.908,1975,27794.0,0,0
1,109.56,2.781,197.22,8.296,1950,27814.0,0,0
1,109.43,2.898,206.1,8.702,1975,27834.0,0,0
1,109.17,3.014,204.54,9.129,1950,27854.0,0,0
1,108.81,2.844,213.75,9.576,1975,27874.0,0,0
1,108.35,2.681,204.13,9.107,2000,27893.9,0,0
1,107.81,2.527,213.31,9.553,1975,27913.9,0,0
1,111.25,2.383,203.71,10.021,2000,27933.9,0,0
1,110.59,2.476,194.55,10.512,2025,27953.9,0,0
1,109.93,2.493,203.3,11.027,2050,27973.9,0,0
1,109.29,2.495,194.15,11.567,2075,27993.8,0,0
1,108.69,2.573,202.89,12.134,2050,28013.8,0,0
1,108.16,2.45,193.76,11.54,2025,28033.8,0,0
1,107.72,2.575,185.04,10.974,2000,28053.8,0,0
1,107.38,2.463,193.37,11.512,2025,28073.8,0,0
1,103.28,2.362,202.07,10.948,2050,28093.7,0,0
1,107.08,2.497,211.16,11.484,2025,28113.7,0,0
1,107.12,2.642,201.66,10.921,2039,28133.7,0,0
1,107.29,2.796,210.73,10.386,2014,28153.7,0,0
1,107.59,2.959,201.25,9.877,2039,28173.7,0,0
1,108.0,2.842,192.2,10.361,2014,28193.7,0,0
1,108.5,3.001,200.84,10.869,2039,28213.6,0,0
1,109.07,3.163,198.44,10.524,2064,28233.6,0,0
1,109.7,3.022,207.37,10.008,2039,28253.6,0,0
1,110.36,3.171,198.04,9.518,2014,28273.6,0,0
1,115.04,3.32,189.13,9.051,1989,28293.6,0,0
1,115.7,3.467,197.64,9.495,1974,28313.5,0,0
1,116.3,3.282,206.53,9.96,1949,28333.5,0,0
1,116.83,3.102,215.83,9.472,1924,28353.5,0,0
1,117.26,3.222,206.11,9.929,1900,28373.5,0,0
1,105.82,2.127,215.39,10.416,1875,28393.5,1,0
1,117.76,3.008,215.39,10.416,1875,28413.5,0,0
1,117.82,2.979,215.39,10.416,1875,28433.4,0,0
1,117.74,2.953,215.39,10.416,1875,28453.4,0,0
1,117.52,2.932,215.39,10.416,1875,28473.4,0,0
1,117.18,2.917,215.39,10.416,1875,28493.4,0,0
1,116.73,2.909,215.39,10.416,1875,28513.4,0,0
1,112.12,2.768,225.08,10.926,1850,28533.3,0,0
1,115.57,2.893,235.21,11.462,1875,28553.3,0,0
1,114.91,2.898,224.63,10.9,1850,28573.3,0,0
1,114.22,2.78,214.52,10.366,1875,28593.3,0,0
1,113.54,2.668,224.17,9.858,1850,28613.3,0,0
1,112.9,2.823,219.27,10.341,1825,28633.2,0,0
1,112.32,2.715,209.4,9.834,1800,28653.2,0,0
1,111.81,2.61,218.82,10.316,1775,28673.2,0,0
1,107.52,2.76,208.98,9.811,1800,28693.2,0,0
1,107.25,2.648,218.38,10.292,1775,28713.2,0,0
1,107.1,2.536,208.55,9.787,1750,28733.2,0,0
1,107.08,2.668,199.17,9.308,1725,28753.1,0,0
1,107.2,2.801,190.21,8.852,1700,28773.1,0,0
1,107.44,2.665,181.65,8.418,1725,28793.1,0,0
1,107.8,2.529,173.47,8.005,1723,28813.1,0,0
1,108.26,2.395,181.28,8.398,1748,28833.1,0,0
1,108.81,2.492,173.12,7.986,1723,28853.0,0,0
1,109.42,2.352,165.33,7.595,1698,28873.0,0,0
1,110.07,2.218,157.89,7.223,1673,28893.0,0,0
1,110.73,2.301,150.79,7.577,1698,28913.0,0,0
1,111.37,2.388,157.57,7.948,1723,28933.0,0,0
1,111.98,2.481,164.66,8.153,1748,28952.9,0,0
1,112.53,2.344,172.07,8.553,1773,28972.9,0,0
1,112.99,2.443,179.81,8.134,1748,28992.9,0,0
1,117.45,2.552,187.91,7.735,1723,29012.9,0,0
1,121.81,2.673,196.36,8.114,1748,29032.9,0,0
1,121.93,2.549,205.2,8.512,1773,29052.9,0,0
1,121.91,2.683,214.16,8.148,1771,29072.8,0,0
1,121.75,2.83,204.52,7.749,1796,29092.8,0,0
1,121.45,2.99,213.73,8.129,1771,29112.8,0,0
1,121.03,2.874,223.34,8.527,1796,29132.8,0,0
1,120.51,3.042,213.29,8.945,1771,29152.8,0,0
1,119.9,2.924,203.69,8.919,1796,29172.7,0,0
1,123.26,3.093,194.53,9.356,1771,29192.7,0,0
1,122.54,2.968,203.28,9.815,1746,29212.7,0,0
1,121.81,3.13,212.15,9.334,1721,29232.7,0,0
1,121.1,3.295,202.6,9.791,1746,29252.7,0,0
1,120.44,3.46,193.48,10.271,1771,29272.6,0,0
1,119.86,3.292,184.78,9.768,1746,29292.6,0,0
1,119.38,3.126,193.09,9.289,1771,29312.6,0,0
1,119.02,2.961,201.78,8.834,1746,29332.6,0,0
1,118.8,2.8,210.86,8.401,1721,29352.6,0,0
1,118.72,2.91,201.37,7.989,1696,29372.6,0,0
1,118.78,2.744,192.31,8.381,1721,29392.5,0,0
1,118.99,2.789,200.96,8.792,1746,29412.5,0,0
1,119.33,2.63,191.92,9.222,1743,29432.5,0,0
1,119.79,2.481,200.56,8.77,1718,29452.5,0,0
1,120.36,2.58,191.53,8.341,1743,29472.5,0,0
1,117.05,2.442,182.91,7.932,1718,29492.4,0,0
1,121.71,2.55,191.14,8.321,1743,29512.4,0,0
1,126.44,2.669,199.75,8.728,1768,29532.4,0,0
1,127.19,2.545,190.76,9.156,1793,29552.4,0,0
1,127.91,2.432,182.17,8.707,1768,29572.4,0,0
1,128.57,2.565,190.37,9.134,1743,29592.3,0,0
1,129.14,2.709,181.8,8.687,1718,29612.3,0,0
1,129.6,2.866,189.99,9.112,1743,29632.3,0,0
1,129.94,3.033,198.54,9.559,1768,29652.3,0,0
1,126.01,2.916,190.43,9.09,1793,29672.3,0,0
1,121.93,2.802,181.86,8.645,1774,29692.3,0,0
1,121.83,2.825,181.86,8.645,1774,29712.2,0,0
1,121.6,2.844,181.86,8.645,1774,29732.2,0,0
1,121.23,2.857,181.86,8.645,1774,29752.2,0,0
1,120.75,2.864,181.86,8.645,1774,29772.2,0,0
1,124.24,2.727,190.05,9.068,1749,29792.2,0,0
1,123.58,2.851,198.6,8.624,1767,29812.1,0,0
1,122.86,2.701,207.54,8.405,1742,29832.1,0,0
1,122.13,2.813,216.88,8.817,1717,29852.1,0,0
1,121.41,2.923,207.12,8.385,1742,29872.1,0,0
1,120.73,3.035,216.44,8.796,1767,29892.1,0,0
1,120.11,3.15,226.18,8.365,1792,29912.1,0,0
1,119.58,2.969,216.39,8.775,1817,29932.0,0,0
1,118.24,2.801,223.09,9.205,1792,29952.0,0,0
1,114.07,2.645,233.13,9.656,1817,29972.0,0,0
1,113.93,2.55,222.64,9.182,1792,29992.0,0,0
1,113.92,2.418,212.62,9.632,1817,30012.0,0,0
1,114.06,2.53,203.05,9.16,1842,30031.9,0,0
1,114.33,2.608,193.91,8.712,1817,30051.9,0,0
1,114.73,2.492,185.19,8.285,1792,30071.9,0,0
1,115.23,2.627,193.52,7.879,1767,30091.9,0,0
1,115.82,2.774,184.81,8.265,1742,30111.9,0,0
1,116.48,2.934,193.13,7.86,1767,30131.8,0,0
1,113.18,3.105,201.82,8.245,1742,30151.8,0,0
1,109.84,3.286,197.18,7.841,1767,30171.8,0,0
1,110.48,3.158,196.26,8.225,1792,30191.8,0,0
1,111.08,3.338,187.43,7.822,1815,30211.8,0,0
1,111.61,3.522,186.29,7.439,1840,30231.8,0,0
1,112.05,3.71,194.67,7.803,1815,30251.7,0,0
1,112.39,3.541,203.44,8.186,1840,30271.7,0,0
1,112.61,3.373,212.59,8.587,1815,30291.7,0,0
1,112.71,3.204,203.02,8.166,1840,30311.7,0,0
1,112.68,3.344,193.89,8.289,1815,30331.7,0,0
1,116.62,3.482,199.24,8.695,1840,30351.6,0,0
1,112.22,3.289,190.27,8.269,1815,30371.6,0,0
1,111.83,3.259,190.27,8.269,1815,30391.6,0,0
1,111.33,3.227,190.27,8.269,1815,30411.6,0,0
1,110.77,3.195,190.27,8.269,1815,30431.6,0,0
1,110.14,3.165,190.27,8.269,1815,30451.5,0,0
1,109.49,3.139,190.27,8.269,1815,30471.5,0,0
1,108.84,3.119,190.27,8.269,1815,30491.5,0,0
1,108.21,3.106,190.27,8.269,1815,30511.5,0,0
1,107.63,3.1,190.27,8.269,1815,30531.5,0,0
1,107.12,3.102,190.27,8.269,1815,30551.5,0,0
1,106.7,3.112,190.27,8.269,1815,30571.4,0,0
1,106.4,3.129,190.27,8.269,1815,30591.4,0,0
1,106.21,3.152,190.27,8.269,1815,30611.4,0,0
1,106.15,3.028,181.71,7.864,1840,30631.4,0,0
1,106.22,2.911,189.89,7.478,1815,30651.4,0,0
1,106.42,3.027,182.51,7.112,1840,30671.3,0,0
1,106.74,2.937,187.83,7.203,1815,30691.3,0,0
1,107.16,2.821,179.38,7.556,1790,30711.3,0,0
1,107.68,2.977,187.45,7.926,1815,30731.3,0,0
1,108.26,3.137,181.8,8.315,1840,30751.3,0,0
1,108.9,3.297,189.98,8.722,1815,30771.2,0,0
1,105.55,3.38,198.53,8.295,1790,30791.2,0,0
1,106.17,3.213,207.46,7.958,1765,30811.2,0,0
1,106.77,3.047,198.13,7.568,1790,30831.2,0,0
1,107.31,3.174,207.04,7.939,1815,30851.2,0,0
1,107.78,2.998,216.36,7.55,1790,30871.2,0,0
1,112.25,2.829,226.1,7.92,1815,30891.1,0,0
1,116.64,2.935,215.92,8.308,1840,30911.1,0,0
1,116.8,2.906,215.92,8.308,1840,30931.1,0,0
1,116.83,2.879,215.92,8.308,1840,30951.1,0,0
1,105.04,1.998,215.92,8.308,1840,30971.1,1,0
1,116.47,2.835,215.92,8.308,1840,30991.0,0,0
1,116.11,2.822,215.92,8.308,1840,31011.0,0,0
1,115.64,2.816,215.92,8.308,1840,31031.0,0,0
1,115.09,2.816,215.92,8.308,1840,31051.0,0,0
1,114.46,2.824,215.92,8.308,1840,31071.0,0,0
1,113.8,2.839,215.92,8.308,1840,31090.9,0,0
1,114.12,2.997,206.21,8.715,1815,31110.9,0,0
1,117.41,2.878,215.49,8.288,1790,31130.9,0,0
1,116.75,3.045,225.18,7.882,1765,31150.9,0,0
1,116.17,2.928,226.19,8.269,1740,31170.9,0,0
1,115.67,2.815,216.01,8.674,1765,31190.9,0,0
1,115.28,2.976,225.73,9.099,1790,31210.8,0,0
1,115.02,3.142,215.58,9.545,1815,31230.8,0,0
1,114.89,3.008,205.87,9.077,1790,31250.8,0,0
1,114.9,3.163,215.14,8.632,1765,31270.8,0,0
1,115.06,3.319,224.82,8.209,1769,31290.8,0,0
1,119.24,3.474,214.7,7.807,1744,31310.7,0,0
1,119.67,3.295,224.36,8.189,1719,31330.7,0,0
1,120.2,3.119,220.69,8.591,1744,31350.7,0,0
1,120.82,3.244,230.63,8.21,1719,31370.7,0,0
1,121.51,3.267,241.0,8.613,1744,31390.7,0,0
1,122.24,3.08,230.16,8.191,1719,31410.7,0,0
1,118.95,3.12,240.52,7.789,1744,31430.6,0,0
1,119.64,2.942,229.69,8.171,1719,31450.6,0,0
1,120.28,2.777,219.36,7.771,1744,31470.6,0,0
1,120.84,2.625,209.49,7.486,1719,31490.6,0,0
1,121.31,2.737,210.16,7.853,1744,31510.6,0,0
1,121.67,2.637,200.7,7.468,1719,31530.5,0,0
1,121.89,2.51,191.67,7.834,1744,31550.5,0,0
1,121.98,2.637,183.04,7.93,1719,31570.5,0,0
1,121.93,2.522,191.28,7.541,1719,31590.5,0,0
1,117.62,2.661,199.89,7.911,1694,31610.5,0,0
1,113.21,2.813,208.88,8.299,1719,31630.4,0,0
1,112.8,2.84,208.88,8.299,1719,31650.4,0,0
1,112.29,2.868,208.88,8.299,1719,31670.4,0,0
1,111.71,2.897,208.88,8.299,1719,31690.4,0,0
1,111.08,2.923,208.88,8.299,1719,31710.4,0,0
1,110.42,2.945,208.88,8.299,1719,31730.4,0,0
1,109.76,2.963,208.88,8.299,1719,31750.3,0,0
1,109.13,2.831,204.38,8.705,1694,31770.3,0,0
1,108.55,2.699,213.58,9.132,1719,31790.3,0,0
1,108.05,2.792,223.19,9.579,1694,31810.3,0,0
1,107.64,2.65,213.15,10.049,1719,31830.3,0,0
1,107.34,2.762,203.55,9.556,1744,31850.2,0,0
1,107.16,2.61,212.71,9.088,1769,31870.2,0,0
1,103.24,2.464,203.14,8.812,1794,31890.2,0,0
1,103.32,2.44,203.14,8.812,1794,31910.2,0,0
1,103.53,2.416,203.14,8.812,1794,31930.2,0,0
1,103.85,2.392,203.14,8.812,1794,31950.1,0,0
1,104.27,2.371,203.14,8.812,1794,31970.1,0,0
1,104.78,2.354,203.14,8.812,1794,31990.1,0,0
1,101.4,2.249,194.0,8.38,1769,32010.1,0,0
1,105.98,2.134,185.27,8.79,1744,32030.1,0,0
1,106.61,2.031,193.61,8.36,1769,32050.1,0,0
1,107.24,2.133,184.9,7.95,1794,32070.0,0,0
1,107.84,2.198,193.22,7.923,1769,32090.0,0,0
1,108.38,2.319,184.52,7.535,1744,32110.0,0,0
1,108.84,2.451,192.82,7.904,1769,32130.0,0,0
1,134.8,3.43,181.5,6.292,1744,32150.0,0,1
1,113.58,2.744,192.43,8.698,1719,32169.9,0,0
1,113.72,2.638,201.09,9.124,1694,32189.9,0,0
1,113.73,2.79,192.04,9.571,1669,32209.9,0,0
1,113.61,2.677,183.4,9.102,1694,32229.9,0,0
1,113.36,2.565,175.15,9.548,1669,32249.9,0,0
1,112.99,2.699,183.03,10.016,1652,32269.8,0,0
1,112.53,2.834,174.79,10.507,1677,32289.8,0,0
1,111.98,2.968,182.66,9.992,1702,32309.8,0,0
1,113.44,3.102,184.28,9.502,1677,32329.8,0,0
1,108.77,3.235,175.99,9.037,1702,32349.8,0,0
1,104.14,3.216,183.91,8.594,1727,32369.8,0,0
1,99.56,3.036,192.19,9.015,1752,32389.7,0,0
1,99.01,3.114,183.54,8.573,1777,32409.7,0,0
1,98.52,2.935,191.8,8.993,1752,32429.7,0,0
1,98.11,3.046,183.17,8.553,1727,32449.7,0,0
1,97.79,2.874,174.92,8.81,1752,32469.7,0,0
1,97.58,2.989,182.8,9.242,1727,32489.6,0,0
1,97.48,3.115,174.57,9.695,1752,32509.6,0,0
1,97.51,2.955,166.71,9.22,1727,32529.6,0,0
1,97.65,2.81,174.22,8.768,1752,32549.6,0,0
1,94.01,2.68,166.38,8.572,1739,32569.6,0,0
1,90.44,2.562,173.86,8.152,1764,32589.5,0,0
1,90.86,2.657,181.69,7.753,1739,32609.5,0,0
1,91.33,2.807,189.86,8.133,1764,32629.5,0,0
1,91.86,2.969,198.41,7.89,1789,32649.5,0,0
1,92.41,2.855,207.34,7.503,1764,32669.5,0,0
1,92.96,2.745,198.01,7.135,1739,32689.5,0,0
1,89.45,2.903,206.92,7.485,1764,32709.4,0,0
1,89.92,2.927,206.92,7.485,1764,32729.4,0,0
1,90.34,2.946,206.92,7.485,1764,32749.4,0,0
1,90.68,2.959,206.92,7.485,1764,32769.4,0,0
1,90.93,2.966,206.92,7.485,1764,32789.4,0,0
1,91.09,2.965,206.92,7.485,1764,32809.3,0,0
1,91.15,2.958,206.92,7.485,1764,32829.3,0,0
1,91.09,2.944,206.92,7.485,1764,32849.3,0,0
1,95.05,2.784,197.61,7.852,1789,32869.3,0,0
1,98.89,2.894,206.5,7.467,1814,32889.3,0,0
1,98.52,2.729,197.2,7.101,1789,32909.3,0,0
1,98.07,2.832,188.33,6.753,1764,32929.2,0,0
1,97.55,2.669,196.81,7.084,1739,32949.2,0,0
1,97.0,2.772,205.66,7.431,1764,32969.2,0,0
1,92.42,2.618,196.41,7.795,1789,32989.2,0,0
1,95.85,2.727,187.57,8.177,1814,33009.2,0,0
1,95.3,2.717,187.57,8.177,1814,33029.1,0,0
1,94.8,2.713,187.57,8.177,1814,33049.1,0,0
1,94.37,2.716,187.57,8.177,1814,33069.1,0,0
1,94.02,2.727,187.57,8.177,1814,33089.1,0,0
1,93.77,2.743,187.57,8.177,1814,33109.1,0,0
1,89.75,2.632,196.01,8.094,1789,33129.0,0,0
1,93.6,2.783,187.19,8.491,1814,33149.0,0,0
1,93.69,2.676,193.01,8.652,1789,33169.0,0,0
1,93.89,2.573,184.32,8.229,1764,33189.0,0,0
1,94.19,2.473,176.03,8.632,1789,33209.0,0,0
1,94.58,2.386,168.1,9.055,1764,33229.0,0,0
1,95.05,2.517,175.67,8.641,1789,33248.9,0,0
1,91.62,2.651,183.57,8.217,1764,33268.9,0,0
1,96.15,2.785,191.84,8.62,1739,33288.9,0,0
1,96.72,2.652,183.2,8.198,1714,33308.9,0,0
1,97.29,2.774,191.45,8.599,1689,33328.9,0,0
1,97.83,2.894,191.42,9.021,1714,33348.8,0,0
1,98.31,2.738,182.81,9.463,1689,33368.8,0,0
1,98.72,2.585,191.03,9.926,1664,33388.8,0,0
1,99.04,2.684,199.63,10.413,1639,33408.8,0,0
1,103.38,2.786,190.65,9.903,1614,33428.8,0,0
1,103.49,2.758,190.65,9.903,1614,33448.7,0,0
1,103.49,2.733,190.65,9.903,1614,33468.7,0,0
1,103.36,2.711,190.65,9.903,1614,33488.7,0,0
1,103.13,2.693,190.65,9.903,1614,33508.7,0,0
1,102.78,2.682,190.65,9.903,1614,33528.7,0,0
1,92.11,1.874,190.65,9.903,1614,33548.7,1,0
1,101.84,2.68,190.65,9.903,1614,33568.6,0,0
1,101.28,2.689,190.65,9.903,1614,33588.6,0,0
1,100.69,2.704,190.65,9.903,1614,33608.6,0,0
1,100.08,2.724,190.65,9.903,1614,33628.6,0,0
1,99.5,2.749,190.65,9.903,1614,33648.6,0,0
1,98.95,2.776,190.65,9.903,1614,33668.5,0,0
1,102.39,2.669,199.23,9.417,1639,33688.5,0,0
1,105.87,2.824,208.19,8.956,1664,33708.5,0,0
1,101.65,2.711,217.56,8.65,1689,33728.5,0,0
1,105.33,2.599,225.16,9.074,1664,33748.5,0,0
1,101.36,2.488,235.29,9.518,1639,33768.4,0,0
1,97.52,2.615,245.88,9.052,1614,33788.4,0,0
1,101.56,2.742,234.81,9.495,1639,33808.4,0,0
1,101.84,2.868,224.25,9.03,1664,33828.4,0,0
1,102.22,2.994,214.15,8.588,1689,33848.4,0,0
1,102.7,3.118,204.52,8.167,1664,33868.4,0,0
1,103.25,2.946,213.72,7.767,1639,33888.3,0,0
1,103.84,2.779,222.29,8.147,1664,33908.3,0,0
1,104.46,2.884,212.29,8.546,1689,33928.3,0,0
1,105.09,2.992,202.73,8.965,1702,33948.3,0,0
1,105.68,2.822,210.91,9.404,1727,33968.3,0,0
1,106.24,2.907,201.42,8.944,1702,33988.2,0,0
1,106.72,3.027,192.35,8.505,1677,34008.2,0,0
1,107.11,2.868,201.01,8.922,1652,34028.2,0,0
1,107.4,2.776,191.96,9.359,1677,34048.2,0,0
1,107.57,2.777,191.96,9.359,1677,34068.2,0,0
1,107.63,2.786,191.96,9.359,1677,34088.1,0,0
1,107.55,2.8,191.96,9.359,1677,34108.1,0,0
1,107.36,2.821,191.96,9.359,1677,34128.1,0,0
1,107.05,2.846,191.96,9.359,1677,34148.1,0,0
1,106.63,2.873,191.96,9.359,1677,34168.1,0,0
1,106.14,2.902,191.96,9.359,1677,34188.1,0,0
1,109.62,3.071,200.6,9.818,1652,34208.0,0,0
1,113.01,3.247,191.58,9.337,1627,34228.0,0,0
1,112.33,3.428,182.95,8.879,1602,34248.0,0,0
1,111.67,3.281,174.72,8.444,1627,34268.0,0,0
1,111.04,3.388,182.58,8.858,1652,34288.0,0,0
1,110.46,3.228,190.8,9.292,1677,34307.9,0,0
1,109.97,3.378,182.21,8.837,1702,34327.9,0,0
1,109.57,3.204,185.93,8.693,1727,34347.9,0,0
1,109.29,3.339,177.56,8.267,1702,34367.9,0,0
1,105.26,3.154,169.57,7.862,1727,34387.9,0,0
1,109.13,2.976,177.2,8.247,1752,34407.9,0,0
1,113.13,3.089,185.17,8.652,1777,34427.8,0,0
1,113.38,3.058,185.17,8.652,1777,34447.8,0,0
1,113.76,3.029,185.17,8.652,1777,34467.8,0,0
1,114.25,3.003,185.17,8.652,1777,34487.8,0,0
1,114.82,2.982,185.17,8.652,1777,34507.8,0,0
1,115.47,2.968,185.17,8.652,1777,34527.7,0,0
1,116.15,2.96,185.17,8.652,1777,34547.7,0,0
1,116.85,2.96,185.17,8.652,1777,34567.7,0,0
1,117.53,2.968,185.17,8.652,1777,34587.7,0,0
1,114.11,2.84,193.51,9.076,1802,34607.7,0,0
1,110.59,2.722,197.0,9.52,1777,34627.6,0,0
1,115.14,2.614,188.13,9.987,1802,34647.6,0,0
1,115.5,2.512,179.66,9.497,1827,34667.6,0,0
1,115.74,2.416,171.58,9.963,1852,34687.6,0,0
1,115.86,2.322,163.86,9.475,1827,34707.6,0,0
1,115.84,2.231,158.72,9.939,1802,34727.6,0,0
1,111.57,2.14,165.86,10.426,1827,34747.5,0,0
1,107.2,2.049,173.32,10.937,1852,34767.5,0,0
1,110.92,1.958,165.52,10.401,1827,34787.5,0,0
1,114.51,1.866,172.97,10.91,1852,34807.5,0,0
1,117.99,1.852,165.19,10.376,1827,34827.5,0,0
1,117.33,1.845,165.19,10.376,1827,34847.4,0,0
1,116.64,1.835,165.19,10.376,1827,34867.4,0,0
1,115.94,1.822,165.19,10.376,1827,34887.4,0,0
1,115.27,1.806,165.19,10.376,1827,34907.4,0,0
1,114.64,1.789,165.19,10.376,1827,34927.4,0,0
1,114.09,1.771,165.19,10.376,1827,34947.3,0,0
1,113.64,1.754,165.19,10.376,1827,34967.3,0,0
1,109.4,1.655,172.62,10.884,1820,34987.3,0,0
1,109.19,1.722,170.96,10.351,1845,35007.3,0,0
1,109.12,1.631,178.66,10.858,1870,35027.3,0,0
1,109.17,1.704,186.7,10.326,1845,35047.3,0,0
1,109.36,1.622,195.1,9.82,1870,35067.2,0,0
1,109.68,1.703,186.32,9.339,1845,35087.2,0,0
1,110.1,1.793,194.7,9.796,1870,35107.2,0,0
1,110.62,1.892,185.94,10.277,1895,35127.2,0,0
1,111.22,1.999,187.53,9.773,1920,35147.2,0,0
1,107.89,2.115,195.97,9.294,1895,35167.1,0,0
1,108.53,2.137,195.97,9.294,1895,35187.1,0,0
1,109.18,2.158,195.97,9.294,1895,35207.1,0,0
1,109.8,2.177,195.97,9.294,1895,35227.1,0,0
1,110.36,2.194,195.97,9.294,1895,35247.1,0,0
1,110.85,2.208,195.97,9.294,1895,35267.0,0,0
1,111.25,2.217,195.97,9.294,1895,35287.0,0,0
1,111.54,2.22,195.97,9.294,1895,35307.0,0,0
1,111.7,2.219,195.97,9.294,1895,35327.0,0,0
1,111.74,2.212,195.97,9.294,1895,35347.0,0,0
1,111.65,2.201,195.97,9.294,1895,35367.0,0,0
1,111.44,2.185,195.97,9.294,1895,35386.9,0,0
1,111.1,2.167,195.97,9.294,1895,35406.9,0,0
1,110.66,2.146,195.97,9.294,1895,35426.9,0,0
1,114.2,2.227,203.0,8.839,1920,35446.9,0,0
1,117.63,2.311,206.43,9.272,1895,35466.9,0,0
1,116.95,2.29,206.43,9.272,1895,35486.8,0,0
1,116.25,2.273,206.43,9.272,1895,35506.8,0,0
1,115.57,2.261,206.43,9.272,1895,35526.8,0,0
1,114.92,2.253,206.43,9.272,1895,35546.8,0,0
1,118.25,2.359,215.72,8.817,1870,35566.8,0,0
1,117.73,2.319,206.01,9.25,1845,35586.7,0,0
1,117.33,2.217,196.74,9.703,1820,35606.7,0,0
1,117.04,2.124,205.59,9.32,1845,35626.7,0,0
1,116.9,2.244,196.34,9.61,1870,35646.7,0,0
1,116.89,2.374,205.18,9.139,1845,35666.7,0,0
1,117.03,2.513,195.95,8.691,1870,35686.7,0,0
1,117.31,2.416,204.76,9.117,1895,35706.6,0,0
1,117.72,2.556,213.98,9.564,1920,35726.6,0,0
1,122.16,2.7,204.35,9.095,1945,35746.6,0,0
1,124.57,2.587,213.54,9.541,1970,35766.6,0,0
1,129.24,2.723,203.93,9.073,1945,35786.6,0,0
1,130.01,2.859,213.11,8.629,1920,35806.5,0,0
1,130.79,2.996,203.52,8.206,1895,35826.5,0,0
1,131.55,2.844,212.68,8.608,1920,35846.5,0,0
1,132.26,2.695,203.11,8.647,1895,35866.5,0,0
1,128.81,2.805,212.25,9.07,1920,35886.5,0,0
1,125.23,2.915,202.7,8.626,1895,35906.4,0,0
1,125.61,2.888,202.7,8.626,1895,35926.4,0,0
1,125.86,2.859,202.7,8.626,1895,35946.4,0,0
1,125.97,2.831,202.7,8.626,1895,35966.4,0,0
1,125.93,2.805,202.7,8.626,1895,35986.4,0,0
1,129.86,2.65,201.8,8.203,1920,36006.4,0,0
1,125.43,2.508,210.89,7.801,1945,36026.3,0,0
1,124.99,2.379,220.38,8.183,1920,36046.3,0,0
1,124.44,2.49,210.46,8.584,1895,36066.3,0,0
1,123.8,2.613,200.99,8.164,1920,36086.3,0,0
1,123.11,2.497,210.03,8.564,1930,36106.3,0,0
1,110.14,1.675,200.58,8.144,1905,36126.2,1,0
1,121.65,2.411,200.58,8.144,1905,36146.2,0,0
1,120.95,2.433,200.58,8.144,1905,36166.2,0,0
1,120.3,2.458,200.58,8.144,1905,36186.2,0,0
1,119.73,2.482,200.58,8.144,1905,36206.2,0,0
1,119.26,2.505,200.58,8.144,1905,36226.2,0,0
1,118.91,2.526,200.58,8.144,1905,36246.1,0,0
1,114.82,2.665,209.61,7.745,1910,36266.1,0,0
1,114.76,2.678,209.61,7.745,1910,36286.1,0,0
1,114.83,2.684,209.61,7.745,1910,36306.1,0,0
1,115.04,2.684,209.61,7.745,1910,36326.1,0,0
1,115.39,2.678,209.61,7.745,1910,36346.0,0,0
1,115.85,2.666,209.61,7.745,1910,36366.0,0,0
1,116.41,2.649,209.61,7.745,1910,36386.0,0,0
1,117.04,2.627,209.61,7.745,1910,36406.0,0,0
1,121.7,2.728,200.18,7.366,1885,36426.0,0,0
1,118.43,2.571,209.18,7.005,1892,36445.9,0,0
1,115.1,2.424,218.6,7.348,1917,36465.9,0,0
1,115.75,2.402,218.6,7.348,1917,36485.9,0,0
1,116.34,2.382,218.6,7.348,1917,36505.9,0,0
1,116.84,2.368,218.6,7.348,1917,36525.9,0,0
1,117.25,2.358,218.6,7.348,1917,36545.9,0,0
1,117.54,2.354,218.6,7.348,1917,36565.8,0,0
1,121.82,2.243,228.43,7.708,1942,36585.8,0,0
1,117.73,2.359,218.15,7.33,1917,36605.8,0,0
1,117.62,2.373,218.15,7.33,1917,36625.8,0,0
1,117.37,2.391,218.15,7.33,1917,36645.8,0,0
1,117.01,2.413,218.15,7.33,1917,36665.7,0,0
1,116.54,2.437,218.15,7.33,1917,36685.7,0,0
1,115.98,2.461,218.15,7.33,1917,36705.7,0,0
1,115.35,2.485,218.15,7.33,1917,36725.7,0,0
1,114.68,2.506,218.15,7.33,1917,36745.7,0,0
1,114.0,2.523,218.15,7.33,1917,36765.6,0,0
1,113.32,2.536,218.15,7.33,1917,36785.6,0,0
1,112.69,2.543,218.15,7.33,1917,36805.6,0,0
1,112.12,2.544,218.15,7.33,1917,36825.6,0,0
1,111.64,2.417,208.34,6.971,1892,36845.6,0,0
1,111.27,2.523,217.71,7.313,1867,36865.6,0,0
1,111.01,2.387,227.51,7.671,1842,36885.5,0,0
1,110.89,2.254,217.27,7.295,1867,36905.5,0,0
1,110.9,2.127,207.49,7.653,1842,36925.5,0,0
1,111.05,2.005,198.16,8.028,1867,36945.5,0,0
1,115.22,2.08,189.24,7.634,1842,36965.5,0,0
1,115.63,2.16,197.76,7.87,1867,36985.4,0,0
1,116.15,2.245,188.86,8.057,1842,37005.4,0,0
1,116.75,2.337,197.35,8.452,1817,37025.4,0,0
1,117.41,2.438,188.47,8.038,1842,37045.4,0,0
1,118.11,2.55,196.96,7.644,1817,37065.4,0,0
1,118.82,2.674,205.82,8.019,1792,37085.3,0,0
1,119.51,2.554,208.41,7.626,1767,37105.3,0,0
1,116.08,2.691,217.79,7.252,1792,37125.3,0,0
1,116.63,2.711,217.79,7.252,1792,37145.3,0,0
1,117.08,2.735,217.79,7.252,1792,37165.3,0,0
1,117.43,2.762,217.79,7.252,1792,37185.3,0,0
1,117.65,2.79,217.79,7.252,1792,37205.2,0,0
1,117.73,2.816,217.79,7.252,1792,37225.2,0,0
1,117.68,2.841,217.79,7.252,1792,37245.2,0,0
1,117.5,2.862,217.79,7.252,1792,37265.2,0,0
1,121.29,2.858,207.99,7.607,1817,37285.2,0,0
1,120.85,3.005,217.35,7.98,1792,37305.1,0,0
1,120.3,3.152,207.57,7.848,1767,37325.1,0,0
1,119.68,3.157,216.91,7.463,1742,37345.1,0,0
1,119.0,3.235,226.67,7.098,1717,37365.1,0,0
1,118.3,3.37,228.28,7.445,1742,37385.1,0,0
1,117.6,3.184,218.01,7.81,1767,37405.0,0,0
1,135.81,3.741,188.2,6.193,1792,37425.0,0,1
1,112.37,2.941,207.38,7.791,1803,37445.0,0,0
1,111.84,2.912,207.38,7.791,1803,37465.0,0,0
1,111.42,2.884,207.38,7.791,1803,37485.0,0,0
1,111.11,2.86,207.38,7.791,1803,37505.0,0,0
1,110.93,2.841,207.38,7.791,1803,37524.9,0,0
1,110.88,2.827,207.38,7.791,1803,37544.9,0,0
1,110.96,2.82,207.38,7.791,1803,37564.9,0,0
1,111.19,2.821,207.38,7.791,1803,37584.9,0,0
1,114.42,2.693,198.05,8.173,1828,37604.9,0,0
1,114.88,2.707,198.05,8.173,1828,37624.8,0,0
1,115.44,2.726,198.05,8.173,1828,37644.8,0,0
1,116.08,2.75,198.05,8.173,1828,37664.8,0,0
1,116.76,2.776,198.05,8.173,1828,37684.8,0,0
1,117.46,2.804,198.05,8.173,1828,37704.8,0,0
1,118.15,2.831,198.05,8.173,1828,37724.8,0,0
1,114.76,2.719,189.14,7.773,1853,37744.7,0,0
1,115.33,2.74,189.14,7.773,1853,37764.7,0,0
1,115.83,2.755,189.14,7.773,1853,37784.7,0,0
1,116.22,2.765,189.14,7.773,1853,37804.7,0,0
1,116.49,2.768,189.14,7.773,1853,37824.7,0,0
1,116.64,2.765,189.14,7.773,1853,37844.6,0,0
1,116.65,2.755,189.14,7.773,1853,37864.6,0,0
1,120.64,2.7,196.11,8.154,1878,37884.6,0,0
1,118.66,2.551,204.94,7.754,1853,37904.6,0,0
1,122.37,2.65,195.71,7.374,1828,37924.6,0,0
1,117.79,2.751,186.91,7.013,1803,37944.5,0,0
1,117.21,2.593,195.32,7.356,1828,37964.5,0,0
1,116.57,2.691,186.53,6.996,1853,37984.5,0,0
1,115.89,2.54,178.14,7.339,1878,38004.5,0,0
1,115.2,2.514,170.12,6.979,1903,38024.5,0,0
1,114.52,2.621,177.77,7.321,1878,38044.5,0,0
1,113.89,2.74,185.77,6.962,1853,38064.4,0,0
1,113.32,2.608,194.13,7.303,1878,38084.4,0,0
1,112.85,2.739,201.14,6.946,1903,38104.4,0,0
1,116.37,2.884,192.09,7.286,1928,38124.4,0,0
1,120.0,3.043,183.45,6.929,1953,38144.4,0,0
1,116.01,2.922,175.19,6.589,1928,38164.3,0,0
1,116.03,2.95,175.19,6.589,1928,38184.3,0,0
1,116.2,2.979,175.19,6.589,1928,38204.3,0,0
1,116.51,3.009,175.19,6.589,1928,38224.3,0,0
1,116.94,3.036,175.19,6.589,1928,38244.3,0,0
1,113.54,3.206,183.08,6.912,1924,38264.2,0,0
1,114.13,3.225,183.08,6.912,1924,38284.2,0,0
1,114.79,3.238,183.08,6.912,1924,38304.2,0,0
1,115.47,3.243,183.08,6.912,1924,38324.2,0,0
1,116.16,3.24,183.08,6.912,1924,38344.2,0,0
1,116.83,3.23,183.08,6.912,1924,38364.2,0,0
1,117.45,3.213,183.08,6.912,1924,38384.1,0,0
1,117.99,3.19,183.08,6.912,1924,38404.1,0,0
1,118.44,3.163,183.08,6.912,1924,38424.1,0,0
1,114.66,3.283,191.32,7.251,1899,38444.1,0,0
1,112.37,3.094,182.71,7.606,1874,38464.1,0,0
1,116.55,3.211,186.07,7.979,1899,38484.0,0,0
1,116.49,3.03,194.45,7.588,1924,38504.0,0,0
1,116.29,2.864,185.7,7.216,1899,38524.0,0,0
1,115.97,2.985,177.34,6.863,1901,38544.0,0,0
1,115.54,3.118,185.32,7.199,1876,38564.0,0,0
1,115.01,3.266,176.98,6.846,1851,38583.9,0,0
1,114.41,3.276,184.95,6.511,1826,38603.9,0,0
1,113.76,3.132,177.37,6.83,1851,38623.9,0,0
1,117.08,3.304,184.97,6.495,1826,38643.9,0,0
1,116.38,3.491,193.3,6.177,1801,38663.9,0,0
1,115.72,3.693,200.49,6.479,1826,38683.9,0,0
1,115.11,3.909,209.52,6.797,1851,38703.8,0,0
1,103.13,2.631,200.09,7.13,1826,38723.8,1,0
1,114.16,3.793,200.09,7.13,1826,38743.8,0,0
1,113.86,3.823,200.09,7.13,1826,38763.8,0,0
1,113.68,3.847,200.09,7.13,1826,38783.8,0,0
1,113.65,3.864,200.09,7.13,1826,38803.7,0,0
1,113.75,3.871,200.09,7.13,1826,38823.7,0,0
1,113.99,3.869,200.09,7.13,1826,38843.7,0,0
1,114.36,4.044,209.09,7.479,1851,38863.7,0,0
1,114.84,4.217,218.5,7.113,1826,38883.7,0,0
1,115.41,3.987,208.67,7.13,1801,38903.6,0,0
1,116.05,3.764,199.28,7.306,1826,38923.6,0,0
1,116.73,3.549,208.25,6.948,1801,38943.6,0,0
1,117.43,3.683,217.62,7.289,1826,38963.6,0,0
1,118.12,3.472,207.82,6.932,1851,38983.6,0,0
1,118.78,3.275,198.47,7.271,1826,39003.6,0,0
1,115.29,3.094,207.4,6.915,1831,39023.5,0,0
1,111.68,2.929,216.74,7.254,1856,39043.5,0,0
1,107.94,3.058,206.98,7.609,1881,39063.5,0,0
1,108.18,3.055,206.98,7.609,1881,39083.5,0,0
1,108.3,3.06,206.98,7.609,1881,39103.5,0,0
1,108.3,3.072,206.98,7.609,1881,39123.4,0,0
1,108.17,3.092,206.98,7.609,1881,39143.4,0,0
1,107.92,3.116,206.98,7.609,1881,39163.4,0,0
1,107.56,3.145,206.98,7.609,1881,39183.4,0,0
1,107.11,3.177,206.98,7.609,1881,39203.4,0,0
1,110.63,3.362,197.67,7.982,1856,39223.4,0,0
1,105.99,3.231,206.56,8.16,1831,39243.3,0,0
1,105.37,3.257,206.56,8.16,1831,39263.3,0,0
1,104.74,3.279,206.56,8.16,1831,39283.3,0,0
1,104.13,3.294,206.56,8.16,1831,39303.3,0,0
1,103.55,3.301,206.56,8.16,1831,39323.3,0,0
1,103.05,3.301,206.56,8.16,1831,39343.2,0,0
1,102.62,3.293,206.56,8.16,1831,39363.2,0,0
1,106.19,3.435,197.27,7.76,1806,39383.2,0,0
1,105.98,3.412,197.27,7.76,1806,39403.2,0,0
1,105.89,3.384,197.27,7.76,1806,39423.2,0,0
1,105.93,3.353,197.27,7.76,1806,39443.1,0,0
1,106.1,3.32,197.27,7.76,1806,39463.1,0,0
1,106.39,3.287,197.27,7.76,1806,39483.1,0,0
1,106.79,3.257,197.27,7.76,1806,39503.1,0,0
1,107.28,3.231,197.27,7.76,1806,39523.1,0,0
1,107.85,3.212,197.27,7.76,1806,39543.1,0,0
1,112.45,3.264,206.15,7.38,1831,39563.0,0,0
1,113.12,3.103,196.87,7.261,1856,39583.0,0,0
1,113.8,3.256,205.73,7.617,1831,39603.0,0,0
1,114.45,3.424,214.99,7.99,1856,39623.0,0,0
1,115.04,3.279,205.31,7.599,1881,39643.0,0,0
1,115.57,3.146,214.55,7.226,1856,39662.9,0,0
1,115.99,3.023,224.21,7.58,1881,39682.9,0,0
1,116.31,2.906,214.12,7.209,1906,39702.9,0,0
1,116.5,2.794,204.48,6.856,1905,39722.9,0,0
1,112.43,2.956,213.68,7.192,1930,39742.9,0,0
1,113.54,2.838,204.07,6.839,1955,39762.8,0,0
1,117.45,2.994,194.88,7.174,1930,39782.8,0,0
1,119.92,2.865,186.11,7.526,1955,39802.8,0,0
1,115.38,3.01,194.49,7.157,1980,39822.8,0,0
1,114.84,3.049,185.74,6.806,1955,39842.8,0,0
1,114.24,2.897,194.1,7.14,1930,39862.8,0,0
1,113.58,3.023,185.36,7.49,1905,39882.7,0,0
1,112.91,3.148,177.02,7.123,1930,39902.7,0,0
1,112.24,2.973,184.99,7.472,1905,39922.7,0,0
1,115.55,3.087,176.66,7.106,1924,39942.7,0,0
1,111.02,2.91,184.61,6.758,1899,39962.7,0,0
1,110.52,2.881,184.61,6.758,1899,39982.6,0,0
1,110.13,2.854,184.61,6.758,1899,40002.6,0,0
1,109.85,2.831,184.61,6.758,1899,40022.6,0,0
1,109.69,2.813,184.61,6.758,1899,40042.6,0,0
1,113.56,2.667,192.92,7.089,1924,40062.6,0,0
1,109.79,2.79,189.4,6.741,1899,40082.5,0,0
1,110.04,2.725,197.92,7.072,1874,40102.5,0,0
1,110.4,2.865,206.83,6.725,1849,40122.5,0,0
1,110.88,2.743,197.52,6.785,1824,40142.5,0,0
1,111.43,2.896,188.63,6.453,1799,40162.5,0,0
1,112.06,2.922,188.63,6.453,1799,40182.5,0,0
1,112.72,2.951,188.63,6.453,1799,40202.4,0,0
1,113.4,2.98,188.63,6.453,1799,40222.4,0,0
1,114.06,3.009,188.63,6.453,1799,40242.4,0,0
1,118.74,2.889,180.14,6.769,1774,40262.4,0,0
1,123.4,2.77,188.25,6.437,1749,40282.4,0,0
1,123.9,2.651,182.54,6.753,1774,40302.3,0,0
1,124.29,2.787,190.75,7.083,1749,40322.3,0,0
1,124.56,2.923,188.62,7.43,1774,40342.3,0,0
1,124.68,3.058,180.13,7.795,1799,40362.3,0,0
1,124.66,3.192,172.03,8.176,1824,40382.3,0,0
1,120.38,3.02,164.29,7.776,1849,40402.2,0,0
1,120.09,2.853,171.68,7.395,1874,40422.2,0,0
1,119.68,2.963,179.4,7.032,1849,40442.2,0,0
1,119.16,2.793,187.48,6.688,1854,40462.2,0,0
1,118.57,2.633,195.91,7.016,1829,40482.2,0,0
1,121.93,2.483,187.1,6.672,1804,40502.2,0,0
1,121.22,2.462,187.1,6.672,1804,40522.1,0,0
1,120.49,2.445,187.1,6.672,1804,40542.1,0,0
1,119.79,2.434,187.1,6.672,1804,40562.1,0,0
1,119.14,2.429,187.1,6.672,1804,40582.1,0,0
1,118.57,2.429,187.1,6.672,1804,40602.1,0,0
1,122.0,2.553,178.68,6.999,1829,40622.0,0,0
1,125.52,2.444,170.64,7.342,1854,40642.0,0,0
1,125.28,2.461,170.64,7.342,1854,40662.0,0,0
1,125.19,2.483,170.64,7.342,1854,40682.0,0,0
1,125.25,2.507,170.64,7.342,1854,40702.0,0,0
1,125.47,2.532,170.64,7.342,1854,40722.0,0,0
1,125.83,2.557,170.64,7.342,1854,40741.9,0,0
1,126.31,2.579,170.64,7.342,1854,40761.9,0,0
1,126.91,2.598,170.64,7.342,1854,40781.9,0,0
1,131.55,2.738,170.65,7.701,1829,40801.9,0,0
1,132.31,2.852,162.97,7.324,1854,40821.9,0,0
1,133.1,2.718,170.3,6.965,1829,40841.8,0,0
1,133.89,2.584,177.96,7.306,1854,40861.8,0,0
1,134.65,2.698,185.97,7.664,1879,40881.8,0,0
1,135.35,2.554,177.6,7.289,1854,40901.8,0,0
1,135.95,2.413,169.61,6.932,1829,40921.8,0,0
1,132.34,2.277,161.98,7.271,1804,40941.7,0,0
1,132.68,2.363,154.69,6.915,1829,40961.7,0,0
1,132.88,2.339,158.52,6.576,1854,40981.7,0,0
1,132.93,2.427,165.65,6.899,1879,41001.7,0,0
1,132.82,2.291,173.1,7.237,1854,41021.7,0,0
1,132.56,2.384,180.89,7.591,1829,41041.7,0,0
1,132.17,2.486,172.75,7.963,1804,41061.6,0,0
1,131.65,2.361,164.98,7.573,1829,41081.6,0,0
1,131.02,2.474,172.4,7.944,1804,41101.6,0,0
1,130.32,2.361,180.16,8.333,1829,41121.6,0,0
1,129.57,2.259,188.27,8.742,1804,41141.6,0,0
1,124.81,2.384,196.74,9.17,1779,41161.5,0,0
1,124.07,2.289,205.59,8.721,1804,41181.5,0,0
1,123.37,2.2,196.34,8.293,1829,41201.5,0,0
1,122.74,2.329,205.18,7.887,1854,41221.5,0,0
1,122.2,2.239,214.41,8.273,1879,41241.5,0,0
1,121.77,2.15,224.06,8.679,1854,41261.4,0,0
1,121.48,2.063,234.14,8.254,1829,41281.4,0,0
1,109.19,1.522,223.6,7.849,1854,41301.4,1,0
1,121.32,2.182,223.6,7.849,1854,41321.4,0,0
1,121.47,2.186,223.6,7.849,1854,41341.4,0,0
1,121.75,2.183,223.6,7.849,1854,41361.4,0,0
1,122.17,2.176,223.6,7.849,1854,41381.3,0,0
1,122.71,2.165,223.6,7.849,1854,41401.3,0,0
1,123.33,2.149,223.6,7.849,1854,41421.3,0,0
1,128.0,2.232,213.54,8.234,1829,41441.3,0,0
1,128.76,2.317,203.93,8.637,1854,41461.3,0,0
1,129.53,2.184,194.76,8.777,1829,41481.2,0,0
1,130.28,2.267,185.99,8.347,1812,41501.2,0,0
1,130.99,2.139,194.36,8.756,1829,41521.2,0,0
1,131.62,2.225,203.11,8.327,1839,41541.2,0,0
1,132.14,2.32,193.97,7.919,1864,41561.2,0,0
1,132.54,2.344,202.7,8.307,1839,41581.1,0,0
1,132.81,2.23,211.82,8.714,1814,41601.1,0,0
1,128.8,2.342,202.29,8.287,1839,41621.1,0,0
1,124.65,2.466,211.39,8.693,1814,41641.1,0,0
1,120.36,2.602,201.88,8.267,1839,41661.1,0,0
1,120.05,2.623,201.88,8.267,1839,41681.1,0,0
1,119.63,2.648,201.88,8.267,1839,41701.0,0,0
1,119.1,2.675,201.88,8.267,1839,41721.0,0,0
1,118.5,2.701,201.88,8.267,1839,41741.0,0,0
1,117.83,2.726,201.88,8.267,1839,41761.0,0,0
1,117.14,2.747,201.88,8.267,1839,41781.0,0,0
1,116.44,2.897,192.79,7.862,1814,41800.9,0,0
1,115.76,3.048,193.79,8.247,1839,41820.9,0,0
1,115.14,2.907,202.51,8.651,1814,41840.9,0,0
1,114.6,3.045,193.4,8.227,1789,41860.9,0,0
1,114.15,3.182,184.69,7.824,1764,41880.9,0,0
1,113.82,3.014,179.25,8.207,1739,41900.8,0,0
1,113.61,2.849,171.18,8.138,1764,41920.8,0,0
1,117.43,2.689,163.48,7.739,1789,41940.8,0,0
1,113.62,2.536,156.12,7.36,1764,41960.8,0,0
1,113.83,2.511,156.12,7.36,1764,41980.8,0,0
1,114.17,2.486,156.12,7.36,1764,42000.8,0,0
1,114.62,2.464,156.12,7.36,1764,42020.7,0,0
1,115.17,2.445,156.12,7.36,1764,42040.7,0,0
1,115.8,2.432,156.12,7.36,1764,42060.7,0,0
1,116.48,2.423,156.12,7.36,1764,42080.7,0,0
1,117.17,2.537,163.15,7.721,1739,42100.7,0,0
1,117.87,2.42,170.49,7.342,1714,42120.6,0,0
1,118.53,2.313,178.16,6.982,1689,42140.6,0,0
1,119.13,2.216,170.15,7.325,1714,42160.6,0,0
1,119.66,2.342,162.49,6.966,1739,42180.6,0,0
1,120.07,2.25,169.8,7.307,1764,42200.6,0,0
1,116.26,2.163,177.44,6.949,1739,42220.6,0,0
1,112.3,2.08,185.43,7.289,1714,42240.5,0,0
1,112.32,2.099,185.43,7.289,1714,42260.5,0,0
1,112.22,2.116,185.43,7.289,1714,42280.5,0,0
1,111.99,2.13,185.43,7.289,1714,42300.5,0,0
1,111.64,2.139,185.43,7.289,1714,42320.5,0,0
1,111.19,2.247,193.77,7.647,1689,42340.4,0,0
1,110.66,2.354,185.05,7.272,1664,42360.4,0,0
1,110.06,2.236,176.72,6.916,1689,42380.4,0,0
1,109.42,2.118,168.77,7.255,1664,42400.4,0,0
1,108.77,2.205,161.18,6.899,1639,42420.4,0,0
1,108.13,2.291,168.43,7.237,1664,42440.3,0,0
1,107.52,2.161,176.01,7.592,1639,42460.3,0,0
1,103.06,2.242,183.93,7.22,1614,42480.3,0,0
1,101.17,2.327,175.65,6.866,1589,42500.3,0,0
1,104.73,2.195,183.56,7.202,1614,42520.3,0,0
1,102.25,2.073,175.3,6.849,1639,42540.3,0,0
1,106.02,1.962,183.19,7.185,1664,42560.2,0,0
1,106.03,1.955,183.19,7.185,1664,42580.2,0,0
1,106.17,1.952,183.19,7.185,1664,42600.2,0,0
1,106.43,1.955,183.19,7.185,1664,42620.2,0,0
1,106.81,1.962,183.19,7.185,1664,42640.2,0,0
1,107.29,1.974,183.19,7.185,1664,42660.1,0,0
1,107.84,1.99,183.19,7.185,1664,42680.1,0,0
1,112.42,2.105,191.43,7.537,1639,42700.1,0,0
1,113.09,2.125,191.43,7.537,1639,42720.1,0,0
1,113.77,2.147,191.43,7.537,1639,42740.1,0,0
1,114.43,2.167,191.43,7.537,1639,42760.0,0,0
1,115.04,2.185,191.43,7.537,1639,42780.0,0,0
1,119.66,2.113,200.04,7.778,1664,42800.0,0,0
1,120.13,2.225,209.04,7.397,1639,42820.0,0,0
1,120.49,2.338,218.45,7.759,1664,42840.0,0,0
1,120.71,2.226,228.28,8.14,1689,42860.0,0,0
1,120.8,2.144,218.01,8.538,1714,42879.9,0,0
1,117.02,2.237,208.2,8.957,1739,42899.9,0,0
1,120.95,2.33,198.83,9.396,1740,42919.9,0,0
1,120.63,2.422,207.78,8.935,1715,42939.9,0,0
1,120.19,2.515,198.43,8.497,1690,42959.9,0,0
1,119.65,2.609,189.5,8.081,1665,42979.8,0,0
1,119.03,2.46,198.03,7.685,1690,42999.8,0,0
1,118.36,2.554,195.94,8.062,1665,43019.8,0,0
1,117.66,2.655,204.75,8.457,1690,43039.8,0,0
1,116.96,2.765,195.54,8.042,1665,43059.8,0,0
1,112.33,2.82,204.34,8.436,1690,43079.7,0,0
1,111.74,2.815,204.34,8.436,1690,43099.7,0,0
1,111.21,2.818,204.34,8.436,1690,43119.7,0,0
1,110.79,2.827,204.34,8.436,1690,43139.7,0,0
1,110.48,2.844,204.34,8.436,1690,43159.7,0,0
1,110.3,2.865,204.34,8.436,1690,43179.7,0,0
1,106.37,2.752,195.14,8.023,1665,43199.6,0,0
1,106.45,2.78,195.14,8.023,1665,43219.6,0,0
1,106.66,2.807,195.14,8.023,1665,43239.6,0,0
1,106.99,2.834,195.14,8.023,1665,43259.6,0,0
1,107.43,2.858,195.14,8.023,1665,43279.6,0,0
1,104.02,3.017,186.36,7.63,1640,43299.5,0,0
1,108.55,3.178,177.97,7.256,1665,43319.5,0,0
1,113.17,3.34,169.97,6.9,1640,43339.5,0,0
1,109.84,3.305,162.32,7.239,1665,43359.5,0,0
1,110.49,3.141,169.62,6.884,1690,43379.5,0,0
1,111.1,3.278,161.99,6.547,1715,43399.4,0,0
1,111.66,3.102,154.7,6.226,1690,43419.4,0,0
1,112.14,3.225,161.66,6.531,1665,43439.4,0,0
1,116.62,3.042,154.39,6.851,1640,43459.4,0,0
1,112.78,3.097,161.33,6.515,1665,43479.4,0,0
1,112.93,3.066,161.33,6.515,1665,43499.4,0,0
1,112.94,3.037,161.33,6.515,1665,43519.3,0,0
1,112.82,3.012,161.33,6.515,1665,43539.3,0,0
1,112.57,2.992,161.33,6.515,1665,43559.3,0,0
1,112.21,2.979,161.33,6.515,1665,43579.3,0,0
1,111.75,2.973,161.33,6.515,1665,43599.3,0,0
1,111.2,2.974,161.33,6.515,1665,43619.2,0,0
1,110.6,2.983,161.33,6.515,1665,43639.2,0,0
1,113.96,2.856,154.07,6.196,1640,43659.2,0,0
1,113.28,2.815,147.14,6.5,1615,43679.2,0,0
1,112.62,2.977,153.76,6.181,1640,43699.2,0,0
1,111.99,2.861,146.84,5.878,1665,43719.1,0,0
1,111.44,2.751,153.45,6.166,1640,43739.1,0,0
1,110.97,2.911,160.36,6.468,1615,43759.1,0,0
1,114.5,2.796,153.14,6.151,1640,43779.1,0,0
1,114.25,2.951,160.03,6.453,1615,43799.1,0,0
1,114.14,3.11,152.83,6.769,1590,43819.1,0,0
1,114.16,3.27,159.71,7.101,1615,43839.0,0,0
1,114.33,3.43,166.89,7.449,1640,43859.0,0,0
1,103.16,2.512,174.4,7.084,1615,43879.0,1,0
1,115.05,3.576,174.4,7.084,1615,43899.0,0,0
1,115.57,3.555,174.4,7.084,1615,43919.0,0,0
1,116.18,3.527,174.4,7.084,1615,43938.9,0,0
1,116.84,3.496,174.4,7.084,1615,43958.9,0,0
1,117.54,3.462,174.4,7.084,1615,43978.9,0,0
1,118.24,3.428,174.4,7.084,1615,43998.9,0,0
1,114.88,3.558,182.25,7.431,1627,44018.9,0,0
1,115.49,3.359,190.45,7.354,1602,44038.9,0,0
1,116.02,3.496,199.02,7.465,1627,44058.8,0,0
1,116.46,3.312,190.07,7.099,1652,44078.8,0,0
1,116.79,3.145,198.62,7.447,1677,44098.8,0,0
1,117.0,3.296,189.68,7.082,1702,44118.8,0,0
1,117.07,3.146,181.15,6.735,1677,44138.8,0,0
1,117.0,3.011,173.0,7.065,1698,44158.7,0,0
1,116.81,3.177,165.21,6.719,1723,44178.7,0,0
1,120.58,3.359,172.64,7.048,1748,44198.7,0,0
1,120.13,3.228,174.89,7.393,1723,44218.7,0,0
1,119.59,3.104,167.02,7.756,1748,44238.7,0,0
1,118.96,2.984,159.51,7.375,1723,44258.6,0,0
1,118.28,3.155,152.33,7.014,1698,44278.6,0,0
1,121.58,3.026,159.19,6.67,1723,44298.6,0,0
1,120.86,3.044,159.19,6.67,1723,44318.6,0,0
1,120.17,3.055,159.19,6.67,1723,44338.6,0,0
1,119.53,3.059,159.19,6.67,1723,44358.6,0,0
1,118.99,3.055,159.19,6.67,1723,44378.5,0,0
1,118.55,3.045,159.19,6.67,1723,44398.5,0,0
1,118.23,3.028,159.19,6.67,1723,44418.5,0,0
1,118.05,3.006,159.19,6.67,1723,44438.5,0,0
1,118.01,2.979,159.19,6.67,1723,44458.5,0,0
1,118.12,2.809,166.35,6.344,1748,44478.4,0,0
1,118.37,2.915,173.83,6.033,1723,44498.4,0,0
1,118.75,2.748,181.66,6.328,1698,44518.4,0,0
1,119.25,2.593,173.48,6.373,1673,44538.4,0,0
1,119.84,2.451,181.29,6.685,1698,44558.4,0,0
1,120.5,2.321,189.45,7.012,1723,44578.3,0,0
1,121.21,2.426,180.92,6.947,1748,44598.3,0,0
1,124.46,2.309,181.92,7.287,1723,44618.3,0,0
1,121.16,2.203,173.73,6.93,1748,44638.3,0,0
1,121.83,2.213,173.73,6.93,1748,44658.3,0,0
1,122.43,2.228,173.73,6.93,1748,44678.3,0,0
1,122.95,2.247,173.73,6.93,1748,44698.2,0,0
1,123.35,2.269,173.73,6.93,1748,44718.2,0,0
1,123.63,2.291,173.73,6.93,1748,44738.2,0,0
1,120.77,2.425,178.78,7.27,1723,44758.2,0,0
1,120.77,2.564,186.83,7.626,1698,44778.2,0,0
1,120.62,2.709,195.23,8.0,1712,44798.1,0,0
1,120.35,2.856,186.45,7.608,1737,44818.1,0,0
1,119.95,3.005,178.06,7.235,1762,44838.1,0,0
1,119.44,3.154,181.38,6.881,1737,44858.1,0,0
1,118.85,3.0,189.54,7.206,1712,44878.1,0,0
1,118.2,2.848,198.07,7.559,1690,44898.0,0,0
1,117.5,2.969,189.15,7.188,1715,44918.0,0,0
1,116.8,3.089,197.67,7.54,1740,44938.0,0,0
1,116.12,2.916,188.77,7.171,1715,44958.0,0,0
1,115.48,2.749,197.27,7.522,1690,44978.0,0,0
1,114.92,2.853,188.39,7.154,1665,44998.0,0,0
1,114.44,2.689,185.46,7.504,1690,45017.9,0,0
1,110.19,2.538,193.81,7.872,1715,45037.9,0,0
1,109.97,2.64,185.09,7.486,1740,45057.9,0,0
1,109.87,2.751,193.42,7.853,1715,45077.9,0,0
1,109.91,2.61,202.12,7.468,1740,45097.9,0,0
1,110.09,2.483,193.03,7.834,1715,45117.8,0,0
1,110.39,2.369,201.71,8.218,1740,45137.8,0,0
1,106.89,2.265,210.79,8.621,1765,45157.8,0,0
1,103.45,2.17,220.27,9.043,1759,45177.8,0,0
1,104.0,2.293,210.36,9.187,1734,45197.8,0,0
1,104.6,2.278,219.83,8.737,1709,45217.7,0,0
1,105.23,2.19,209.94,9.165,1684,45237.7,0,0
1,105.86,2.123,200.49,8.716,1709,45257.7,0,0
1,106.46,2.179,209.51,8.289,1734,45277.7,0,0
1,107.02,2.091,200.08,7.956,1759,45297.7,0,0
1,107.5,2.205,191.08,7.566,1734,45317.7,0,0
1,107.9,2.321,182.48,7.195,1739,45337.6,0,0
1,112.31,2.437,190.69,7.548,1764,45357.6,0,0
1,112.49,2.553,199.27,7.918,1789,45377.6,0,0
1,112.55,2.424,190.31,8.306,1814,45397.6,0,0
1,112.47,2.297,198.87,8.713,1789,45417.6,0,0
1,112.27,2.39,207.82,8.68,1814,45437.5,0,0
1,111.94,2.484,198.47,9.106,1839,45457.5,0,0
1,111.52,2.343,189.54,8.825,1814,45477.5,0,0
1,111.0,2.431,190.08,9.257,1839,45497.5,0,0
1,110.41,2.523,181.53,8.803,1864,45517.5,0,0
1,105.76,2.38,189.7,8.372,1889,45537.5,0,0
1,108.85,2.475,198.23,8.259,1864,45557.4,0,0
1,104.23,2.469,189.31,7.854,1839,45577.4,0,0
1,99.69,2.539,197.83,7.469,1864,45597.4,0,0
1,99.17,2.658,206.73,7.835,1889,45617.4,0,0
1,98.73,2.79,211.36,8.219,1864,45637.4,0,0
1,98.37,2.936,220.87,8.622,1839,45657.3,0,0
1,98.12,3.096,210.93,8.199,1814,45677.3,0,0
1,97.98,2.971,220.43,7.797,1789,45697.3,0,0
1,97.97,2.854,212.17,8.18,1764,45717.3,0,0
1,98.07,3.021,202.62,7.779,1789,45737.3,0,0
1,98.29,2.904,211.74,8.16,1814,45757.2,0,0
1,98.61,2.791,221.27,8.56,1839,45777.2,0,0
1,99.04,2.949,231.23,8.979,1814,45797.2,0,0
1,99.53,3.111,232.69,8.539,1789,45817.2,0,0
1,100.09,3.276,223.06,8.121,1814,45837.2,0,0
1,100.68,3.126,233.09,8.519,1839,45857.2,0,0
1,101.29,2.976,222.6,8.101,1864,45877.1,0,0
1,101.88,2.826,212.59,8.039,1839,45897.1,0,0
1,98.38,2.948,203.02,8.433,1864,45917.1,0,0
1,102.94,3.07,193.88,8.2,1839,45937.1,0,0
1,103.36,3.044,193.88,8.2,1839,45957.1,0,0
1,103.68,3.016,193.88,8.2,1839,45977.0,0,0
1,103.91,2.986,193.88,8.2,1839,45997.0,0,0
1,104.01,2.957,193.88,8.2,1839,46017.0,0,0
1,103.99,2.93,193.88,8.2,1839,46037.0,0,0
1,103.86,2.907,193.88,8.2,1839,46057.0,0,0
1,103.61,2.889,193.88,8.2,1839,46076.9,0,0
1,107.34,2.739,185.16,7.798,1864,46096.9,0,0
1,106.88,2.866,193.49,8.18,1889,46116.9,0,0
1,106.34,2.963,202.2,8.581,1914,46136.9,0,0
1,105.75,3.116,193.1,8.16,1889,46156.9,0,0
1,105.13,3.285,184.41,7.76,1914,46176.9,0,0
1,104.5,3.151,187.76,8.141,1939,46196.8,0,0
1,103.9,3.027,196.21,8.54,1964,46216.8,0,0
1,103.33,2.91,187.38,8.121,1939,46236.8,0,0
1,102.83,3.081,195.81,7.723,1964,46256.8,0,0
1,106.32,2.961,187.0,7.345,1939,46276.8,0,0
1,106.0,3.129,178.58,6.985,1914,46296.7,0,0
1,105.8,2.999,170.55,6.643,1889,46316.7,0,0
1,105.72,2.87,178.22,6.968,1864,46336.7,0,0
1,105.77,3.016,186.24,7.31,1889,46356.7,0,0
1,102.06,2.872,194.62,7.668,1864,46376.7,0,0
1,98.46,2.842,185.86,7.292,1839,46396.6,0,0
1,98.84,2.83,185.86,7.292,1839,46416.6,0,0
1,99.3,2.812,185.86,7.292,1839,46436.6,0,0
1,89.85,1.953,185.86,7.292,1839,46456.6,1,0
1,100.42,2.764,185.86,7.292,1839,46476.6,0,0
1,101.02,2.737,185.86,7.292,1839,46496.6,0,0
1,101.62,2.71,185.86,7.292,1839,46516.5,0,0
1,102.19,2.685,185.86,7.292,1839,46536.5,0,0
1,102.72,2.663,185.86,7.292,1839,46556.5,0,0
1,103.18,2.645,185.86,7.292,1839,46576.5,0,0
1,107.65,2.76,177.5,6.935,1864,46596.5,0,0
1,112.05,2.887,169.51,7.274,1889,46616.4,0,0
1,112.21,3.028,161.89,6.918,1864,46636.4,0,0
1,112.26,2.892,169.17,6.579,1839,46656.4,0,0
1,112.17,3.048,176.78,6.901,1864,46676.4,0,0
1,111.95,2.923,184.74,7.24,1889,46696.4,0,0
1,111.62,2.807,176.42,6.885,1914,46716.3,0,0
1,111.18,2.699,184.36,7.222,1939,46736.3,0,0
1,114.71,2.595,176.07,6.868,1914,46756.3,0,0
1,114.1,2.746,168.14,6.532,1939,46776.3,0,0
1,113.44,2.902,175.71,6.212,1914,46796.3,0,0
1,112.77,2.783,181.79,6.516,1939,46816.3,0,0
1,112.1,2.819,189.98,6.835,1964,46836.2,0,0
1,111.47,2.964,198.52,7.17,1939,46856.2,0,0
1,110.9,2.824,189.59,7.522,1914,46876.2,0,0
1,110.41,2.684,198.12,7.89,1889,46896.2,0,0
1,107.87,2.545,207.04,8.277,1864,46916.2,0,0
1,103.72,2.408,216.35,8.682,1839,46936.1,0,0
1,103.59,2.39,216.35,8.682,1839,46956.1,0,0
1,103.59,2.368,216.35,8.682,1839,46976.1,0,0
1,103.71,2.345,216.35,8.682,1839,46996.1,0,0
1,103.96,2.322,216.35,8.682,1839,47016.1,0,0
1,104.31,2.3,216.35,8.682,1839,47036.1,0,0
1,104.77,2.281,216.35,8.682,1839,47056.0,0,0
1,105.3,2.265,216.35,8.682,1839,47076.0,0,0
1,109.86,2.363,206.62,9.108,1864,47096.0,0,0
1,110.52,2.471,215.92,9.554,1839,47116.0,0,0
1,111.18,2.353,206.2,9.086,1814,47136.0,0,0
1,111.83,2.472,215.48,9.531,1839,47155.9,0,0
1,112.43,2.605,205.78,9.998,1814,47175.9,0,0
1,112.97,2.623,205.78,9.998,1814,47195.9,0,0
1,113.42,2.646,205.78,9.998,1814,47215.9,0,0
1,113.77,2.672,205.78,9.998,1814,47235.9,0,0
1,114.0,2.699,205.78,9.998,1814,47255.8,0,0
1,114.1,2.725,205.78,9.998,1814,47275.8,0,0
1,114.07,2.749,205.78,9.998,1814,47295.8,0,0
1,113.9,2.77,205.78,9.998,1814,47315.8,0,0
1,115.02,2.651,215.04,10.488,1839,47335.8,0,0
1,118.71,2.533,224.72,9.974,1814,47355.8,0,0
1,122.26,2.657,214.61,10.463,1789,47375.7,0,0
1,121.63,2.781,224.26,10.53,1764,47395.7,0,0
1,120.95,2.905,214.17,11.046,1789,47415.7,0,0
1,120.24,2.749,204.53,11.588,1814,47435.7,0,0
1,119.52,2.598,213.74,12.155,1839,47455.7,0,0
1,118.83,2.451,204.12,11.56,1814,47475.6,0,0
1,118.19,2.544,213.31,10.993,1789,47495.6,0,0
1,117.63,2.64,203.71,10.455,1793,47515.6,0,0
1,117.17,2.489,194.54,9.942,1768,47535.6,0,0
1,116.83,2.586,203.29,10.43,1793,47555.6,0,0
1,116.62,2.691,194.15,9.919,1768,47575.5,0,0
1,116.55,2.806,185.41,9.433,1743,47595.5,0,0
1,116.62,2.664,193.75,9.895,1768,47615.5,0,0
1,116.84,2.645,185.03,9.41,1793,47635.5,0,0
1,117.18,2.779,193.36,9.871,1818,47655.5,0,0
1,117.65,2.926,202.06,9.387,1843,47675.5,0,0
1,118.21,3.088,192.97,8.927,1868,47695.4,0,0
1,118.86,2.965,201.65,8.49,1843,47715.4,0,0
1,119.55,2.85,210.73,8.074,1868,47735.4,0,0
1,120.27,2.878,210.73,8.074,1868,47755.4,0,0
1,120.98,2.906,210.73,8.074,1868,47775.4,0,0
1,121.66,2.933,210.73,8.074,1868,47795.3,0,0
1,122.28,2.955,210.73,8.074,1868,47815.3,0,0
1,118.73,3.115,220.21,7.678,1893,47835.3,0,0
1,123.24,3.277,210.3,7.302,1918,47855.3,0,0
1,123.55,3.44,200.84,6.944,1943,47875.3,0,0
1,123.72,3.602,205.3,7.284,1968,47895.2,0,0
1,123.75,3.762,196.06,7.641,1943,47915.2,0,0
1,123.64,3.563,189.59,7.267,1968,47935.2,0,0
1,123.38,3.707,198.12,6.911,1943,47955.2,0,0
1,123.0,3.498,189.2,7.25,1968,47975.2,0,0
1,122.51,3.298,197.72,7.605,1993,47995.2,0,0
1,117.86,3.109,198.89,7.977,1968,48015.1,0,0
1,117.22,3.079,198.89,7.977,1968,48035.1,0,0
1,116.54,3.052,198.89,7.977,1968,48055.1,0,0
1,115.85,3.029,198.89,7.977,1968,48075.1,0,0
1,115.17,3.013,198.89,7.977,1968,48095.1,0,0
1,114.52,3.004,198.89,7.977,1968,48115.0,0,0
1,113.94,3.002,198.89,7.977,1968,48135.0,0,0
1,113.45,3.008,198.89,7.977,1968,48155.0,0,0
1,113.07,3.022,198.89,7.977,1968,48175.0,0,0
1,112.51,2.924,207.84,8.029,1943,48195.0,0,0
1,116.27,2.807,198.48,7.636,1918,48214.9,0,0
1,116.28,2.697,189.55,7.294,1943,48234.9,0,0
1,116.43,2.855,198.08,7.651,1968,48254.9,0,0
1,116.72,3.022,203.75,8.026,1943,48274.9,0,0
1,117.13,2.903,194.58,7.633,1918,48294.9,0,0
1,116.76,2.786,185.82,7.259,1893,48314.9,0,0
1,117.37,2.937,187.98,7.269,1868,48334.8,0,0
1,118.03,2.808,183.47,6.913,1843,48354.8,0,0
1,118.74,2.678,175.22,6.574,1818,48374.8,0,0
1,119.45,2.548,183.1,6.896,1793,48394.8,0,0
1,120.14,2.419,191.34,6.57,1768,48414.8,0,0
1,120.78,2.522,182.73,6.248,1743,48434.7,0,0
1,125.43,2.625,182.71,5.942,1768,48454.7,0,0
1,125.92,2.603,182.71,5.942,1768,48474.7,0,0
1,126.29,2.578,182.71,5.942,1768,48494.7,0,0
1,126.53,2.553,182.71,5.942,1768,48514.7,0,0
1,126.63,2.528,182.71,5.942,1768,48534.7,0,0
1,126.58,2.505,182.71,5.942,1768,48554.6,0,0
1,126.38,2.486,182.71,5.942,1768,48574.6,0,0
1,125.79,2.353,174.49,6.233,1793,48594.6,0,0
1,129.42,2.458,166.63,6.538,1768,48614.6,0,0
1,128.84,2.456,166.63,6.538,1768,48634.6,0,0
1,128.17,2.46,166.63,6.538,1768,48654.5,0,0
1,127.45,2.47,166.63,6.538,1768,48674.5,0,0
1,126.69,2.485,166.63,6.538,1768,48694.5,0,0
1,125.94,2.505,166.63,6.538,1768,48714.5,0,0
1,125.21,2.529,166.63,6.538,1768,48734.5,0,0
1,124.55,2.554,166.63,6.538,1768,48754.4,0,0
1,127.88,2.455,161.38,6.218,1793,48774.4,0,0
1,123.49,2.597,168.64,6.523,1768,48794.4,0,0
1,123.15,2.744,176.23,6.842,1743,48814.4,0,0
1,122.94,2.895,168.3,7.177,1768,48834.4,0,0
1,122.89,2.874,175.87,7.529,1793,48854.4,0,0
1,122.98,2.742,183.78,7.16,1818,48874.3,0,0
1,123.23,2.873,192.05,6.958,1843,48894.3,0,0
1,123.61,3.004,183.41,6.617,1818,48914.3,0,0
1,124.11,2.846,191.66,6.941,1843,48934.3,0,0
1,128.65,2.748,188.97,7.281,1868,48954.3,0,0
1,125.4,2.595,197.47,6.924,1892,48974.2,0,0
1,126.13,2.571,197.47,6.924,1892,48994.2,0,0
1,126.89,2.545,197.47,6.924,1892,49014.2,0,0
1,114.88,1.764,197.47,6.924,1892,49034.2,1,0
1,128.35,2.497,197.47,6.924,1892,49054.2,0,0
1,129.0,2.478,197.47,6.924,1892,49074.1,0,0
1,129.55,2.463,197.47,6.924,1892,49094.1,0,0
1,129.99,2.453,197.47,6.924,1892,49114.1,0,0
1,130.3,2.45,197.47,6.924,1892,49134.1,0,0
1,130.46,2.453,197.47,6.924,1892,49154.1,0,0
1,134.59,2.58,188.58,6.585,1867,49174.1,0,0
1,134.45,2.721,180.9,6.908,1842,49194.0,0,0
1,134.16,2.61,172.76,7.246,1867,49214.0,0,0
1,133.73,2.761,164.99,7.601,1842,49234.0,0,0
1,133.18,2.654,172.41,7.974,1817,49254.0,0,0
1,132.53,2.552,164.66,7.583,1842,49274.0,0,0
1,131.81,2.452,157.25,7.211,1817,49293.9,0,0
1,131.04,2.592,164.32,7.565,1792,49313.9,0,0
1,130.26,2.735,171.72,7.935,1767,49333.9,0,0
1,133.46,2.88,163.99,7.547,1792,49353.9,0,0
1,132.72,3.026,156.61,7.177,1767,49373.9,0,0
1,132.06,3.093,149.56,6.825,1742,49393.8,0,0
1,131.5,2.938,156.29,7.16,1717,49413.8,0,0
1,131.07,3.062,163.33,6.809,1742,49433.8,0,0
1,130.79,2.896,170.68,7.142,1717,49453.8,0,0
1,130.65,2.735,178.36,7.492,1742,49473.8,0,0
1,130.68,2.84,170.33,7.125,1717,49493.8,0,0
1,130.87,2.677,177.99,6.776,1692,49513.7,0,0
1,131.21,2.554,186.0,7.108,1717,49533.7,0,0
1,131.69,2.409,194.37,6.76,1742,49553.7,0,0
1,132.29,2.504,185.63,6.429,1767,49573.7,0,0
1,132.98,2.608,193.98,6.114,1742,49593.7,0,0
1,133.75,2.589,185.25,6.065,1717,49613.6,0,0
1,134.54,2.461,193.59,6.362,1692,49633.6,0,0
1,131.33,2.345,202.3,6.674,1717,49653.6,0,0
1,132.08,2.465,193.2,6.866,1742,49673.6,0,0
1,132.78,2.598,201.89,7.203,1717,49693.6,0,0
1,133.4,2.744,192.81,7.556,1742,49713.5,0,0
1,133.91,2.636,201.48,7.185,1717,49733.5,0,0
1,134.29,2.789,192.41,6.833,1692,49753.5,0,0
1,134.52,2.952,201.07,6.499,1702,49773.5,0,0
1,134.61,2.838,210.12,6.18,1727,49793.5,0,0
1,134.54,2.999,200.67,5.877,1752,49813.5,0,0
1,130.2,2.875,191.64,6.165,1777,49833.4,0,0
1,129.84,2.89,191.64,6.165,1777,49853.4,0,0
1,129.36,2.899,191.64,6.165,1777,49873.4,0,0
1,128.77,2.901,191.64,6.165,1777,49893.4,0,0
1,128.1,2.895,191.64,6.165,1777,49913.4,0,0
1,127.37,2.884,191.64,6.165,1777,49933.3,0,0
1,126.61,2.866,191.64,6.165,1777,49953.3,0,0
1,125.86,2.844,191.64,6.165,1777,49973.3,0,0
1,125.14,2.818,191.64,6.165,1777,49993.3,0,0
1,120.55,2.657,200.26,5.863,1752,50013.3,0,0
1,120.0,2.63,200.26,5.863,1752,50033.3,0,0
1,119.55,2.606,200.26,5.863,1752,50053.2,0,0
1,119.23,2.584,200.26,5.863,1752,50073.2,0,0
1,142.54,3.334,180.26,3.863,1752,50093.2,0,1
1,119.01,2.555,200.26,5.863,1752,50113.2,0,0
1,119.12,2.55,200.26,5.863,1752,50133.2,0,0
1,119.37,2.551,200.26,5.863,1752,50153.1,0,0
1,119.75,2.558,200.26,5.863,1752,50173.1,0,0
1,120.25,2.572,200.26,5.863,1752,50193.1,0,0
1,120.85,2.591,200.26,5.863,1752,50213.1,0,0
1,121.51,2.614,200.26,5.863,1752,50233.1,0,0
1,122.23,2.639,200.26,5.863,1752,50253.0,0,0
1,122.96,2.665,200.26,5.863,1752,50273.0,0,0
1,123.69,2.82,194.22,5.576,1727,50293.0,0,0
1,124.37,2.982,185.48,5.849,1752,50313.0,0,0
1,124.99,3.148,177.13,5.562,1777,50333.0,0,0
1,125.51,3.013,181.18,5.29,1752,50353.0,0,0
1,125.92,3.168,173.03,5.549,1777,50372.9,0,0
1,126.21,3.324,165.24,5.821,1802,50392.9,0,0
1,126.35,3.476,163.07,6.106,1827,50412.9,0,0
1,122.23,3.297,167.98,5.807,1802,50432.9,0,0
1,122.09,3.388,160.42,6.092,1777,50452.9,0,0
1,121.81,3.201,153.2,6.39,1752,50472.8,0,0
1,121.4,3.021,160.1,6.703,1727,50492.8,0,0
1,120.89,2.892,167.3,7.032,1717,50512.8,0,0
1,120.3,3.0,159.77,6.687,1742,50532.8,0,0
1,119.63,2.829,152.58,7.015,1767,50552.8,0,0
1,118.93,2.67,145.72,6.671,1792,50572.7,0,0
1,122.21,2.779,139.16,6.496,1767,50592.7,0,0
1,121.49,2.765,139.16,6.496,1767,50612.7,0,0
1,120.83,2.758,139.16,6.496,1767,50632.7,0,0
1,120.23,2.758,139.16,6.496,1767,50652.7,0,0
1,119.74,2.766,139.16,6.496,1767,50672.7,0,0
1,119.36,2.779,139.16,6.496,1767,50692.6,0,0
1,119.11,2.665,145.42,6.178,1743,50712.6,0,0
1,119.01,2.817,151.97,6.481,1718,50732.6,0,0
1,119.05,2.98,145.13,6.798,1743,50752.6,0,0
1,119.24,3.155,151.66,7.131,1768,50772.6,0,0
1,123.46,3.338,158.48,7.481,1743,50792.5,0,0
1,120.01,3.53,165.62,7.847,1718,50812.5,0,0
1,120.57,3.557,165.62,7.847,1718,50832.5,0,0
1,121.21,3.577,165.62,7.847,1718,50852.5,0,0
1,121.91,3.59,165.62,7.847,1718,50872.5,0,0
1,122.64,3.595,165.62,7.847,1718,50892.4,0,0
1,127.39,3.764,158.16,7.463,1693,50912.4,0,0
1,128.12,3.751,158.16,7.463,1693,50932.4,0,0
1,128.79,3.731,158.16,7.463,1693,50952.4,0,0
1,129.38,3.703,158.16,7.463,1693,50972.4,0,0
1,129.86,3.671,158.16,7.463,1693,50992.4,0,0
1,130.21,3.636,158.16,7.463,1693,51012.3,0,0
1,130.42,3.6,158.16,7.463,1693,51032.3,0,0
1,130.49,3.565,158.16,7.463,1693,51052.3,0,0
1,130.4,3.534,158.16,7.463,1693,51072.3,0,0
1,134.28,3.34,151.05,7.829,1718,51092.3,0,0
1,129.79,3.163,157.84,7.445,1743,51112.2,0,0
1,125.22,3.002,150.74,7.08,1768,51132.2,0,0
1,120.57,3.044,143.96,7.427,1743,51152.2,0,0
1,119.93,2.904,137.48,7.063,1718,51172.2,0,0
1,119.25,3.058,139.17,6.717,1743,51192.2,0,0
1,118.54,2.931,143.83,6.388,1718,51212.1,0,0
1,117.84,2.813,150.3,6.701,1743,51232.1,0,0
1,117.17,2.976,143.53,7.029,1768,51252.1,0,0
1,120.49,3.15,149.99,7.374,1793,51272.1,0,0
1,123.85,3.029,156.74,7.012,1768,51292.1,0,0
1,123.41,3.203,163.8,6.669,1793,51312.1,0,0
1,123.09,3.073,156.43,6.342,1818,51332.0,0,0
1,122.92,3.24,158.82,6.031,1843,51352.0,0,0
1,122.9,3.097,165.97,6.013,1818,51372.0,0,0
1,123.02,3.252,173.44,5.718,1822,51392.0,0,0
1,127.19,3.093,165.63,5.438,1797,51412.0,0,0
1,127.61,3.084,165.63,5.438,1797,51431.9,0,0
1,128.16,3.068,165.63,5.438,1797,51451.9,0,0
1,128.8,3.047,165.63,5.438,1797,51471.9,0,0
1,129.52,3.021,165.63,5.438,1797,51491.9,0,0
1,130.29,2.992,165.63,5.438,1797,51511.9,0,0
1,131.07,2.962,165.63,5.438,1797,51531.8,0,0
1,131.84,2.933,165.63,5.438,1797,51551.8,0,0
1,132.56,2.907,165.63,5.438,1797,51571.8,0,0
1,133.2,2.886,165.63,5.438,1797,51591.8,0,0
1,120.37,2.009,165.63,5.438,1797,51611.8,1,0
1,134.17,2.86,165.63,5.438,1797,51631.8,0,0
1,134.46,2.858,165.63,5.438,1797,51651.7,0,0
1,134.6,2.863,165.63,5.438,1797,51671.7,0,0
1,134.58,2.875,165.63,5.438,1797,51691.7,0,0
1,134.4,2.894,165.63,5.438,1797,51711.7,0,0
1,134.08,2.917,165.63,5.438,1797,51731.7,0,0
1,137.71,2.803,173.09,5.172,1822,51751.6,0,0
1,137.12,2.831,173.09,5.172,1822,51771.6,0,0
1,136.43,2.859,173.09,5.172,1822,51791.6,0,0
1,135.67,2.886,173.09,5.172,1822,51811.6,0,0
1,134.88,2.909,173.09,5.172,1822,51831.6,0,0
1,134.07,2.928,173.09,5.172,1822,51851.6,0,0
1,133.29,2.94,173.09,5.172,1822,51871.5,0,0
1,132.57,2.947,173.09,5.172,1822,51891.5,0,0
1,131.93,2.946,173.09,5.172,1822,51911.5,0,0
1,127.49,2.797,180.87,5.425,1797,51931.5,0,0
1,126.39,2.91,189.01,5.159,1772,51951.5,0,0
1,122.26,3.029,197.52,5.412,1797,51971.4,0,0
1,126.06,3.148,188.63,5.67,1822,51991.4,0,0
1,126.12,3.118,188.63,5.67,1822,52011.4,0,0
1,126.33,3.088,188.63,5.67,1822,52031.4,0,0
1,126.69,3.057,188.63,5.67,1822,52051.4,0,0
1,127.18,3.03,188.63,5.67,1822,52071.3,0,0
1,127.78,3.006,188.63,5.67,1822,52091.3,0,0
1,128.47,3.132,183.1,5.948,1847,52111.3,0,0
1,129.21,2.971,191.34,6.239,1822,52131.3,0,0
1,129.99,3.109,182.73,5.934,1847,52151.3,0,0
1,130.76,3.263,190.95,6.224,1872,52171.3,0,0
1,131.5,3.119,199.54,6.529,1897,52191.2,0,0
1,132.18,3.288,208.52,6.849,1922,52211.2,0,0
1,132.77,3.474,217.91,6.937,1947,52231.2,0,0
1,133.25,3.337,208.1,6.597,1922,52251.2,0,0
1,133.6,3.371,208.1,6.597,1922,52271.2,0,0
1,133.8,3.404,208.1,6.597,1922,52291.1,0,0
1,133.85,3.436,208.1,6.597,1922,52311.1,0,0
1,133.74,3.465,208.1,6.597,1922,52331.1,0,0
1,133.49,3.488,208.1,6.597,1922,52351.1,0,0
1,133.09,3.504,208.1,6.597,1922,52371.1,0,0
1,132.57,3.513,208.1,6.597,1922,52391.0,0,0
1,131.94,3.513,208.1,6.597,1922,52411.0,0,0
1,131.24,3.505,208.1,6.597,1922,52431.0,0,0
1,130.48,3.489,208.1,6.597,1922,52451.0,0,0
1,129.7,3.467,208.1,6.597,1922,52471.0,0,0
1,128.94,3.438,208.1,6.597,1922,52491.0,0,0
1,128.21,3.407,208.1,6.597,1922,52510.9,0,0
1,123.63,3.211,198.73,6.273,1947,52530.9,0,0
1,123.08,3.18,198.73,6.273,1947,52550.9,0,0
1,122.65,3.15,198.73,6.273,1947,52570.9,0,0
1,122.35,3.125,198.73,6.273,1947,52590.9,0,0
1,122.2,3.106,198.73,6.273,1947,52610.8,0,0
1,122.19,3.241,207.68,6.581,1922,52630.8,0,0
1,122.33,3.182,198.33,6.258,1947,52650.8,0,0
1,150.0,3.955,187.26,3.952,1972,52670.8,0,1
1,123.04,3.189,197.93,6.243,1947,52690.8,0,0
1,123.58,3.361,205.04,6.549,1922,52710.7,0,0
1,124.21,3.225,195.81,6.228,1897,52730.7,0,0
1,124.91,3.41,204.62,6.534,1872,52750.7,0,0
1,125.65,3.444,204.62,6.534,1872,52770.7,0,0
1,126.4,3.478,204.62,6.534,1872,52790.7,0,0
1,127.14,3.511,204.62,6.534,1872,52810.7,0,0
1,127.83,3.541,204.62,6.534,1872,52830.6,0,0
1,124.36,3.395,195.41,6.213,1876,52850.6,0,0
1,124.86,3.412,195.41,6.213,1876,52870.6,0,0
1,125.24,3.421,195.41,6.213,1876,52890.6,0,0
1,125.5,3.423,195.41,6.213,1876,52910.6,0,0
1,125.61,3.416,195.41,6.213,1876,52930.5,0,0
1,125.57,3.402,195.41,6.213,1876,52950.5,0,0
1,125.39,3.381,195.41,6.213,1876,52970.5,0,0
1,125.08,3.354,195.41,6.213,1876,52990.5,0,0
1,124.64,3.323,195.41,6.213,1876,53010.5,0,0
1,128.16,3.133,186.62,5.909,1901,53030.4,0,0
1,123.46,2.953,178.22,5.619,1876,53050.4,0,0
1,122.77,2.925,178.22,5.619,1876,53070.4,0,0
1,122.05,2.901,178.22,5.619,1876,53090.4,0,0
1,121.32,2.882,178.22,5.619,1876,53110.4,0,0
1,120.61,2.87,178.22,5.619,1876,53130.4,0,0
1,119.97,2.864,178.22,5.619,1876,53150.3,0,0
1,119.4,2.866,178.22,5.619,1876,53170.3,0,0
1,118.93,2.875,178.22,5.619,1876,53190.3,0,0
1,118.58,2.89,178.22,5.619,1876,53210.3,0,0
1,117.12,3.052,170.2,5.895,1901,53230.3,0,0
1,113.17,2.931,177.86,5.606,1926,53250.2,0,0
1,113.24,3.102,185.86,5.881,1951,53270.2,0,0
1,113.45,3.283,178.44,6.169,1976,53290.2,0,0
1,113.78,3.156,186.47,6.471,1951,53310.2,0,0
1,114.23,3.03,178.08,6.154,1926,53330.2,0,0
1,114.78,3.05,170.07,6.455,1901,53350.2,0,0
1,115.4,3.214,175.29,6.772,1876,53370.1,0,0
1,116.08,3.069,183.18,7.104,1901,53390.1,0,0
1,116.77,3.219,174.94,6.756,1876,53410.1,0,0
1,117.47,3.369,182.81,6.425,1851,53430.1,0,0
1,118.13,3.195,174.58,6.739,1826,53450.1,0,0
1,118.73,3.023,182.44,6.409,1801,53470.0,0,0
1,119.25,2.856,190.65,6.095,1826,53490.0,0,0
1,119.67,2.966,182.07,6.394,1851,53510.0,0,0
1,119.97,2.849,190.26,6.707,1826,53530.0,0,0
1,120.13,2.686,181.7,6.378,1801,53550.0,0,0
1,120.16,2.788,189.88,6.691,1776,53569.9,0,0
1,118.84,2.897,184.63,6.687,1767,53589.9,0,0
1,118.6,2.877,184.63,6.687,1767,53609.9,0,0
1,118.24,2.864,184.63,6.687,1767,53629.9,0,0
1,117.76,2.857,184.63,6.687,1767,53649.9,0,0
1,117.2,2.857,184.63,6.687,1767,53669.9,0,0
1,116.56,2.865,184.63,6.687,1767,53689.8,0,0
1,115.89,2.88,184.63,6.687,1767,53709.8,0,0
1,115.2,2.761,176.32,6.36,1792,53729.8,0,0
1,114.52,2.652,168.39,6.671,1767,53749.8,0,0
1,113.88,2.806,160.81,6.998,1742,53769.8,0,0
1,113.3,2.97,168.05,6.655,1717,53789.7,0,0
1,112.81,3.143,175.61,6.981,1692,53809.7,0,0
1,112.43,3.323,183.51,7.324,1667,53829.7,0,0
1,112.17,3.342,191.77,7.682,1692,53849.7,0,0
1,112.04,3.199,183.14,7.306,1717,53869.7,0,0
1,112.05,3.056,184.38,7.664,1742,53889.6,0,0
1,112.2,2.913,181.17,8.04,1717,53909.6,0,0
1,116.37,3.032,189.32,8.433,1692,53929.6,0,0
1,116.78,3.022,189.32,8.433,1692,53949.6,0,0
1,117.3,3.005,189.32,8.433,1692,53969.6,0,0
1,117.91,2.982,189.32,8.433,1692,53989.6,0,0
1,118.58,2.956,189.32,8.433,1692,54009.5,0,0
1,115.29,2.787,180.8,8.751,1682,54029.5,0,0
1,115.98,2.892,172.66,8.322,1707,54049.5,0,0
1,116.65,2.727,164.89,7.915,1704,54069.5,0,0
1,117.28,2.833,172.31,8.302,1679,54089.5,0,0
1,117.83,2.678,164.56,8.709,1704,54109.4,0,0
1,114.2,2.792,171.96,9.136,1729,54129.4,0,0
1,114.53,2.784,171.96,9.136,1729,54149.4,0,0
1,114.75,2.784,171.96,9.136,1729,54169.4,0,0
1,114.84,2.79,171.96,9.136,1729,54189.4,0,0
1,103.31,1.962,171.96,9.136,1729,54209.3,1,0
1,114.61,2.823,171.96,9.136,1729,54229.3,0,0
1,114.31,2.847,171.96,9.136,1729,54249.3,0,0
1,113.9,2.874,171.96,9.136,1729,54269.3,0,0
1,113.39,2.903,171.96,9.136,1729,54289.3,0,0
1,112.81,2.931,171.96,9.136,1729,54309.3,0,0
1,112.17,2.958,171.96,9.136,1729,54329.2,0,0
1,111.51,2.838,173.57,8.688,1754,54349.2,0,0
1,110.84,2.992,181.38,9.114,1779,54369.2,0,0
1,110.2,3.147,189.54,8.859,1754,54389.2,0,0
1,109.62,3.175,197.47,9.293,1729,54409.2,0,0
1,109.1,3.02,206.35,9.748,1754,54429.1,0,0
1,104.79,2.866,197.07,9.27,1729,54449.1,0,0
1,104.49,2.714,188.2,9.725,1704,54469.1,0,0
1,104.32,2.824,196.67,10.201,1729,54489.1,0,0
1,104.27,2.665,187.82,9.701,1704,54509.1,0,0
1,104.35,2.513,185.4,10.177,1729,54529.0,0,0
1,108.45,2.369,193.74,9.678,1711,54549.0,0,0
1,104.88,2.458,185.02,9.204,1736,54569.0,0,0
1,105.3,2.554,193.35,9.655,1711,54589.0,0,0
1,105.82,2.596,184.65,10.128,1736,54609.0,0,0
1,106.4,2.458,176.34,9.632,1711,54629.0,0,0
1,107.02,2.332,184.28,10.104,1686,54648.9,0,0
1,111.67,2.443,175.98,9.609,1711,54668.9,0,0
1,116.36,2.565,183.9,9.138,1736,54688.9,0,0
1,112.95,2.453,192.18,8.69,1761,54708.9,0,0
1,113.52,2.469,192.18,8.69,1761,54728.9,0,0
1,114.01,2.489,192.18,8.69,1761,54748.8,0,0
1,114.4,2.513,192.18,8.69,1761,54768.8,0,0
1,114.67,2.538,192.18,8.69,1761,54788.8,0,0
1,114.81,2.563,192.18,8.69,1761,54808.8,0,0
1,114.83,2.586,192.18,8.69,1761,54828.8,0,0
1,114.71,2.607,192.18,8.69,1761,54848.8,0,0
1,114.46,2.623,192.18,8.69,1761,54868.7,0,0
1,110.0,2.761,200.83,8.264,1736,54888.7,0,0
1,113.63,2.899,209.86,7.859,1761,54908.7,0,0
1,113.07,3.037,200.42,8.244,1736,54928.7,0,0
1,112.46,3.15,191.4,7.84,1761,54948.7,0,0
1,111.8,3.285,200.01,8.225,1760,54968.6,0,0
1,111.14,3.419,209.01,7.822,1735,54988.6,0,0
1,110.48,3.227,199.61,7.438,1760,55008.6,0,0
1,109.87,3.044,208.59,7.803,1735,55028.6,0,0
1,105.4,3.158,217.98,8.185,1760,55048.6,0,0
1,108.86,3.277,208.17,7.784,1785,55068.5,0,0
1,112.4,3.092,198.8,8.165,1760,55088.5,0,0
1,108.27,3.216,207.75,8.566,1735,55108.5,0,0
1,108.16,3.35,198.4,8.146,1710,55128.5,0,0
1,108.18,3.499,189.47,7.747,1735,55148.5,0,0
1,108.34,3.663,192.72,7.367,1760,55168.5,0,0
1,108.62,3.493,184.05,7.728,1785,55188.4,0,0
1,109.01,3.339,175.77,8.107,1760,55208.4,0,0
1,109.51,3.359,175.77,8.107,1760,55228.4,0,0
1,110.08,3.386,175.77,8.107,1760,55248.4,0,0
1,110.71,3.418,175.77,8.107,1760,55268.4,0,0
1,111.37,3.452,175.77,8.107,1760,55288.3,0,0
1,112.04,3.486,175.77,8.107,1760,55308.3,0,0
1,112.68,3.519,175.77,8.107,1760,55328.3,0,0
1,113.28,3.548,175.77,8.107,1760,55348.3,0,0
1,113.8,3.571,175.77,8.107,1760,55368.3,0,0
1,118.34,3.759,167.86,7.71,1735,55388.2,0,0
1,122.78,3.587,160.3,7.332,1760,55408.2,0,0
1,118.88,3.415,167.52,6.972,1785,55428.2,0,0
1,123.08,3.243,175.06,7.314,1760,55448.2,0,0
1,123.01,3.228,175.06,7.314,1760,55468.2,0,0
1,122.81,3.207,175.06,7.314,1760,55488.2,0,0
1,122.47,3.18,175.06,7.314,1760,55508.1,0,0
1,122.02,3.151,175.06,7.314,1760,55528.1,0,0
1,121.46,3.12,175.06,7.314,1760,55548.1,0,0
1,116.78,2.941,182.93,7.673,1785,55568.1,0,0
1,117.83,3.054,174.7,7.297,1760,55588.1,0,0
1,120.41,3.175,182.56,6.939,1735,55608.0,0,0
1,123.67,3.307,190.78,7.279,1710,55628.0,0,0
1,119.01,3.136,199.36,6.922,1685,55648.0,0,0
1,122.31,3.282,190.39,6.797,1710,55668.0,0,0
1,121.75,3.128,198.96,6.464,1735,55688.0,0,0
1,121.3,3.29,190.01,6.148,1710,55707.9,0,0
1,120.97,3.151,198.56,5.846,1685,55727.9,0,0
1,120.79,3.023,202.3,5.56,1710,55747.9,0,0
1,120.75,2.904,193.2,5.832,1735,55767.9,0,0
1,120.86,2.792,184.5,5.547,1760,55787.9,0,0
1,121.11,2.955,190.47,5.818,1735,55807.9,0,0
1,121.49,3.126,181.9,5.533,1710,55827.8,0,0
1,122.0,3.001,173.71,5.804,1735,55847.8,0,0
1,122.6,3.167,165.9,6.089,1760,55867.8,0,0
1,123.28,3.03,170.8,6.387,1785,55887.8,0,0
1,124.01,3.184,178.49,6.7,1810,55907.8,0,0
1,124.75,3.338,182.04,7.028,1785,55927.7,0,0
1,129.52,3.491,190.23,7.373,1760,55947.7,0,0
1,134.29,3.309,181.67,7.011,1785,55967.7,0,0
1,130.88,3.13,189.85,6.668,1810,55987.7,0,0
1,135.52,2.956,193.79,6.341,1835,56007.7,0,0
1,135.97,3.069,202.51,6.03,1846,56027.6,0,0
1,136.28,2.893,193.4,6.326,1871,56047.6,0,0
1,136.43,3.002,202.1,6.636,1846,56067.6,0,0
1,136.43,2.832,193.01,6.311,1821,56087.6,0,0
1,136.27,2.943,184.32,6.002,1846,56107.6,0,0
1,135.96,3.065,187.74,6.296,1871,56127.6,0,0
1,131.42,3.089,179.29,6.604,1896,56147.5,0,0
1,126.8,2.935,187.36,6.928,1921,56167.5,0,0
1,126.17,3.078,178.93,6.588,1896,56187.5,0,0
1,125.47,3.179,186.98,6.265,1871,56207.5,0,0
1,124.74,3.043,195.4,6.572,1846,56227.5,0,0
1,124.0,3.054,189.86,6.894,1871,56247.4,0,0
1,123.27,2.934,181.31,7.232,1846,56267.4,0,0
1,122.59,2.82,173.16,7.587,1871,56287.4,0,0
1,121.99,2.712,180.95,7.958,1846,56307.4,0,0
1,121.49,2.785,189.09,7.568,1821,56327.4,0,0
1,121.1,2.944,180.58,7.939,1796,56347.4,0,0
1,120.85,2.822,172.45,8.328,1821,56367.3,0,0
1,120.75,2.701,180.22,8.736,1846,56387.3,0,0
1,124.67,2.839,188.33,9.165,1871,56407.3,0,0
1,124.87,2.841,188.33,9.165,1871,56427.3,0,0
1,125.21,2.836,188.33,9.165,1871,56447.3,0,0
1,125.67,2.825,188.33,9.165,1871,56467.2,0,0
1,126.26,2.808,188.33,9.165,1871,56487.2,0,0
1,126.92,2.786,188.33,9.165,1871,56507.2,0,0
1,127.66,2.761,188.33,9.165,1871,56527.2,0,0
1,132.42,2.603,179.85,8.715,1846,56547.2,0,0
1,133.21,2.577,179.85,8.715,1846,56567.1,0,0
1,133.97,2.553,179.85,8.715,1846,56587.1,0,0
1,134.67,2.531,179.85,8.715,1846,56607.1,0,0
1,135.28,2.514,179.85,8.715,1846,56627.1,0,0
1,135.79,2.503,179.85,8.715,1846,56647.1,0,0
1,140.27,2.617,187.94,9.143,1860,56667.1,0,0
1,140.5,2.618,187.94,9.143,1860,56687.0,0,0
1,140.57,2.625,187.94,9.143,1860,56707.0,0,0
1,140.48,2.639,187.94,9.143,1860,56727.0,0,0
1,140.23,2.658,187.94,9.143,1860,56747.0,0,0
1,139.83,2.682,187.94,9.143,1860,56767.0,0,0
1,125.37,1.895,187.94,9.143,1860,56786.9,1,0
1,138.65,2.735,187.94,9.143,1860,56806.9,0,0
1,137.92,2.762,187.94,9.143,1860,56826.9,0,0
1,137.13,2.786,187.94,9.143,1860,56846.9,0,0
1,136.31,2.806,187.94,9.143,1860,56866.9,0,0
1,135.5,2.822,187.94,9.143,1860,56886.8,0,0
1,134.73,2.832,187.94,9.143,1860,56906.8,0,0
1,130.1,2.698,196.4,8.695,1885,56926.8,0,0
1,129.52,2.695,196.4,8.695,1885,56946.8,0,0
1,129.05,2.685,196.4,8.695,1885,56966.8,0,0
1,128.72,2.67,196.4,8.695,1885,56986.8,0,0
1,128.54,2.65,196.4,8.695,1885,57006.7,0,0
1,128.51,2.626,196.4,8.695,1885,57026.7,0,0
1,132.53,2.726,187.56,8.268,1860,57046.7,0,0
1,132.82,2.828,179.12,7.863,1885,57066.7,0,0
1,133.26,2.844,171.06,8.249,1860,57086.7,0,0
1,133.83,2.955,178.76,7.844,1885,57106.6,0,0
1,134.5,2.793,184.27,7.46,1860,57126.6,0,0
1,135.25,2.646,192.56,7.375,1835,57146.6,0,0
1,136.05,2.512,201.22,7.014,1860,57166.6,0,0
1,136.87,2.391,192.17,7.357,1835,57186.6,0,0
1,141.71,2.513,183.52,6.997,1860,57206.5,0,0
1,142.48,2.646,191.78,6.654,1885,57226.5,0,0
1,143.18,2.792,200.41,6.98,1910,57246.5,0,0
1,143.77,2.681,209.43,7.322,1885,57266.5,0,0
1,144.22,2.577,200.0,7.497,1860,57286.5,0,0
1,144.53,2.478,191.0,7.865,1844,57306.5,0,0
1,144.68,2.382,199.6,7.479,1869,57326.4,0,0
1,144.66,2.519,208.58,7.846,1894,57346.4,0,0
1,140.36,2.416,217.97,8.23,1919,57366.4,0,0
1,140.02,2.43,217.97,8.23,1919,57386.4,0,0
1,139.55,2.44,217.97,8.23,1919,57406.4,0,0
1,138.95,2.443,217.97,8.23,1919,57426.3,0,0
1,138.25,2.441,217.97,8.23,1919,57446.3,0,0
1,133.45,2.549,208.16,8.634,1944,57466.3,0,0
1,132.67,2.536,208.16,8.634,1944,57486.3,0,0
1,131.88,2.517,208.16,8.634,1944,57506.3,0,0
1,131.11,2.495,208.16,8.634,1944,57526.2,0,0
1,130.4,2.471,208.16,8.634,1944,57546.2,0,0
1,129.77,2.564,198.79,9.057,1969,57566.2,0,0
1,129.24,2.622,189.85,9.5,1994,57586.2,0,0
1,128.85,2.474,198.39,9.035,1969,57606.2,0,0
1,128.6,2.574,189.46,8.592,1944,57626.2,0,0
1,128.5,2.437,180.94,8.171,1919,57646.1,0,0
1,128.57,2.547,172.79,7.771,1894,57666.1,0,0
1,124.9,2.668,170.79,8.152,1919,57686.1,0,0
1,125.25,2.802,163.11,8.551,1944,57706.1,0,0
1,125.73,2.679,170.45,8.97,1919,57726.1,0,0
1,126.32,2.827,162.78,8.53,1894,57746.0,0,0
1,127.0,2.987,170.1,8.948,1919,57766.0,0,0
1,127.74,2.871,162.45,8.51,1894,57786.0,0,0
1,132.5,3.039,155.14,8.927,1919,57806.0,0,0
1,137.32,3.216,162.12,9.364,1944,57826.0,0,0
1,134.05,3.09,169.41,8.905,1969,57846.0,0,0
1,134.74,3.114,169.41,8.905,1969,57865.9,0,0
1,135.35,3.133,169.41,8.905,1969,57885.9,0,0
1,135.83,3.146,169.41,8.905,1969,57905.9,0,0
1,136.19,3.152,169.41,8.905,1969,57925.9,0,0
1,136.4,3.15,169.41,8.905,1969,57945.9,0,0
1,136.45,3.141,169.41,8.905,1969,57965.8,0,0
1,136.34,3.124,169.41,8.905,1969,57985.8,0,0
1,136.08,3.103,169.41,8.905,1969,58005.8,0,0
1,133.82,3.224,161.79,8.469,1994,58025.8,0,0
1,129.21,3.04,169.07,8.884,2019,58045.8,0,0
1,128.61,2.865,161.46,8.582,1994,58065.7,0,0
1,127.92,2.734,168.73,8.161,1969,58085.7,0,0
1,127.18,2.84,163.14,7.761,1944,58105.7,0,0
1,126.42,2.953,170.48,8.142,1969,58125.7,0,0
1,125.68,2.933,178.15,7.743,1994,58145.7,0,0
1,124.97,2.958,170.13,7.363,1969,58165.7,0,0
1,124.33,2.813,177.79,7.724,1994,58185.6,0,0
1,123.78,2.818,177.79,7.724,1994,58205.6,0,0
1,123.34,2.83,177.79,7.724,1994,58225.6,0,0
1,123.04,2.848,177.79,7.724,1994,58245.6,0,0
1,122.88,2.871,177.79,7.724,1994,58265.6,0,0
1,126.76,2.759,169.79,7.346,2019,58285.5,0,0
1,123.02,2.653,162.15,7.706,1994,58305.5,0,0
1,123.31,2.679,162.15,7.706,1994,58325.5,0,0
1,123.73,2.704,162.15,7.706,1994,58345.5,0,0
1,124.27,2.726,162.15,7.706,1994,58365.5,0,0
1,124.9,2.743,162.15,7.706,1994,58385.4,0,0
1,125.6,2.756,162.15,7.706,1994,58405.4,0,0
1,126.35,2.761,162.15,7.706,1994,58425.4,0,0
1,127.11,2.761,162.15,7.706,1994,58445.4,0,0
1,127.85,2.754,162.15,7.706,1994,58465.4,0,0
1,124.48,2.872,169.45,8.083,1969,58485.4,0,0
1,125.08,2.99,177.07,7.687,1994,58505.3,0,0
1,125.58,2.823,185.04,8.064,2019,58525.3,0,0
1,125.97,2.93,176.71,7.669,1994,58545.3,0,0
1,126.22,2.762,184.66,7.293,1969,58565.3,0,0
1,126.34,2.866,176.35,6.936,1944,58585.3,0,0
1,126.3,2.977,184.29,7.275,1919,58605.2,0,0
1,126.12,3.095,176.0,6.919,1944,58625.2,0,0
1,125.81,3.068,183.92,7.258,1969,58645.2,0,0
1,121.28,2.91,175.64,6.902,1944,58665.2,0,0
1,120.75,2.767,183.54,7.241,1919,58685.2,0,0
1,120.13,2.903,175.29,6.886,1894,58705.1,0,0
1,119.46,2.774,167.4,7.223,1869,58725.1,0,0
1,118.76,2.925,174.93,7.577,1894,58745.1,0,0
1,118.05,3.09,182.8,7.948,1869,58765.1,0,0
1,117.36,3.259,191.03,8.338,1894,58785.1,0,0
1,116.73,3.449,182.43,7.929,1869,58805.1,0,0
1,116.18,3.317,190.64,7.541,1844,58825.0,0,0
1,115.72,3.509,199.22,7.91,1869,58845.0,0,0
1,115.38,3.368,208.19,7.523,1894,58865.0,0,0
1,115.17,3.553,198.82,7.891,1919,58885.0,0,0
1,115.1,3.46,207.76,8.278,1944,58905.0,0,0
1,111.29,3.303,217.11,8.684,1919,58924.9,0,0
1,107.6,3.462,226.88,9.109,1894,58944.9,0,0
1,111.82,3.62,237.09,8.663,1919,58964.9,0,0
1,112.27,3.431,226.42,9.087,1944,58984.9,0,0
1,112.8,3.572,233.22,8.642,1969,59004.9,0,0
1,113.41,3.373,243.71,9.065,1994,59024.8,0,0
1,114.08,3.182,232.75,8.621,1969,59044.8,0,0
1,114.76,2.999,243.22,9.044,1944,59064.8,0,0
1,115.44,2.827,232.28,8.601,1969,59084.8,0,0
1,116.09,2.666,221.82,9.022,1944,59104.8,0,0
1,120.75,2.772,211.84,8.967,1969,59124.8,0,0
1,117.19,2.687,221.37,8.527,1944,59144.7,0,0
1,113.5,2.661,211.41,8.11,1919,59164.7,0,0
1,117.9,2.784,201.9,7.712,1894,59184.7,0,0
1,116.74,2.872,192.81,7.334,1869,59204.7,0,0
1,112.65,2.743,201.49,7.694,1894,59224.7,0,0
1,108.43,2.891,210.56,8.071,1919,59244.6,0,0
1,108.21,2.849,215.05,7.675,1944,59264.6,0,0
1,107.88,2.736,205.37,7.299,1919,59284.6,0,0
1,107.45,2.79,196.13,6.942,1894,59304.6,0,0
1,106.93,2.954,187.3,6.601,1869,59324.6,0,0
1,106.35,3.125,195.73,6.925,1894,59344.5,0,0
1,96.22,2.1,204.54,7.264,1919,59364.5,1,0
1,106.28,3.021,204.54,7.264,1919,59384.5,0,0
1,105.65,3.037,204.54,7.264,1919,59404.5,0,0
1,105.06,3.046,204.54,7.264,1919,59424.5,0,0
1,104.53,3.047,204.54,7.264,1919,59444.5,0,0
1,104.08,3.042,204.54,7.264,1919,59464.4,0,0
1,103.72,3.029,204.54,7.264,1919,59484.4,0,0
1,99.6,2.866,195.34,7.62,1944,59504.4,0,0
1,95.6,2.786,186.55,7.474,1919,59524.4,0,0
1,99.49,2.629,194.94,7.84,1894,59544.4,0,0
1,103.5,2.728,186.17,8.224,1919,59564.3,0,0
1,103.76,2.571,194.55,8.627,1944,59584.3,0,0
1,104.13,2.669,185.79,8.204,1969,59604.3,0,0
1,104.59,2.52,194.15,7.802,1944,59624.3,0,0
1,105.13,2.624,202.89,7.42,1919,59644.3,0,0
1,105.73,2.487,201.85,7.784,1894,59664.3,0,0
1,102.36,2.601,192.76,8.161,1896,59684.2,0,0
1,98.96,2.477,194.37,8.561,1921,59704.2,0,0
1,99.53,2.604,203.12,8.98,1946,59724.2,0,0
1,100.06,2.492,193.98,8.54,1921,59744.2,0,0
1,100.54,2.39,185.25,8.122,1896,59764.2,0,0
1,100.93,2.296,193.59,8.52,1871,59784.1,0,0
1,101.23,2.429,202.3,8.102,1846,59804.1,0,0
1,101.42,2.571,211.4,7.705,1871,59824.1,0,0
1,97.38,2.472,220.92,8.083,1846,59844.1,0,0
1,97.34,2.485,210.97,8.479,1871,59864.1,0,0
1,97.19,2.383,220.47,8.894,1846,59884.0,0,0
1,96.94,2.511,210.55,8.458,1821,59904.0,0,0
1,96.59,2.64,220.02,8.873,1796,59924.0,0,0
1,100.23,2.77,229.92,9.308,1821,59944.0,0,0
1,99.71,2.633,219.58,8.852,1846,59964.0,0,0
1,99.15,2.497,209.7,9.285,1871,59984.0,0,0
1,98.56,2.601,219.13,8.83,1846,60003.9,0,0
1,97.97,2.705,209.27,8.398,1871,60023.9,0,0
1,97.41,2.553,199.85,7.986,1896,60043.9,0,0
1,96.89,2.649,208.85,8.378,1871,60063.9,0,0
1,96.44,2.497,214.47,7.967,1846,60083.9,0,0
1,96.07,2.355,224.12,8.357,1854,60103.8,0,0
1,95.8,2.223,214.04,8.767,1829,60123.8,0,0
1,95.64,2.313,204.41,8.337,1804,60143.8,0,0
1,95.59,2.412,195.21,8.746,1779,60163.8,0,0
1,99.55,2.522,186.42,8.906,1804,60183.8,0,0
1,99.74,2.522,186.42,8.906,1804,60203.7,0,0
1,100.05,2.529,186.42,8.906,1804,60223.7,0,0
1,100.45,2.542,186.42,8.906,1804,60243.7,0,0
1,100.94,2.56,186.42,8.906,1804,60263.7,0,0
1,101.49,2.582,186.42,8.906,1804,60283.7,0,0
1,102.09,2.607,186.42,8.906,1804,60303.7,0,0
1,102.7,2.633,186.42,8.906,1804,60323.6,0,0
1,103.31,2.659,186.42,8.906,1804,60343.6,0,0
1,107.94,2.554,194.81,8.47,1779,60363.6,0,0
1,108.48,2.449,203.58,8.885,1754,60383.6,0,0
1,108.95,2.582,194.42,8.45,1779,60403.6,0,0
1,109.32,2.467,185.67,8.769,1804,60423.5,0,0
1,109.58,2.588,177.31,9.154,1829,60443.5,0,0
1,109.72,2.71,174.55,9.602,1804,60463.5,0,0
1,109.73,2.667,166.69,9.132,1779,60483.5,0,0
1,109.62,2.78,174.2,8.684,1804,60503.5,0,0
1,105.28,2.627,169.51,9.11,1829,60523.4,0,0
1,104.94,2.604,169.51,9.11,1829,60543.4,0,0
1,104.51,2.579,169.51,9.11,1829,60563.4,0,0
1,104.0,2.553,169.51,9.11,1829,60583.4,0,0
1,103.44,2.529,169.51,9.11,1829,60603.4,0,0
1,102.84,2.507,169.51,9.11,1829,60623.4,0,0
1,98.23,2.467,161.88,8.663,1854,60643.3,0,0
1,101.62,2.336,169.17,9.088,1879,60663.3,0,0
1,101.06,2.33,169.17,9.088,1879,60683.3,0,0
1,100.55,2.329,169.17,9.088,1879,60703.3,0,0
1,100.13,2.334,169.17,9.088,1879,60723.3,0,0
1,99.8,2.345,169.17,9.088,1879,60743.2,0,0
1,103.46,2.248,176.78,9.533,1854,60763.2,0,0
1,107.24,2.158,184.73,9.066,1879,60783.2,0,0
1,107.26,2.179,184.73,9.066,1879,60803.2,0,0
1,107.41,2.2,184.73,9.066,1879,60823.2,0,0
1,107.69,2.222,184.73,9.066,1879,60843.1,0,0
1,108.08,2.242,184.73,9.066,1879,60863.1,0,0
1,104.64,2.368,176.42,8.622,1854,60883.1,0,0
1,109.14,2.497,184.36,9.044,1829,60903.1,0,0
1,109.76,2.507,184.36,9.044,1829,60923.1,0,0
1,110.42,2.511,184.36,9.044,1829,60943.1,0,0
1,111.08,2.509,184.36,9.044,1829,60963.0,0,0
1,111.72,2.501,184.36,9.044,1829,60983.0,0,0
1,112.31,2.488,184.36,9.044,1829,61003.0,0,0
1,116.92,2.589,176.06,8.601,1854,61023.0,0,0
1,117.36,2.69,183.99,9.022,1879,61043.0,0,0
1,117.7,2.792,175.71,8.58,1904,61062.9,0,0
1,117.91,2.646,183.61,9.001,1879,61082.9,0,0
1,117.98,2.495,175.35,9.442,1904,61102.9,0,0
1,117.92,2.354,183.24,9.904,1929,61122.9,0,0
1,117.73,2.449,191.49,10.39,1954,61142.9,0,0
1,117.4,2.318,182.87,9.881,1929,61162.9,0,0
1,116.97,2.422,191.1,10.365,1954,61182.8,0,0
1,116.44,2.304,182.5,9.857,1929,61202.8,0,0
1,115.83,2.198,174.29,9.374,1904,61222.8,0,0
1,115.17,2.313,182.13,9.553,1879,61242.8,0,0
1,114.49,2.44,190.33,9.085,1904,61262.8,0,0
1,109.83,2.379,181.76,9.53,1879,61282.7,0,0
1,105.25,2.516,189.94,9.997,1854,61302.7,0,0
1,104.7,2.663,198.49,9.508,1829,61322.7,0,0
1,104.22,2.819,207.42,9.042,1804,61342.7,0,0
1,103.83,2.708,198.09,9.485,1829,61362.7,0,0
1,103.55,2.599,207.0,9.95,1854,61382.6,0,0
1,103.39,2.728,197.69,9.462,1829,61402.6,0,0
1,103.35,2.609,206.58,9.583,1804,61422.6,0,0
1,103.45,2.488,197.29,9.114,1829,61442.6,0,0
1,107.55,2.607,188.41,8.667,1854,61462.6,0,0
1,103.99,2.475,190.18,8.242,1829,61482.6,0,0
1,108.34,2.581,181.62,7.839,1804,61502.5,0,0
1,108.88,2.44,189.79,7.997,1829,61522.5,0,0
1,109.48,2.304,181.25,7.605,1854,61542.5,0,0
1,110.13,2.392,189.41,7.977,1857,61562.5,0,0
1,110.79,2.3,197.93,7.586,1882,61582.5,0,0
1,111.44,2.387,189.02,7.215,1857,61602.4,0,0
1,116.11,2.252,180.52,6.861,1832,61622.4,0,0
1,120.76,2.342,188.64,7.197,1807,61642.4,0,0
1,121.27,2.216,197.13,7.55,1831,61662.4,0,0
1,121.67,2.314,188.26,7.18,1806,61682.4,0,0
1,121.95,2.423,196.73,6.828,1781,61702.3,0,0
1,122.09,2.543,187.88,7.163,1756,61722.3,0,0
1,117.97,2.675,196.33,6.812,1781,61742.3,0,0
1,121.94,2.821,205.17,6.478,1756,61762.3,0,0
1,125.77,2.707,195.93,6.796,1781,61782.3,0,0
1,121.27,2.863,187.12,6.463,1806,61802.3,0,0
1,116.68,3.03,178.7,6.146,1781,61822.2,0,0
1,116.11,3.208,186.74,6.447,1806,61842.2,0,0
1,115.47,3.393,195.14,6.763,1831,61862.2,0,0
1,114.79,3.257,186.36,6.432,1806,61882.2,0,0
1,114.11,3.436,194.75,6.747,1831,61902.2,0,0
1,111.26,3.552,203.51,7.077,1856,61922.1,0,0
1,96.03,2.42,194.35,6.73,1831,61942.1,1,0
1,106.18,3.457,194.35,6.73,1831,61962.1,0,0
1,105.74,3.449,194.35,6.73,1831,61982.1,0,0
1,105.41,3.433,194.35,6.73,1831,62002.1,0,0
1,105.19,3.411,194.35,6.73,1831,62022.0,0,0
1,105.09,3.383,194.35,6.73,1831,62042.0,0,0
1,105.13,3.352,194.35,6.73,1831,62062.0,0,0
1,101.41,3.478,203.1,7.06,1835,62082.0,0,0
1,101.68,3.444,203.1,7.06,1835,62102.0,0,0
1,102.06,3.412,203.1,7.06,1835,62122.0,0,0
1,102.53,3.385,203.1,7.06,1835,62141.9,0,0
1,103.08,3.364,203.1,7.06,1835,62161.9,0,0
1,107.64,3.511,212.24,6.714,1860,62181.9,0,0
1,108.29,3.338,217.18,7.043,1885,62201.9,0,0
1,108.93,3.181,208.87,7.196,1860,62221.9,0,0
1,109.56,3.346,199.47,7.549,1835,62241.8,0,0
1,110.13,3.204,190.49,7.919,1810,62261.8,0,0
1,106.86,3.074,181.92,7.531,1785,62281.8,0,0
1,103.16,2.953,173.74,7.162,1760,62301.8,0,0
1,103.44,2.982,173.74,7.162,1760,62321.8,0,0
1,103.61,3.012,173.74,7.162,1760,62341.7,0,0
1,103.66,3.04,173.74,7.162,1760,62361.7,0,0
1,103.6,3.066,173.74,7.162,1760,62381.7,0,0
1,103.41,2.939,181.55,7.513,1735,62401.7,0,0
1,103.12,3.095,189.72,7.881,1760,62421.7,0,0
1,102.73,3.253,198.26,8.267,1785,62441.7,0,0
1,102.25,3.41,190.09,7.862,1810,62461.6,0,0
1,101.71,3.567,181.53,7.477,1835,62481.6,0,0
1,101.13,3.381,189.7,7.11,1810,62501.6,0,0
1,104.52,3.199,181.16,6.762,1785,62521.6,0,0
1,103.9,3.326,187.54,7.093,1810,62541.6,0,0
1,103.31,3.453,179.1,6.746,1835,62561.5,0,0
1,102.77,3.255,187.16,7.076,1860,62581.5,0,0
1,102.31,3.378,195.58,6.73,1835,62601.5,0,0
1,101.94,3.186,204.38,7.059,1860,62621.5,0,0
1,101.68,3.311,213.58,7.405,1885,62641.5,0,0
1,101.53,3.132,223.19,7.768,1860,62661.5,0,0
1,101.51,2.969,213.15,7.387,1885,62681.4,0,0
1,101.62,3.105,203.56,7.749,1910,62701.4,0,0
1,101.84,3.04,198.02,7.37,1935,62721.4,0,0
1,102.18,3.196,206.94,7.009,1910,62741.4,0,0
1,106.53,3.368,197.62,6.665,1885,62761.4,0,0
1,107.07,3.394,197.62,6.665,1885,62781.3,0,0
1,107.67,3.424,197.62,6.665,1885,62801.3,0,0
1,108.3,3.457,197.62,6.665,1885,62821.3,0,0
1,108.95,3.492,197.62,6.665,1885,62841.3,0,0
1,109.59,3.526,197.62,6.665,1885,62861.3,0,0
1,110.19,3.556,197.62,6.665,1885,62881.2,0,0
1,106.65,3.5,206.52,6.992,1860,62901.2,0,0
1,107.09,3.518,206.52,6.992,1860,62921.2,0,0
1,107.43,3.529,206.52,6.992,1860,62941.2,0,0
1,107.66,3.532,206.52,6.992,1860,62961.2,0,0
1,107.78,3.526,206.52,6.992,1860,62981.2,0,0
1,107.76,3.512,206.52,6.992,1860,63001.1,0,0
1,107.62,3.491,206.52,6.992,1860,63021.1,0,0
1,103.26,3.298,197.22,7.334,1885,63041.1,0,0
1,98.82,3.425,206.1,7.694,1910,63061.1,0,0
1,98.4,3.271,196.82,8.071,1885,63081.1,0,0
1,97.91,3.083,187.97,7.675,1860,63101.0,0,0
1,97.36,3.127,196.43,8.051,1835,63121.0,0,0
1,96.79,3.25,187.59,7.657,1860,63141.0,0,0
1,96.21,3.073,196.03,8.032,1885,63161.0,0,0
1,95.65,3.205,204.85,8.426,1860,63181.0,0,0
1,95.13,3.044,214.07,8.013,1885,63200.9,0,0
1,98.59,2.996,213.32,8.405,1860,63220.9,0,0
1,102.09,2.861,222.92,7.994,1835,63240.9,0,0
1,99.06,3.014,212.89,8.385,1860,63260.9,0,0
1,102.75,2.89,203.31,8.796,1835,63280.9,0,0
1,106.56,3.055,194.16,9.227,1860,63300.9,0,0
1,110.49,2.936,185.42,9.679,1885,63320.8,0,0
1,110.67,2.966,185.42,9.679,1885,63340.8,0,0
1,110.99,2.995,185.42,9.679,1885,63360.8,0,0
1,111.41,3.021,185.42,9.679,1885,63380.8,0,0
1,111.94,3.043,185.42,9.679,1885,63400.8,0,0
1,112.54,3.061,185.42,9.679,1885,63420.7,0,0
1,113.19,3.071,185.42,9.679,1885,63440.7,0,0
1,109.87,2.927,193.77,9.205,1905,63460.7,0,0
1,106.5,2.783,185.05,8.754,1930,63480.7,0,0
1,107.1,2.64,193.38,8.325,1955,63500.7,0,0
1,107.66,2.751,202.08,8.733,1980,63520.6,0,0
1,108.14,2.862,192.98,9.161,1955,63540.6,0,0
1,108.53,2.972,184.3,9.61,1930,63560.6,0,0
1,108.81,2.983,192.59,9.139,1905,63580.6,0,0
1,108.98,3.095,201.26,9.587,1930,63600.6,0,0
1,109.02,3.212,192.2,9.117,1905,63620.6,0,0
1,108.94,3.032,183.55,9.564,1930,63640.5,0,0
1,108.73,2.866,191.81,9.187,1955,63660.5,0,0
1,108.41,2.988,200.45,9.637,1930,63680.5,0,0
1,107.99,2.837,191.43,9.165,1905,63700.5,0,0
1,107.48,2.973,182.81,8.987,1880,63720.5,0,0
1,106.91,3.123,191.04,9.427,1855,63740.4,0,0
1,106.29,2.988,199.64,9.889,1857,63760.4,0,0
1,105.66,3.153,190.65,9.405,1832,63780.4,0,0
1,105.03,3.333,189.19,8.944,1857,63800.4,0,0
1,108.39,3.203,197.7,8.505,1832,63820.4,0,0
1,107.83,3.39,206.6,8.089,1807,63840.3,0,0
1,107.35,3.259,210.18,8.485,1782,63860.3,0,0
1,106.98,3.447,207.24,8.901,1807,63880.3,0,0
1,106.71,3.306,197.92,8.465,1832,63900.3,0,0
1,106.57,3.166,189.01,8.05,1857,63920.3,0,0
1,102.69,3.026,197.52,7.655,1832,63940.3,0,0
1,106.69,3.176,188.63,7.28,1807,63960.2,0,0
1,110.83,3.021,197.12,7.637,1782,63980.2,0,0
1,107.3,3.155,188.24,7.557,1807,64000.2,0,0
1,111.69,3.289,196.72,7.927,1832,64020.2,0,0
1,108.32,3.109,205.57,8.315,1857,64040.2,0,0
1,108.93,3.082,205.57,8.315,1857,64060.1,0,0
1,109.57,3.052,205.57,8.315,1857,64080.1,0,0
1,110.23,3.022,205.57,8.315,1857,64100.1,0,0
1,110.87,2.993,205.57,8.315,1857,64120.1,0,0
1,111.48,2.967,205.57,8.315,1857,64140.1,0,0
1,112.01,2.945,205.57,8.315,1857,64160.1,0,0
1,112.46,3.069,213.51,8.723,1832,64180.0,0,0
1,112.81,3.207,203.91,8.295,1807,64200.0,0,0
1,113.04,3.359,194.73,8.702,1782,64220.0,0,0
1,113.14,3.527,185.97,8.276,1807,64240.0,0,0
1,113.11,3.373,177.6,7.87,1782,64260.0,0,0
1,112.95,3.233,185.59,7.484,1807,64279.9,0,0
1,109.98,3.416,191.75,7.118,1782,64299.9,0,0
1,113.69,3.305,183.12,6.869,1757,64319.9,0,0
1,117.26,3.499,183.17,7.205,1782,64339.9,0,0
1,116.66,3.703,191.42,6.852,1757,64359.9,0,0
1,116.01,3.557,182.8,7.188,1782,64379.8,0,0
1,115.33,3.413,191.03,6.854,1807,64399.8,0,0
1,114.64,3.6,183.18,7.189,1782,64419.8,0,0
1,113.97,3.788,191.42,7.542,1807,64439.8,0,0
1,113.36,3.977,200.03,7.172,1832,64459.8,0,0
1,108.9,3.784,209.03,7.524,1857,64479.8,0,0
1,108.48,3.592,199.63,7.155,1832,64499.7,0,0
1,97.34,2.622,208.61,7.506,1807,64519.7,1,0
1,107.96,3.72,208.61,7.506,1807,64539.7,0,0
1,107.89,3.688,208.61,7.506,1807,64559.7,0,0
1,107.96,3.654,208.61,7.506,1807,64579.7,0,0
1,108.15,3.617,208.61,7.506,1807,64599.6,0,0
1,108.47,3.582,208.61,7.506,1807,64619.6,0,0
1,108.9,3.55,208.61,7.506,1807,64639.6,0,0
1,105.49,3.354,199.22,7.138,1832,64659.6,0,0
1,110.02,3.175,208.19,7.488,1807,64679.6,0,0
1,106.68,3.17,198.82,7.37,1832,64699.5,0,0
1,111.32,3.015,189.87,7.008,1857,64719.5,0,0
1,116.01,3.165,181.33,6.665,1882,64739.5,0,0
1,116.66,3.33,173.17,6.992,1857,64759.5,0,0
1,117.26,3.191,165.38,6.968,1832,64779.5,0,0
1,117.77,3.146,172.82,7.31,1807,64799.5,0,0
1,118.19,3.023,165.04,7.301,1782,64819.4,0,0
1,118.48,2.906,172.47,7.659,1807,64839.4,0,0
1,118.65,3.076,164.71,7.283,1832,64859.4,0,0
1,118.68,3.254,172.12,7.64,1857,64879.4,0,0
1,122.69,3.123,173.56,7.552,1832,64899.4,0,0
1,122.44,3.294,181.37,7.922,1807,64919.3,0,0
1,122.07,3.467,189.53,7.533,1782,64939.3,0,0
1,121.58,3.642,198.06,7.903,1807,64959.3,0,0
1,121.0,3.467,189.15,8.29,1832,64979.3,0,0
1,120.34,3.292,180.64,8.696,1857,64999.3,0,0
1,115.63,3.119,172.51,8.27,1832,65019.2,0,0
1,114.94,3.247,180.27,7.865,1857,65039.2,0,0
1,114.27,3.375,177.89,8.231,1832,65059.2,0,0
1,113.63,3.183,185.9,7.828,1807,65079.2,0,0
1,113.05,3.0,194.26,8.212,1794,65099.2,0,0
1,112.56,3.113,185.52,8.614,1769,65119.2,0,0
1,112.18,3.233,193.87,9.036,1744,65139.1,0,0
1,111.92,3.054,202.59,9.479,1719,65159.1,0,0
1,115.67,2.89,193.48,9.943,1744,65179.1,0,0
1,119.55,2.74,202.18,10.43,1719,65199.1,0,0
1,119.71,2.737,202.18,10.43,1719,65219.1,0,0
1,120.0,2.74,202.18,10.43,1719,65239.0,0,0
1,120.43,2.75,202.18,10.43,1719,65259.0,0,0
1,120.96,2.767,202.18,10.43,1719,65279.0,0,0
1,125.53,2.922,193.09,10.942,1744,65299.0,0,0
1,126.24,2.808,201.78,11.478,1719,65319.0,0,0
1,126.99,2.957,210.86,12.04,1694,65338.9,0,0
1,127.75,3.13,201.37,11.45,1716,65358.9,0,0
1,128.49,3.008,210.43,12.011,1691,65378.9,0,0
1,129.18,3.179,219.9,11.423,1716,65398.9,0,0
1,129.8,3.047,229.79,11.982,1691,65418.9,0,0
1,130.31,3.185,219.45,11.395,1716,65438.9,0,0
1,134.8,3.04,209.58,10.837,1691,65458.8,0,0
1,130.94,3.187,210.16,10.306,1716,65478.8,0,0
1,131.04,3.028,219.62,9.801,1691,65498.8,0,0
1,130.99,2.87,209.73,10.281,1716,65518.8,0,0
1,130.79,2.714,219.17,9.916,1741,65538.8,0,0
1,130.45,2.822,209.31,9.43,1766,65558.7,0,0
1,129.98,2.93,199.89,9.892,1791,65578.7,0,0
1,129.4,3.04,208.89,10.376,1816,65598.7,0,0
1,128.74,3.155,199.49,9.868,1806,65618.7,0,0
1,128.01,3.126,199.49,9.868,1806,65638.7,0,0
1,127.25,3.1,199.49,9.868,1806,65658.7,0,0
1,126.5,3.081,199.49,9.868,1806,65678.6,0,0
1,125.77,3.068,199.49,9.868,1806,65698.6,0,0
1,125.1,3.062,199.49,9.868,1806,65718.6,0,0
1,128.42,3.212,190.51,9.384,1781,65738.6,0,0
1,124.03,3.378,183.61,9.844,1756,65758.6,0,0
1,119.79,3.234,188.93,10.327,1731,65778.5,0,0
1,123.47,3.102,197.43,10.833,1756,65798.5,0,0
1,123.41,3.13,197.43,10.833,1756,65818.5,0,0
1,123.51,3.161,197.43,10.833,1756,65838.5,0,0
1,123.75,3.192,197.43,10.833,1756,65858.5,0,0
1,124.12,3.223,197.43,10.833,1756,65878.4,0,0
1,120.71,3.094,206.31,11.363,1781,65898.4,0,0
1,125.23,3.266,197.03,10.807,1756,65918.4,0,0
1,125.92,3.295,188.16,10.277,1781,65938.4,0,0
1,126.66,3.146,179.69,9.774,1756,65958.4,0,0
1,127.42,2.997,187.78,9.295,1731,65978.4,0,0
1,128.17,2.848,179.33,9.652,1756,65998.3,0,0
1,128.89,2.7,187.01,10.124,1781,66018.3,0,0
1,129.53,2.813,178.59,9.628,1756,66038.3,0,0
1,130.09,2.925,170.56,9.157,1781,66058.3,0,0
1,130.54,3.02,162.88,9.605,1784,66078.3,0,0
1,130.85,3.134,170.21,9.135,1809,66098.2,0,0
1,131.02,2.954,162.55,8.687,1834,66118.2,0,0
1,131.04,2.786,169.87,9.113,1837,66138.2,0,0
1,130.9,2.896,177.51,8.666,1862,66158.2,0,0
1,130.62,2.738,169.52,8.241,1837,66178.2,0,0
1,126.11,2.595,177.15,7.838,1812,66198.1,0,0
1,125.6,2.714,185.12,7.454,1787,66218.1,0,0
1,124.99,2.845,176.79,7.088,1812,66238.1,0,0
1,124.3,2.991,168.84,6.741,1787,66258.1,0,0
1,123.58,2.862,161.24,7.071,1812,66278.1,0,0
1,122.84,2.745,153.98,6.725,1787,66298.1,0,0
1,119.58,2.902,160.91,6.699,1812,66318.0,0,0
1,114.97,2.789,168.15,7.027,1837,66338.0,0,0
1,110.47,2.88,175.72,7.371,1851,66358.0,0,0
1,110.01,2.768,178.0,7.732,1876,66378.0,0,0
1,109.64,2.926,186.02,7.354,1901,66398.0,0,0
1,109.4,3.089,194.39,7.714,1926,66417.9,0,0
1,109.29,3.255,185.64,7.336,1901,66437.9,0,0
1,109.31,3.423,180.53,6.976,1876,66457.9,0,0
1,109.47,3.591,172.41,7.2,1851,66477.9,0,0
1,109.75,3.414,180.17,7.553,1876,66497.9,0,0
1,114.06,3.238,172.06,7.183,1851,66517.8,0,0
1,110.65,3.374,179.8,7.535,1876,66537.8,0,0
1,115.17,3.187,171.71,7.166,1860,66557.8,0,0
1,115.83,3.007,163.98,6.814,1885,66577.8,0,0
1,116.52,3.121,156.6,6.481,1860,66597.8,0,0
1,117.22,3.238,163.65,6.798,1835,66617.8,0,0
1,117.89,3.362,171.02,7.131,1860,66637.7,0,0
1,118.52,3.173,163.32,7.464,1835,66657.7,0,0
1,119.07,3.302,155.97,7.699,1810,66677.7,0,0
1,119.53,3.444,162.99,8.076,1785,66697.7,0,0
1,119.87,3.27,166.79,7.68,1760,66717.7,0,0
1,120.08,3.427,174.3,8.056,1785,66737.6,0,0
1,120.16,3.271,182.14,7.662,1810,66757.6,0,0
1,120.1,3.13,190.34,8.037,1835,66777.6,0,0
1,119.9,3.0,198.9,8.431,1810,66797.6,0,0
1,119.58,3.059,196.92,8.018,1785,66817.6,0,0
1,123.22,3.237,205.78,8.411,1760,66837.5,0,0
1,122.66,3.112,196.52,8.823,1735,66857.5,0,0
1,122.02,2.992,205.36,9.255,1760,66877.5,0,0
1,121.33,2.874,212.45,9.708,1785,66897.5,0,0
1,120.61,3.035,222.01,10.184,1760,66917.5,0,0
1,119.89,2.906,212.02,9.685,1735,66937.5,0,0
1,123.15,2.885,220.18,9.211,1760,66957.4,0,0
1,122.5,3.028,212.08,9.662,1785,66977.4,0,0
1,121.94,3.17,221.62,9.642,1810,66997.4,0,0
1,121.49,3.311,211.65,9.169,1835,67017.4,0,0
1,121.16,3.451,221.17,9.619,1810,67037.4,0,0
1,120.97,3.261,211.22,9.91,1785,67057.3,0,0
1,120.93,3.388,201.72,9.424,1760,67077.3,0,0
1,108.93,2.462,192.64,9.886,1771,67097.3,1,0
1,121.28,3.482,192.64,9.886,1771,67117.3,0,0
1,121.67,3.448,192.64,9.886,1771,67137.3,0,0
1,122.17,3.418,192.64,9.886,1771,67157.2,0,0
1,122.78,3.393,192.64,9.886,1771,67177.2,0,0
1,123.45,3.376,192.64,9.886,1771,67197.2,0,0
1,124.18,3.366,192.64,9.886,1771,67217.2,0,0
1,120.92,3.526,201.31,10.37,1796,67237.2,0,0
1,121.63,3.364,210.37,10.878,1821,67257.2,0,0
1,122.3,3.217,219.83,10.345,1809,67277.1,0,0
1,122.91,3.084,209.94,9.838,1784,67297.1,0,0
1,123.43,2.96,200.49,10.32,1759,67317.1,0,0
1,123.84,2.845,209.51,10.826,1784,67337.1,0,0
1,124.12,3.011,201.4,10.296,1809,67357.1,0,0
1,124.26,3.065,192.33,9.791,1834,67377.0,0,0
1,124.26,3.242,183.68,9.311,1809,67397.0,0,0
1,128.24,3.11,175.41,8.855,1784,67417.0,0,0
1,127.95,3.28,167.52,8.96,1759,67437.0,0,0
1,127.53,3.135,159.98,8.521,1734,67457.0,0,0
1,126.99,3.152,167.18,8.103,1759,67477.0,0,0
1,126.37,3.301,159.66,7.706,1784,67496.9,0,0
1,125.67,3.133,152.47,7.329,1759,67516.9,0,0
1,124.94,3.219,159.33,6.969,1734,67536.9,0,0
1,124.19,3.35,152.16,6.628,1709,67556.9,0,0
1,123.46,3.162,159.01,6.953,1734,67576.9,0,0
1,122.78,2.982,166.17,7.293,1759,67596.8,0,0
1,122.18,2.81,173.64,7.651,1784,67616.8,0,0
1,121.67,2.65,181.46,8.026,1759,67636.8,0,0
1,121.29,2.5,189.62,8.324,1734,67656.8,0,0
1,121.03,2.6,198.16,7.916,1709,67676.8,0,0
1,120.93,2.71,189.24,8.304,1684,67696.7,0,0
1,120.97,2.571,184.97,8.211,1709,67716.7,0,0
1,125.04,2.693,176.65,8.613,1734,67736.7,0,0
1,125.38,2.698,176.65,8.613,1734,67756.7,0,0
1,125.85,2.709,176.65,8.613,1734,67776.7,0,0
1,126.43,2.726,176.65,8.613,1734,67796.7,0,0
1,127.1,2.749,176.65,8.613,1734,67816.6,0,0
1,127.83,2.775,176.65,8.613,1734,67836.6,0,0
1,128.59,2.802,176.65,8.613,1734,67856.6,0,0
1,129.36,2.83,176.65,8.613,1734,67876.6,0,0
1,130.1,2.856,176.65,8.613,1734,67896.6,0,0
1,126.72,2.741,184.6,9.035,1709,67916.5,0,0
1,127.3,2.626,183.39,9.478,1734,67936.5,0,0
1,127.77,2.534,176.68,9.942,1709,67956.5,0,0
1,128.12,2.417,184.63,9.455,1734,67976.5,0,0
1,128.33,2.533,176.32,8.992,1759,67996.5,0,0
1,128.4,2.405,168.38,8.551,1734,68016.4,0,0
1,124.2,2.278,161.13,8.97,1759,68036.4,0,0
1,119.87,2.371,153.88,8.531,1784,68056.4,0,0
1,123.63,2.464,160.8,8.949,1759,68076.4,0,0
1,123.16,2.324,153.57,8.51,1784,68096.4,0,0
1,122.59,2.412,146.66,8.093,1759,68116.4,0,0
1,121.94,2.273,153.26,7.697,1734,68136.3,0,0
1,121.25,2.165,160.15,8.074,1759,68156.3,0,0
1,120.53,2.251,167.36,7.678,1784,68176.3,0,0
1,119.81,2.13,167.72,8.054,1809,68196.3,0,0
1,119.13,2.224,160.17,7.66,1834,68216.3,0,0
1,118.51,2.328,152.96,7.578,1809,68236.2,0,0
1,117.97,2.22,159.85,7.206,1834,68256.2,0,0
1,117.55,2.121,167.04,7.559,1859,68276.2,0,0
1,117.24,2.237,174.56,7.93,1834,68296.2,0,0
1,117.07,2.363,182.41,7.541,1859,68316.2,0,0
1,117.05,2.499,190.62,7.911,1834,68336.1,0,0
1,117.17,2.403,182.04,7.523,1809,68356.1,0,0
1,117.43,2.31,173.85,7.155,1784,68376.1,0,0
1,117.81,2.444,166.03,6.804,1759,68396.1,0,0
1,118.31,2.582,158.56,6.471,1784,68416.1,0,0
1,118.91,2.724,151.42,6.788,1759,68436.1,0,0
1,115.6,2.869,158.24,7.12,1734,68456.0,0,0
1,116.29,3.014,151.12,6.98,1709,68476.0,0,0
1,116.99,3.13,157.92,6.638,1684,68496.0,0,0
1,117.67,3.273,165.02,6.804,1709,68516.0,0,0
1,118.32,3.102,157.6,6.899,1734,68536.0,0,0
1,118.9,2.934,164.69,7.237,1759,68555.9,0,0
1,119.39,2.77,157.28,6.883,1734,68575.9,0,0
1,119.77,2.812,163.8,6.546,1709,68595.9,0,0
1,120.03,2.918,171.17,6.866,1734,68615.9,0,0
1,120.15,3.028,163.47,6.53,1709,68635.9,0,0
1,120.14,3.128,156.11,6.85,1734,68655.8,0,0
1,119.08,2.954,152.85,6.514,1759,68675.8,0,0
1,115.11,2.795,146.93,6.833,1784,68695.8,0,0
1,118.81,2.917,153.54,6.499,1809,68715.8,0,0
1,118.31,2.912,153.54,6.499,1809,68735.8,0,0
1,117.71,2.915,153.54,6.499,1809,68755.8,0,0
1,117.06,2.925,153.54,6.499,1809,68775.7,0,0
1,116.37,2.942,153.54,6.499,1809,68795.7,0,0
1,115.68,2.965,153.54,6.499,1809,68815.7,0,0
1,118.96,3.136,160.45,6.18,1784,68835.7,0,0
1,118.32,3.166,160.45,6.18,1784,68855.7,0,0
1,117.74,3.198,160.45,6.18,1784,68875.6,0,0
1,117.27,3.229,160.45,6.18,1784,68895.6,0,0
1,116.91,3.256,160.45,6.18,1784,68915.6,0,0
1,116.68,3.279,160.45,6.18,1784,68935.6,0,0
1,116.59,3.295,160.45,6.18,1784,68955.6,0,0
1,120.53,3.463,167.67,6.483,1808,68975.6,0,0
1,116.84,3.298,175.22,6.165,1783,68995.5,0,0
1,117.17,3.292,175.22,6.165,1783,69015.5,0,0
1,117.62,3.278,175.22,6.165,1783,69035.5,0,0
1,118.17,3.258,175.22,6.165,1783,69055.5,0,0
1,118.8,3.232,175.22,6.165,1783,69075.5,0,0
1,119.49,3.203,175.22,6.165,1783,69095.4,0,0
1,120.21,3.171,175.22,6.165,1783,69115.4,0,0
1,146.0,3.995,155.22,4.165,1783,69135.4,0,1
1,117.56,2.961,167.33,6.467,1758,69155.4,0,0
1,118.17,3.078,174.86,6.784,1783,69175.4,0,0
1,118.7,2.911,166.99,6.452,1758,69195.3,0,0
1,119.13,2.759,172.16,6.768,1783,69215.3,0,0
1,119.45,2.886,179.91,7.1,1808,69235.3,0,0
1,123.75,3.026,186.57,6.752,1783,69255.3,0,0
1,119.68,3.181,178.17,7.083,1808,69275.3,0,0
1,119.59,3.045,170.16,7.43,1783,69295.3,0,0
1,119.36,3.215,162.5,7.066,1808,69315.2,0,0
1,119.01,3.399,155.19,6.719,1833,69335.2,0,0
1,118.54,3.268,162.17,7.049,1851,69355.2,0,0
1,117.99,3.459,154.87,6.703,1876,69375.2,0,0
1,113.32,3.66,161.84,6.375,1851,69395.2,0,0
1,112.67,3.515,169.12,6.687,1876,69415.1,0,0
1,111.99,3.71,161.51,7.015,1851,69435.1,0,0
1,111.33,3.685,168.78,7.359,1876,69455.1,0,0
1,110.7,3.727,176.38,6.998,1851,69475.1,0,0
1,110.13,3.551,168.44,7.341,1876,69495.1,0,0
1,113.56,3.506,160.86,7.701,1901,69515.0,0,0
1,117.05,3.325,153.62,8.01,1876,69535.0,0,0
1,120.65,3.464,160.53,8.402,1851,69555.0,0,0
1,120.49,3.602,153.31,7.991,1826,69575.0,0,0
1,120.48,3.399,146.41,8.382,1851,69595.0,0,0
1,120.62,3.424,153.0,8.793,1876,69615.0,0,0
1,120.9,3.553,159.89,8.362,1901,69634.9,0,0
1,121.31,3.351,167.08,8.772,1876,69654.9,0,0
1,121.84,3.163,159.56,8.342,1851,69674.9,0,0
1,110.21,2.093,166.74,8.489,1826,69694.9,1,0
1,123.15,2.976,166.74,8.489,1826,69714.9,0,0
1,123.88,2.969,166.74,8.489,1826,69734.8,0,0
1,124.62,2.97,166.74,8.489,1826,69754.8,0,0
1,125.35,2.978,166.74,8.489,1826,69774.8,0,0
1,126.03,2.993,166.74,8.489,1826,69794.8,0,0
1,126.63,3.015,166.74,8.489,1826,69814.8,0,0
1,123.05,3.187,159.24,8.073,1851,69834.7,0,0
1,119.32,3.221,166.4,8.468,1826,69854.7,0,0
1,115.45,3.097,161.09,8.883,1817,69874.7,0,0
1,119.67,2.977,168.34,8.448,1842,69894.7,0,0
1,116.55,2.859,160.77,8.034,1840,69914.7,0,0
1,120.5,2.742,153.53,7.641,1815,69934.7,0,0
1,124.3,2.89,146.62,7.266,1790,69954.6,0,0
1,123.87,3.04,140.02,6.91,1815,69974.6,0,0
1,123.33,2.897,146.33,7.249,1840,69994.6,0,0
1,122.7,2.935,152.91,7.604,1815,70014.6,0,0
1,122.02,2.784,159.79,7.231,1790,70034.6,0,0
1,121.3,2.902,152.6,7.586,1765,70054.5,0,0
1,120.57,3.018,145.73,7.957,1740,70074.5,0,0
1,119.88,2.848,152.29,7.567,1765,70094.5,0,0
1,119.23,2.685,145.44,7.197,1790,70114.5,0,0
1,116.99,2.786,138.89,6.844,1815,70134.5,0,0
1,112.63,2.627,132.64,6.661,1790,70154.4,0,0
1,112.3,2.73,138.61,6.335,1765,70174.4,0,0
1,112.09,2.58,144.85,6.024,1790,70194.4,0,0
1,112.02,2.69,151.37,6.144,1815,70214.4,0,0
1,112.09,2.774,144.56,5.857,1840,70234.4,0,0
1,112.29,2.906,151.06,5.57,1865,70254.4,0,0
1,108.72,2.773,144.26,5.843,1840,70274.3,0,0
1,109.15,2.92,150.76,6.129,1815,70294.3,0,0
1,109.67,2.799,157.54,6.429,1790,70314.3,0,0
1,110.27,2.959,164.63,6.744,1765,70334.3,0,0
1,110.91,3.13,170.98,7.075,1790,70354.3,0,0
1,107.57,3.313,163.28,6.728,1815,70374.2,0,0
1,112.24,3.43,170.63,7.058,1790,70394.2,0,0
1,116.92,3.466,162.95,6.712,1790,70414.2,0,0
1,117.52,3.66,168.06,6.383,1815,70434.2,0,0
1,118.03,3.506,160.5,6.07,1840,70454.2,0,0
1,118.45,3.688,167.72,6.368,1865,70474.2,0,0
1,118.75,3.533,175.27,6.68,1890,70494.1,0,0
1,118.92,3.361,183.15,7.007,1865,70514.1,0,0
1,114.83,3.511,191.4,7.068,1890,70534.1,0,0
1,114.73,3.66,200.01,7.414,1915,70554.1,0,0
1,114.49,3.46,191.01,7.778,1890,70574.1,0,0
1,114.14,3.594,182.41,8.159,1915,70594.0,0,0
1,113.69,3.731,174.2,8.559,1890,70614.0,0,0
1,117.2,3.517,166.36,8.139,1865,70634.0,0,0
1,116.57,3.483,166.36,8.139,1865,70654.0,0,0
1,115.9,3.452,166.36,8.139,1865,70674.0,0,0
1,115.21,3.426,166.36,8.139,1865,70693.9,0,0
1,114.53,3.408,166.36,8.139,1865,70713.9,0,0
1,113.89,3.397,166.36,8.139,1865,70733.9,0,0
1,113.31,3.395,166.36,8.139,1865,70753.9,0,0
1,112.82,3.402,166.36,8.139,1865,70773.9,0,0
1,112.43,3.417,166.36,8.139,1865,70793.9,0,0
1,112.17,3.439,166.36,8.139,1865,70813.8,0,0
1,112.04,3.467,166.36,8.139,1865,70833.8,0,0
1,112.04,3.5,166.36,8.139,1865,70853.8,0,0
1,112.19,3.535,166.36,8.139,1865,70873.8,0,0
1,111.67,3.741,173.85,8.538,1840,70893.8,0,0
1,108.16,3.595,181.67,8.12,1865,70913.7,0,0
1,112.56,3.797,189.85,7.722,1840,70933.7,0,0
1,117.09,4.004,181.31,7.343,1865,70953.7,0,0
1,117.75,3.828,189.47,7.703,1840,70973.7,0,0
1,118.45,3.892,180.94,8.081,1847,70993.7,0,0
1,119.16,3.704,188.84,7.685,1872,71013.6,0,0
1,119.85,3.516,180.35,8.061,1897,71033.6,0,0
1,120.5,3.666,188.46,7.666,1922,71053.6,0,0
1,125.15,3.816,179.98,7.291,1947,71073.6,0,0
1,121.54,3.965,188.08,6.933,1922,71093.6,0,0
1,126.01,3.977,179.62,6.594,1897,71113.6,0,0
1,130.37,3.892,187.7,6.271,1872,71133.5,0,0
1,134.6,3.669,179.25,6.578,1880,71153.5,0,0
1,138.66,3.462,171.19,6.256,1905,71173.5,0,0
1,138.45,3.27,163.48,5.949,1930,71193.5,0,0
1,138.09,3.407,170.84,5.657,1905,71213.5,0,0
1,137.6,3.232,163.15,5.935,1880,71233.4,0,0
1,136.98,3.384,155.81,6.226,1855,71253.4,0,0
1,132.23,3.227,162.82,6.531,1880,71273.4,0,0
1,131.49,3.084,170.15,6.851,1855,71293.4,0,0
1,130.71,3.252,162.49,6.515,1880,71313.4,0,0
1,129.93,3.121,155.18,6.196,1855,71333.3,0,0
1,129.18,3.301,148.2,5.892,1830,71353.3,0,0
1,128.49,3.494,154.87,6.181,1855,71373.3,0,0
1,127.89,3.698,147.9,5.878,1830,71393.3,0,0
1,127.4,3.733,147.9,5.878,1830,71413.3,0,0
1,127.04,3.764,147.9,5.878,1830,71433.3,0,0
1,126.82,3.788,147.9,5.878,1830,71453.2,0,0
1,126.76,3.806,147.9,5.878,1830,71473.2,0,0
1,126.85,3.814,147.9,5.878,1830,71493.2,0,0
1,127.1,3.814,147.9,5.878,1830,71513.2,0,0
1,127.49,3.805,147.9,5.878,1830,71533.2,0,0
1,124.08,3.605,154.55,5.59,1805,71553.1,0,0
1,128.62,3.709,161.51,5.316,1780,71573.1,0,0
1,129.33,3.678,161.51,5.316,1780,71593.1,0,0
1,130.08,3.644,161.51,5.316,1780,71613.1,0,0
1,130.86,3.608,161.51,5.316,1780,71633.1,0,0
1,131.64,3.573,161.51,5.316,1780,71653.0,0,0
1,132.37,3.54,161.51,5.316,1780,71673.0,0,0
1,133.04,3.512,161.51,5.316,1780,71693.0,0,0
1,129.52,3.658,154.24,5.056,1805,71713.0,0,0
1,129.97,3.644,154.24,5.056,1805,71733.0,0,0
1,130.28,3.639,154.24,5.056,1805,71753.0,0,0
1,130.45,3.643,154.24,5.056,1805,71772.9,0,0
1,130.47,3.656,154.24,5.056,1805,71792.9,0,0
1,130.33,3.678,154.24,5.056,1805,71812.9,0,0
1,125.95,3.529,161.18,4.808,1830,71832.9,0,0
1,129.65,3.732,153.93,4.572,1855,71852.9,0,0
1,125.04,3.949,160.85,4.796,1880,71872.8,0,0
1,128.49,4.18,168.09,5.031,1905,71892.8,0,0
1,131.82,4.017,160.53,5.278,1930,71912.8,0,0
1,131.06,3.857,167.75,5.536,1905,71932.8,0,0
1,130.27,3.697,160.2,5.265,1915,71952.8,0,0
1,129.51,3.537,167.41,5.523,1890,71972.8,0,0
1,128.79,3.376,159.88,5.794,1865,71992.7,0,0
1,124.22,3.422,167.07,6.078,1890,72012.7,0,0
1,123.7,3.503,159.55,6.375,1915,72032.7,0,0
1,123.29,3.655,153.68,6.561,1890,72052.7,0,0
1,123.01,3.458,160.6,6.883,1865,72072.7,0,0
1,122.89,3.595,153.37,6.545,1840,72092.6,0,0
1,119.03,3.733,146.47,6.225,1815,72112.6,0,0
1,123.08,3.519,153.06,6.53,1840,72132.6,0,0
1,123.4,3.484,153.06,6.53,1840,72152.6,0,0
1,123.85,3.452,153.06,6.53,1840,72172.6,0,0
1,124.41,3.424,153.06,6.53,1840,72192.5,0,0
1,125.06,3.402,153.06,6.53,1840,72212.5,0,0
1,123.71,3.55,146.17,6.85,1815,72232.5,0,0
1,128.44,3.373,152.75,7.185,1840,72252.5,0,0
1,133.23,3.538,145.87,6.833,1865,72272.5,0,0
1,129.95,3.72,152.44,7.168,1888,72292.5,0,0
1,126.58,3.653,159.3,6.817,1863,72312.4,0,0
1,131.25,3.503,152.13,6.483,1888,72332.4,0,0
1,128.99,3.704,158.98,6.514,1913,72352.4,0,0
1,133.47,3.561,166.13,6.834,1938,72372.4,0,0
1,133.71,3.597,166.13,6.834,1938,72392.4,0,0
1,133.8,3.631,166.13,6.834,1938,72412.3,0,0
1,133.73,3.663,166.13,6.834,1938,72432.3,0,0
1,133.51,3.689,166.13,6.834,1938,72452.3,0,0
1,133.15,3.708,166.13,6.834,1938,72472.3,0,0
1,132.65,3.719,166.13,6.834,1938,72492.3,0,0
1,127.99,3.543,173.61,6.499,1913,72512.2,0,0
1,123.28,3.707,165.79,6.18,1888,72532.2,0,0
1,122.58,3.869,173.25,6.483,1863,72552.2,0,0
1,121.85,3.661,165.46,6.166,1888,72572.2,0,0
1,121.12,3.459,172.9,6.468,1913,72592.2,0,0
1,120.43,3.263,165.12,6.151,1938,72612.2,0,0
1,119.79,3.169,157.69,6.452,1963,72632.1,0,0
1,119.24,2.987,164.79,6.768,1938,72652.1,0,0
1,118.8,2.817,172.2,6.437,1913,72672.1,0,0
1,118.47,2.659,165.05,6.752,1888,72692.1,0,0
1,114.41,2.515,157.62,6.421,1863,72712.1,0,0
1,114.37,2.623,164.72,6.736,1838,72732.0,0,0
1,114.47,2.492,172.13,7.066,1863,72752.0,0,0
1,114.7,2.373,164.38,6.72,1838,72772.0,0,0
1,115.07,2.494,171.78,6.39,1813,72792.0,0,0
1,115.54,2.627,179.51,6.704,1838,72812.0,0,0
1,120.05,2.52,171.43,7.032,1813,72831.9,0,0
1,120.71,2.42,179.15,7.377,1838,72851.9,0,0
1,121.42,2.56,171.09,7.472,1863,72871.9,0,0
1,122.15,2.71,176.07,7.532,1838,72891.9,0,0
1,122.87,2.605,184.0,7.901,1863,72911.9,0,0
1,123.55,2.754,175.72,7.514,1888,72931.9,0,0
1,124.17,2.641,183.62,7.146,1863,72951.8,0,0
1,120.6,2.784,191.89,7.496,1888,72971.8,0,0
1,121.0,2.659,183.25,7.378,1913,72991.8,0,0
1,121.28,2.534,175.01,7.017,1888,73011.8,0,0
1,121.42,2.409,167.13,6.673,1863,73031.8,0,0
1,121.42,2.516,159.61,6.871,1838,73051.7,0,0
1,125.4,2.621,166.79,7.208,1813,73071.7,0,0
1,125.11,2.477,159.29,7.561,1788,73091.7,0,0
1,124.7,2.572,152.12,7.932,1813,73111.7,0,0
1,124.18,2.67,145.27,7.543,1788,73131.7,0,0
1,123.57,2.77,149.97,7.174,1813,73151.6,0,0
1,122.89,2.612,156.72,6.822,1838,73171.6,0,0
1,118.16,2.465,149.67,6.488,1863,73191.6,0,0
1,117.46,2.566,142.93,6.17,1888,73211.6,0,0
1,116.77,2.43,147.19,6.472,1913,73231.6,0,0
1,116.13,2.54,153.81,6.789,1929,73251.6,0,0
1,115.56,2.662,146.89,6.457,1904,73271.5,0,0
1,115.08,2.797,153.5,6.14,1879,73291.5,0,0
1,114.71,2.676,160.4,6.441,1854,73311.5,0,0
1,114.47,2.565,167.62,6.126,1879,73331.5,0,0
1,118.25,2.711,160.08,5.825,1904,73351.5,0,0
1,114.4,2.606,167.28,6.111,1879,73371.4,0,0
1,114.58,2.632,167.28,6.111,1879,73391.4,0,0
1,114.89,2.658,167.28,6.111,1879,73411.4,0,0
1,115.32,2.682,167.28,6.111,1879,73431.4,0,0
1,115.85,2.702,167.28,6.111,1879,73451.4,0,0
1,116.46,2.718,167.28,6.111,1879,73471.4,0,0
1,117.13,2.728,167.28,6.111,1879,73491.3,0,0
1,117.83,2.732,167.28,6.111,1879,73511.3,0,0
1,118.53,2.73,167.28,6.111,1879,73531.3,0,0
1,115.17,2.851,159.76,5.811,1854,73551.3,0,0
1,111.71,2.972,166.94,6.096,1829,73571.3,0,0
1,108.13,2.809,174.46,6.395,1854,73591.2,0,0
1,104.44,2.651,182.31,6.082,1857,73611.2,0,0
1,104.73,2.625,182.31,6.082,1857,73631.2,0,0
1,104.9,2.599,182.31,6.082,1857,73651.2,0,0
1,104.96,2.574,182.31,6.082,1857,73671.2,0,0
1,104.89,2.551,182.31,6.082,1857,73691.1,0,0
1,104.71,2.533,182.31,6.082,1857,73711.1,0,0
1,108.51,2.64,174.1,6.38,1832,73731.1,0,0
1,112.18,2.759,181.94,6.692,1807,73751.1,0,0
1,111.66,2.787,190.13,7.02,1782,73771.1,0,0
1,111.07,2.927,181.57,7.001,1757,73791.1,0,0
1,110.44,2.799,189.74,7.344,1782,73811.0,0,0
1,109.78,2.683,189.35,6.984,1807,73831.0,0,0
1,113.1,2.575,180.83,6.642,1832,73851.0,0,0
1,112.46,2.6,180.83,6.642,1832,73871.0,0,0
1,111.87,2.626,180.83,6.642,1832,73891.0,0,0
1,111.37,2.652,180.83,6.642,1832,73910.9,0,0
1,110.96,2.676,180.83,6.642,1832,73930.9,0,0
1,110.67,2.697,180.83,6.642,1832,73950.9,0,0
1,106.63,2.583,172.69,6.316,1807,73970.9,0,0
1,102.73,2.469,164.92,6.007,1832,73990.9,0,0
1,98.95,2.425,157.5,5.937,1807,74010.8,0,0
1,95.27,2.54,150.41,5.647,1832,74030.8,0,0
1,91.68,2.411,157.18,5.37,1857,74050.8,0,0
1,92.07,2.399,157.18,5.37,1857,74070.8,0,0
1,92.53,2.382,157.18,5.37,1857,74090.8,0,0
1,93.04,2.362,157.18,5.37,1857,74110.8,0,0
1,93.59,2.339,157.18,5.37,1857,74130.7,0,0
1,94.16,2.316,157.18,5.37,1857,74150.7,0,0
1,94.71,2.294,157.18,5.37,1857,74170.7,0,0
1,95.23,2.273,157.18,5.37,1857,74190.7,0,0
1,95.69,2.256,157.18,5.37,1857,74210.7,0,0
1,96.09,2.243,157.18,5.37,1857,74230.6,0,0
1,96.4,2.236,157.18,5.37,1857,74250.6,0,0
1,96.61,2.234,157.18,5.37,1857,74270.6,0,0
1,96.71,2.238,157.18,5.37,1857,74290.6,0,0
1,96.7,2.247,157.18,5.37,1857,74310.6,0,0
1,100.69,2.37,152.0,5.107,1832,74330.5,0,0
1,100.45,2.389,152.0,5.107,1832,74350.5,0,0
1,100.11,2.411,152.0,5.107,1832,74370.5,0,0
1,99.68,2.435,152.0,5.107,1832,74390.5,0,0
1,99.18,2.46,152.0,5.107,1832,74410.5,0,0
1,98.63,2.482,152.0,5.107,1832,74430.5,0,0
1,98.06,2.503,152.0,5.107,1832,74450.4,0,0
1,101.45,2.398,158.84,4.856,1807,74470.4,0,0
1,96.9,2.524,165.99,4.619,1782,74490.4,0,0
1,96.37,2.651,158.52,4.845,1807,74510.4,0,0
1,95.91,2.523,151.38,5.082,1832,74530.4,0,0
1,95.52,2.495,158.2,5.331,1857,74550.3,0,0
1,95.22,2.602,165.32,5.592,1863,74570.3,0,0
1,95.04,2.709,172.75,5.318,1888,74590.3,0,0
1,94.96,2.557,168.99,5.058,1872,74610.3,0,0
1,98.89,2.655,175.34,5.306,1897,74630.3,0,0
1,99.05,2.755,183.23,5.566,1872,74650.2,0,0
1,99.33,2.859,189.09,5.838,1847,74670.2,0,0
1,99.71,2.697,197.6,6.124,1822,74690.2,0,0
1,100.18,2.599,188.71,5.824,1797,74710.2,0,0
1,100.72,2.459,180.22,5.539,1772,74730.2,0,0
1,101.3,2.568,188.33,5.81,1797,74750.2,0,0
1,101.91,2.688,196.8,6.095,1822,74770.1,0,0
1,102.51,2.738,205.66,6.394,1847,74790.1,0,0
1,103.1,2.88,214.91,6.08,1822,74810.1,0,0
1,103.63,3.037,224.58,6.378,1847,74830.1,0,0
1,104.1,2.914,214.48,6.691,1872,74850.1,0,0
1,108.58,2.799,204.82,6.363,1897,74870.0,0,0
1,108.86,2.827,204.82,6.363,1897,74890.0,0,0
1,109.03,2.855,204.82,6.363,1897,74910.0,0,0
1,109.08,2.882,204.82,6.363,1897,74930.0,0,0
1,108.99,2.906,204.82,6.363,1897,74950.0,0,0
1,104.68,2.785,214.04,6.675,1872,74969.9,0,0
1,104.37,2.799,214.04,6.675,1872,74989.9,0,0
1,103.96,2.806,214.04,6.675,1872,75009.9,0,0
1,103.48,2.806,214.04,6.675,1872,75029.9,0,0
1,102.92,2.8,214.04,6.675,1872,75049.9,0,0
1,102.33,2.788,214.04,6.675,1872,75069.9,0,0
1,101.72,2.77,214.04,6.675,1872,75089.8,0,0
1,105.09,2.879,204.41,6.348,1897,75109.8,0,0
1,104.5,2.989,213.61,6.659,1872,75129.8,0,0
1,103.96,3.102,204.0,6.347,1893,75149.8,0,0
1,103.5,3.116,194.82,6.036,1868,75169.8,0,0
1,103.13,2.939,203.58,6.332,1893,75189.7,0,0
1,102.88,3.055,194.42,6.642,1918,75209.7,0,0
1,102.74,2.89,203.17,6.317,1943,75229.7,0,0
1,102.73,3.017,212.31,6.627,1968,75249.7,0,0
1,102.85,3.156,202.76,6.302,1943,75269.7,0,0
1,106.98,3.311,211.88,5.993,1918,75289.7,0,0
1,107.35,3.207,202.35,5.699,1916,75309.6,0,0
1,107.81,3.07,211.45,5.979,1941,75329.6,0,0
1,108.36,2.945,220.97,6.272,1966,75349.6,0,0
1,108.97,2.829,230.91,6.579,1941,75369.6,0,0
1,109.61,2.994,220.52,6.26,1916,75389.6,0,0
1,110.27,3.169,210.6,6.567,1891,75409.5,0,0
1,110.91,3.046,220.08,6.889,1916,75429.5,0,0
1,111.52,3.22,229.98,7.227,1891,75449.5,0,0
1,107.98,3.087,219.63,6.872,1916,75469.5,0,0
1,112.51,3.251,215.86,7.209,1891,75489.5,0,0
1,112.86,3.261,215.86,7.209,1891,75509.4,0,0
1,113.09,3.262,215.86,7.209,1891,75529.4,0,0
1,113.19,3.256,215.86,7.209,1891,75549.4,0,0
1,113.16,3.243,215.86,7.209,1891,75569.4,0,0
1,108.89,3.068,206.15,7.562,1866,75589.4,0,0
1,112.73,3.19,196.87,7.192,1891,75609.4,0,0
1,112.33,3.161,196.87,7.192,1891,75629.3,0,0
1,111.84,3.13,196.87,7.192,1891,75649.3,0,0
1,111.28,3.099,196.87,7.192,1891,75669.3,0,0
1,110.65,3.07,196.87,7.192,1891,75689.3,0,0
1,110.0,3.045,196.87,7.192,1891,75709.3,0,0
1,109.35,3.025,196.87,7.192,1891,75729.2,0,0
1,108.71,3.011,196.87,7.192,1891,75749.2,0,0
1,108.13,3.005,196.87,7.192,1891,75769.2,0,0
1,111.53,2.862,188.01,6.84,1916,75789.2,0,0
1,114.99,2.733,196.47,6.504,1941,75809.2,0,0
1,118.54,2.616,187.63,6.186,1966,75829.1,0,0
1,114.44,2.762,196.07,6.489,1991,75849.1,0,0
1,114.36,2.653,194.06,6.807,1966,75869.1,0,0
1,114.43,2.55,202.79,7.14,1941,75889.1,0,0
1,114.64,2.452,193.67,6.79,1966,75909.1,0,0
1,114.97,2.594,184.95,7.021,1991,75929.1,0,0
1,115.42,2.491,193.28,7.365,2016,75949.0,0,0
1,115.98,2.63,201.97,7.004,2041,75969.0,0,0
1,116.6,2.771,192.88,6.661,2016,75989.0,0,0
1,117.28,2.647,201.56,6.987,1991,76009.0,0,0
1,121.99,2.751,210.63,6.645,1966,76029.0,0,0
1,122.71,2.879,201.16,6.573,1991,76048.9,0,0
1,123.4,2.73,210.21,6.895,2016,76068.9,0,0
1,124.04,2.844,219.67,7.233,2041,76088.9,0,0
1,124.58,2.958,209.78,6.879,2016,76108.9,0,0
1,125.02,2.791,200.34,6.542,1991,76128.9,0,0
1,125.34,2.631,191.33,6.862,2016,76148.8,0,0
1,125.52,2.605,191.33,6.862,2016,76168.8,0,0
1,125.55,2.58,191.33,6.862,2016,76188.8,0,0
1,125.44,2.559,191.33,6.862,2016,76208.8,0,0
1,125.19,2.541,191.33,6.862,2016,76228.8,0,0
1,124.81,2.407,199.94,7.199,1991,76248.8,0,0
1,124.31,2.286,190.94,6.846,1966,76268.7,0,0
1,123.72,2.396,182.35,7.181,1991,76288.7,0,0
1,123.05,2.432,190.55,7.533,1966,76308.7,0,0
1,122.34,2.561,199.13,7.902,1991,76328.7,0,0
1,117.62,2.703,190.17,7.515,1966,76348.7,0,0
1,120.89,2.858,186.19,7.883,1941,76368.6,0,0
1,120.21,3.024,177.81,7.497,1916,76388.6,0,0
1,119.6,2.907,169.81,7.864,1891,76408.6,0,0
1,119.08,3.077,162.17,7.479,1866,76428.6,0,0
1,118.68,2.955,154.87,7.619,1891,76448.6,0,0
1,118.4,3.12,159.9,7.667,1916,76468.5,0,0
1,118.26,3.289,167.1,7.292,1891,76488.5,0,0
1,118.26,3.142,164.72,7.649,1868,76508.5,0,0
1,118.41,2.995,157.3,7.274,1843,76528.5,0,0
1,118.7,2.848,164.38,7.631,1818,76548.5,0,0
1,119.12,2.975,171.78,8.004,1843,76568.5,0,0
1,119.65,3.1,170.84,7.612,1818,76588.4,0,0
1,120.26,2.93,178.53,7.985,1793,76608.4,0,0
1,120.94,3.043,170.49,7.594,1818,76628.4,0,0
1,121.66,2.869,178.16,7.966,1843,76648.4,0,0
1,126.41,2.977,170.15,8.356,1868,76668.4,0,0
1,123.1,3.09,162.49,7.947,1893,76688.3,0,0
1,123.76,2.916,155.18,7.557,1868,76708.3,0,0
1,124.35,2.757,148.19,7.187,1843,76728.3,0,0
1,124.84,2.611,141.53,6.835,1818,76748.3,0,0
1,125.21,2.728,143.38,6.5,1821,76768.3,0,0
1,125.45,2.596,149.84,6.819,1846,76788.3,0,0
1,125.55,2.477,156.58,6.81,1871,76808.2,0,0
1,125.51,2.609,163.63,6.476,1846,76828.2,0,0
1,121.21,2.752,170.99,6.63,1821,76848.2,0,0
1,124.99,2.909,163.29,6.955,1796,76868.2,0,0
1,124.54,3.078,156.29,6.614,1771,76888.2,0,0
1,123.99,2.959,150.9,6.938,1796,76908.1,0,0
1,123.35,2.845,144.11,7.278,1821,76928.1,0,0
1,122.66,3.008,150.59,7.635,1825,76948.1,0,0
1,121.93,2.886,143.82,7.261,1800,76968.1,0,0
1,121.21,3.042,150.29,7.617,1797,76988.1,0,0
1,120.51,2.907,157.05,7.99,1822,77008.0,0,0
1,115.93,3.052,164.12,8.373,1847,77028.0,0,0
1,115.39,3.05,164.12,8.373,1847,77048.0,0,0
1,114.94,3.04,164.12,8.373,1847,77068.0,0,0
1,114.62,3.024,164.12,8.373,1847,77088.0,0,0
1,114.42,3.003,164.12,8.373,1847,77108.0,0,0
1,114.36,2.977,164.12,8.373,1847,77127.9,0,0
1,118.33,3.09,171.5,8.783,1872,77147.9,0,0
1,114.67,3.206,179.22,8.353,1897,77167.9,0,0
1,115.02,3.328,172.5,7.943,1872,77187.9,0,0
1,115.48,3.456,164.73,7.554,1847,77207.9,0,0
1,116.04,3.365,172.15,7.924,1872,77227.8,0,0
1,116.67,3.507,164.4,7.536,1897,77247.8,0,0
1,117.36,3.663,171.8,7.905,1872,77267.8,0,0
1,118.06,3.666,164.07,7.518,1897,77287.8,0,0
1,118.76,3.497,156.68,7.15,1872,77307.8,0,0
1,119.42,3.343,149.63,7.442,1847,77327.7,0,0
1,120.03,3.361,156.37,7.807,1822,77347.7,0,0
1,120.55,3.551,163.4,8.189,1847,77367.7,0,0
1,120.96,3.757,157.04,8.59,1872,77387.7,0,0
1,121.25,3.612,164.11,9.011,1897,77407.7,0,0
1,125.53,3.823,160.29,8.57,1872,77427.7,0,0
1,125.55,4.043,153.08,8.15,1897,77447.6,0,0
1,125.42,3.88,159.97,8.549,1872,77467.6,0,0
1,125.15,3.717,167.16,8.968,1897,77487.6,0,0
1,124.76,3.554,174.69,9.407,1872,77507.6,0,0
1,124.25,3.732,166.83,8.946,1897,77527.6,0,0
1,123.65,3.91,169.84,8.508,1872,77547.5,0,0
1,122.97,3.712,177.48,8.925,1847,77567.5,0,0
1,122.26,3.516,185.47,9.362,1822,77587.5,0,0
1,125.52,3.325,187.04,8.904,1797,77607.5,0,0
1,120.81,3.455,178.62,8.467,1822,77627.5,0,0
1,116.2,3.258,170.59,8.052,1847,77647.4,0,0
1,119.54,3.071,162.91,7.658,1822,77667.4,0,0
1,115.13,3.187,170.24,8.033,1797,77687.4,0,0
1,114.75,3.31,177.9,8.427,1822,77707.4,0,0
1,114.49,3.442,169.9,8.014,1797,77727.4,0,0
1,114.37,3.267,162.25,7.621,1822,77747.4,0,0
1,114.39,3.099,169.55,7.573,1847,77767.3,0,0
1,110.67,3.244,177.18,7.343,1822,77787.3,0,0
1,110.95,3.405,174.49,7.703,1797,77807.3,0,0
1,111.35,3.583,166.64,7.396,1822,77827.3,0,0
1,111.85,3.432,169.72,7.033,1847,77847.3,0,0
1,112.44,3.625,177.35,7.378,1822,77867.2,0,0
1,113.08,3.483,185.33,7.316,1847,77887.2,0,0
1,109.76,3.349,176.99,6.958,1862,77907.2,0,0
1,106.4,3.545,183.62,7.299,1887,77927.2,0,0
1,111.05,3.406,175.36,6.941,1912,77947.2,0,0
1,111.31,3.599,167.47,6.601,1887,77967.1,0,0
1,111.83,3.449,175.01,6.924,1912,77987.1,0,0
1,112.26,3.299,182.88,7.264,1887,78007.1,0,0
1,112.58,3.465,191.11,7.62,1892,78027.1,0,0
1,112.78,3.299,199.71,7.993,1917,78047.1,0,0
1,112.86,3.449,200.8,8.385,1918,78067.1,0,0
1,112.8,3.269,209.84,7.974,1943,78087.0,0,0
1,116.73,3.403,200.4,7.583,1968,78107.0,0,0
1,120.52,3.441,194.75,7.955,1993,78127.0,0,0
